# Synthetic disentangled spectrum for the MINATO SPAN tutorial.
# Generated from PoWR GAL-OB-Vd3 models 32-40 and 22-42; see provenance.json.
# wavelength_A normalised_flux marginal_flux_error_1sigma
3980.000000 0.99084338 0.00136032
3980.033190 0.99274786 0.00152280
3980.066380 0.99302707 0.00143388
3980.099570 0.99316407 0.00135822
3980.132761 0.99361653 0.00127182
3980.165952 0.99088497 0.00159526
3980.199143 0.99164814 0.00151082
3980.232334 0.99297387 0.00128712
3980.265526 0.99370489 0.00149851
3980.298718 0.98106505 0.00203439
3980.331910 0.98821616 0.00194579
3980.365103 0.98923374 0.00209764
3980.398295 0.98833248 0.00189920
3980.431489 0.98600298 0.00177757
3980.464682 0.98569262 0.00181518
3980.497876 0.98748073 0.00164645
3980.531069 0.98774841 0.00184548
3980.564264 0.98727673 0.00189218
3980.597458 0.98921052 0.00184448
3980.630653 0.98799505 0.00186739
3980.663848 0.98689674 0.00185541
3980.697043 0.99052679 0.00193914
3980.730239 0.98762017 0.00209560
3980.763435 0.98067979 0.00290046
3980.796631 0.97836717 0.00256012
3980.829827 0.97567211 0.00284911
3980.863024 0.98052863 0.00239648
3980.896221 0.97981216 0.00311671
3980.929418 0.97808629 0.00290849
3980.962616 0.97829062 0.00319379
3980.995813 0.97273588 0.00299132
3981.029011 0.97408789 0.00324391
3981.062210 0.98135383 0.00308904
3981.095408 0.97689857 0.00269557
3981.128607 0.98213713 0.00301073
3981.161807 0.97828232 0.00291809
3981.195006 0.98000267 0.00327138
3981.228206 0.97961179 0.00259636
3981.261406 0.98083985 0.00293527
3981.294606 0.97808126 0.00306799
3981.327807 0.97647748 0.00298968
3981.361007 0.97833072 0.00268288
3981.394208 0.98071851 0.00307262
3981.427410 0.97588931 0.00308703
3981.460612 0.98033321 0.00351605
3981.493814 0.98143771 0.00309529
3981.527016 0.97867712 0.00313350
3981.560218 0.97984062 0.00280286
3981.593421 0.97898937 0.00315264
3981.626624 0.97805956 0.00309352
3981.659827 0.97429497 0.00273934
3981.693031 0.97906674 0.00313876
3981.726235 0.97802769 0.00320914
3981.759439 0.97770482 0.00334485
3981.792643 0.97673349 0.00322447
3981.825848 0.97082955 0.00308253
3981.859053 0.96960041 0.00280983
3981.892258 0.97135763 0.00289559
3981.925464 0.97439447 0.00313608
3981.958670 0.96663781 0.00276743
3981.991876 0.96655435 0.00308580
3982.025082 0.97002770 0.00306338
3982.058289 0.97212084 0.00290570
3982.091496 0.96466825 0.00333088
3982.124703 0.96718592 0.00310660
3982.157911 0.96792123 0.00290494
3982.191118 0.96795235 0.00332796
3982.224326 0.97004509 0.00314102
3982.257535 0.95823492 0.00329941
3982.290743 0.96648523 0.00331017
3982.323952 0.96636724 0.00324837
3982.357161 0.95858486 0.00328082
3982.390371 0.96041197 0.00333110
3982.423580 0.96050336 0.00325804
3982.456790 0.96703295 0.00293281
3982.490001 0.95826600 0.00320191
3982.523211 0.95894463 0.00340143
3982.556422 0.96441893 0.00313435
3982.589633 0.96517505 0.00290911
3982.622844 0.95992367 0.00372106
3982.656056 0.96310086 0.00332656
3982.689268 0.96602785 0.00312641
3982.722480 0.96950233 0.00331904
3982.755693 0.96350992 0.00285743
3982.788905 0.96667940 0.00260382
3982.822118 0.96820859 0.00299444
3982.855332 0.96184905 0.00317334
3982.888545 0.96213492 0.00290971
3982.921759 0.96092119 0.00311571
3982.954973 0.96978074 0.00326104
3982.988188 0.96486097 0.00322210
3983.021402 0.96708556 0.00299376
3983.054617 0.96849198 0.00339959
3983.087833 0.96468771 0.00340645
3983.121048 0.96704695 0.00338069
3983.154264 0.96673023 0.00352140
3983.187480 0.96900645 0.00332660
3983.220696 0.96681586 0.00313267
3983.253913 0.96755494 0.00342305
3983.287130 0.96976450 0.00321743
3983.320347 0.97067308 0.00301675
3983.353564 0.97417436 0.00276754
3983.386782 0.97784783 0.00343845
3983.420000 0.97629957 0.00357560
3983.453218 0.97809543 0.00318134
3983.486437 0.97788627 0.00343953
3983.519656 0.97935388 0.00355054
3983.552875 0.97946239 0.00358435
3983.586094 0.98022078 0.00367029
3983.619314 0.98024626 0.00338649
3983.652534 0.98212369 0.00308656
3983.685754 0.98260410 0.00317788
3983.718975 0.98444853 0.00278601
3983.752196 0.98220688 0.00301006
3983.785417 0.98293831 0.00310491
3983.818638 0.98714332 0.00338592
3983.851860 0.99145884 0.00354521
3983.885081 0.99288975 0.00314943
3983.918304 0.98794945 0.00327241
3983.951526 0.98658186 0.00297843
3983.984749 0.98756684 0.00329745
3984.017972 0.98356290 0.00314944
3984.051195 0.98289188 0.00319138
3984.084419 0.98531364 0.00337212
3984.117642 0.98564833 0.00285598
3984.150866 0.98856882 0.00330105
3984.184091 0.99393702 0.00313044
3984.217316 0.98919571 0.00320126
3984.250540 0.98732840 0.00291124
3984.283766 0.98478140 0.00316889
3984.316991 0.98213525 0.00331758
3984.350217 0.98557000 0.00275205
3984.383443 0.98160990 0.00309123
3984.416669 0.98658168 0.00308757
3984.449896 0.98781749 0.00328280
3984.483123 0.99280030 0.00333147
3984.516350 0.99592998 0.00304470
3984.549577 0.99361210 0.00312893
3984.582805 0.98849721 0.00328782
3984.616033 0.98953174 0.00348728
3984.649261 0.98661672 0.00324225
3984.682490 0.98614972 0.00311503
3984.715719 0.99236286 0.00313665
3984.748948 0.99056533 0.00285058
3984.782177 0.99300251 0.00320841
3984.815407 0.98950603 0.00330934
3984.848637 0.99128004 0.00304757
3984.881867 0.98941628 0.00329520
3984.915097 0.99413308 0.00308131
3984.948328 0.99100539 0.00322390
3984.981559 0.98847194 0.00308190
3985.014790 0.99599942 0.00332597
3985.048022 0.99243096 0.00319888
3985.081254 0.99011986 0.00324400
3985.114486 0.99415768 0.00305338
3985.147718 0.99164189 0.00300006
3985.180951 0.99544924 0.00338756
3985.214184 0.99489987 0.00280528
3985.247417 0.98788128 0.00305821
3985.280651 0.99110916 0.00307667
3985.313885 0.99430610 0.00329980
3985.347119 0.99031530 0.00298255
3985.380353 0.98365941 0.00340992
3985.413588 0.99281922 0.00336080
3985.446823 0.99729264 0.00352870
3985.480058 0.99551032 0.00318329
3985.513293 0.99424739 0.00350076
3985.546529 0.99334065 0.00345454
3985.579765 0.98849404 0.00295075
3985.613001 0.98745155 0.00313459
3985.646238 0.99524637 0.00384572
3985.679475 0.99963961 0.00339399
3985.712712 0.99372509 0.00331229
3985.745949 0.99216719 0.00347430
3985.779187 0.99411613 0.00340192
3985.812425 0.99154864 0.00333251
3985.845663 0.99819194 0.00334627
3985.878902 0.99496549 0.00361770
3985.912140 0.99192980 0.00338115
3985.945380 0.98848570 0.00321788
3985.978619 0.99104931 0.00317761
3986.011859 0.99284763 0.00287716
3986.045098 0.99329631 0.00338622
3986.078339 0.99233517 0.00319973
3986.111579 0.98829651 0.00325835
3986.144820 0.98819585 0.00322272
3986.178061 0.99276637 0.00348561
3986.211302 0.99172993 0.00341746
3986.244544 0.99083013 0.00292601
3986.277785 0.99560615 0.00332248
3986.311028 0.99288571 0.00313724
3986.344270 0.99497206 0.00352492
3986.377513 0.99229309 0.00366123
3986.410756 0.99227652 0.00341360
3986.443999 0.99245802 0.00351954
3986.477242 0.99615468 0.00332819
3986.510486 0.99723073 0.00285445
3986.543730 0.99404513 0.00338295
3986.576975 0.99707234 0.00330339
3986.610219 0.99439784 0.00304970
3986.643464 0.99369603 0.00331957
3986.676709 0.99346143 0.00343007
3986.709955 0.99462177 0.00323367
3986.743200 0.99433072 0.00338089
3986.776446 0.99100257 0.00330955
3986.809693 0.99283024 0.00329564
3986.842939 0.99517391 0.00334440
3986.876186 0.99344120 0.00347327
3986.909433 0.98961861 0.00318256
3986.942680 0.98422895 0.00315971
3986.975928 0.99170162 0.00302026
3987.009176 0.99569080 0.00292741
3987.042424 0.99756381 0.00341674
3987.075673 0.99396976 0.00323700
3987.108922 0.99426947 0.00374185
3987.142171 0.99318944 0.00323780
3987.175420 0.99216065 0.00311499
3987.208670 0.99251694 0.00275270
3987.241919 0.98753909 0.00318929
3987.275170 0.99088576 0.00341820
3987.308420 0.99135224 0.00277258
3987.341671 0.99804725 0.00306582
3987.374922 0.99471874 0.00335936
3987.408173 0.99640521 0.00325994
3987.441425 0.99415388 0.00392205
3987.474676 0.99338945 0.00327578
3987.507928 0.98817938 0.00319778
3987.541181 0.98664608 0.00335293
3987.574433 0.99153665 0.00340035
3987.607686 0.98716965 0.00293321
3987.640940 0.99026905 0.00322968
3987.674193 0.99120389 0.00320034
3987.707447 1.00422431 0.00308347
3987.740701 0.99937310 0.00301919
3987.773955 0.99571001 0.00325662
3987.807210 0.99306379 0.00337229
3987.840465 0.99260701 0.00342889
3987.873720 0.99621468 0.00306263
3987.906975 0.99494270 0.00290275
3987.940231 0.99452596 0.00347013
3987.973487 0.99243973 0.00346679
3988.006743 0.99397378 0.00318507
3988.040000 0.99157000 0.00282570
3988.073257 0.99468877 0.00346070
3988.106514 0.99233147 0.00331033
3988.139771 0.99021154 0.00340549
3988.173029 0.99365442 0.00356398
3988.206287 0.99266051 0.00307977
3988.239545 0.99012662 0.00316179
3988.272803 0.99432610 0.00328012
3988.306062 0.99164432 0.00292856
3988.339321 0.99515192 0.00269748
3988.372580 0.99450266 0.00363629
3988.405840 0.99286097 0.00340454
3988.439100 0.99302749 0.00310343
3988.472360 0.99641602 0.00294223
3988.505620 0.99713043 0.00331084
3988.538881 0.99773665 0.00348485
3988.572142 0.99652873 0.00323899
3988.605403 0.99385410 0.00303031
3988.638665 0.99298331 0.00318203
3988.671927 0.99040080 0.00316554
3988.705189 0.99660807 0.00334932
3988.738451 0.99784323 0.00289665
3988.771714 0.99581136 0.00305311
3988.804977 1.00022672 0.00324565
3988.838240 0.99337401 0.00347769
3988.871503 0.99610678 0.00353982
3988.904767 0.99602795 0.00336983
3988.938031 0.99992805 0.00314936
3988.971295 0.99450436 0.00360318
3989.004560 0.99207904 0.00368760
3989.037825 0.99438523 0.00364213
3989.071090 0.99694412 0.00260853
3989.104355 0.99816945 0.00357462
3989.137621 0.99624158 0.00330310
3989.170887 0.99303641 0.00325407
3989.204153 0.98967295 0.00359346
3989.237420 0.99052762 0.00305881
3989.270687 0.98977104 0.00346606
3989.303954 0.99975362 0.00319221
3989.337221 0.99271663 0.00315028
3989.370489 0.99068833 0.00317758
3989.403756 0.99151725 0.00318397
3989.437025 0.99644718 0.00302950
3989.470293 0.99622278 0.00283211
3989.503562 0.99782269 0.00332032
3989.536831 0.99306709 0.00294724
3989.570100 0.99338607 0.00346346
3989.603370 0.99892522 0.00327154
3989.636640 0.99576902 0.00347469
3989.669910 1.00186147 0.00304732
3989.703180 0.99787359 0.00332111
3989.736451 0.99583448 0.00300595
3989.769722 0.99635780 0.00283720
3989.802993 0.99402759 0.00330197
3989.836265 0.99102945 0.00329850
3989.869536 0.99213979 0.00331313
3989.902808 0.99322351 0.00317060
3989.936081 0.99620308 0.00363699
3989.969353 0.99553252 0.00330598
3990.002626 0.99767586 0.00347439
3990.035899 0.99405589 0.00335746
3990.069173 0.99381654 0.00292467
3990.102447 0.99664644 0.00293308
3990.135721 0.99436580 0.00329863
3990.168995 0.99117131 0.00301013
3990.202269 0.99931373 0.00331041
3990.235544 0.99507413 0.00335933
3990.268819 0.99274977 0.00291650
3990.302095 0.99345478 0.00338057
3990.335371 1.00001824 0.00351942
3990.368646 0.99955317 0.00321417
3990.401923 0.99319949 0.00324586
3990.435199 0.99340831 0.00315259
3990.468476 0.99687291 0.00326875
3990.501753 0.99591522 0.00350552
3990.535030 0.99610947 0.00366884
3990.568308 0.99928198 0.00346155
3990.601586 0.99514706 0.00349159
3990.634864 0.99955024 0.00332483
3990.668143 0.99968863 0.00328228
3990.701421 0.99918985 0.00339912
3990.734700 0.99565145 0.00290909
3990.767980 0.99827495 0.00314367
3990.801259 0.99398749 0.00309311
3990.834539 0.99501793 0.00321825
3990.867819 0.99277838 0.00304597
3990.901099 0.99594416 0.00297756
3990.934380 0.99448118 0.00366589
3990.967661 0.99640591 0.00343267
3991.000942 1.00126576 0.00312507
3991.034224 0.99409478 0.00320101
3991.067506 1.00451720 0.00315390
3991.100788 0.99536131 0.00357067
3991.134070 0.99508889 0.00260742
3991.167353 0.99697248 0.00305195
3991.200636 0.99928974 0.00349434
3991.233919 0.98930887 0.00269236
3991.267202 0.99069192 0.00258632
3991.300486 0.99567832 0.00330570
3991.333770 0.99984441 0.00294634
3991.367054 0.99718372 0.00338343
3991.400339 0.99456072 0.00330316
3991.433624 0.99352197 0.00321119
3991.466909 0.99257550 0.00315663
3991.500194 0.99265275 0.00318562
3991.533480 0.99402109 0.00320490
3991.566766 0.98833798 0.00334648
3991.600052 0.99172437 0.00336040
3991.633338 0.99794423 0.00376090
3991.666625 0.99927645 0.00315028
3991.699912 1.00306584 0.00304251
3991.733200 0.99944475 0.00300494
3991.766487 0.99624453 0.00308051
3991.799775 0.99589200 0.00335378
3991.833063 0.99613165 0.00362520
3991.866352 0.99051476 0.00366504
3991.899640 0.99400715 0.00293407
3991.932929 0.99787193 0.00308185
3991.966219 0.99473980 0.00309705
3991.999508 0.99190969 0.00341081
3992.032798 0.99214591 0.00349086
3992.066088 0.99427886 0.00265983
3992.099379 0.99407375 0.00292768
3992.132669 0.99745354 0.00320561
3992.165960 0.99133792 0.00330380
3992.199251 0.99551969 0.00326199
3992.232543 0.99470533 0.00316633
3992.265835 0.99481398 0.00297456
3992.299127 0.99848514 0.00348831
3992.332419 0.99173979 0.00337385
3992.365712 0.99208200 0.00343733
3992.399005 0.99532679 0.00308030
3992.432298 1.00450961 0.00264255
3992.465591 0.98900038 0.00300737
3992.498885 0.98894404 0.00332628
3992.532179 0.99585199 0.00325103
3992.565473 0.99461896 0.00320905
3992.598768 0.99712803 0.00305966
3992.632062 1.00011710 0.00353728
3992.665358 0.99574647 0.00315983
3992.698653 0.99184300 0.00322283
3992.731949 0.99326493 0.00350004
3992.765245 0.99832605 0.00307315
3992.798541 1.00194145 0.00290854
3992.831837 0.99789653 0.00302771
3992.865134 0.99430934 0.00324349
3992.898431 1.00406084 0.00300040
3992.931728 0.99685653 0.00299385
3992.965026 0.99728156 0.00350921
3992.998324 0.99528602 0.00321329
3993.031622 0.99140019 0.00323445
3993.064921 0.99993252 0.00331132
3993.098219 0.99825685 0.00352225
3993.131518 0.99308275 0.00299113
3993.164818 0.99872385 0.00334025
3993.198117 0.99919478 0.00320361
3993.231417 1.00097692 0.00331361
3993.264717 0.99888687 0.00336686
3993.298017 0.99700714 0.00345838
3993.331318 0.99288516 0.00313175
3993.364619 0.99756938 0.00344317
3993.397920 0.99492988 0.00341669
3993.431222 1.00214338 0.00334732
3993.464523 0.99634245 0.00308333
3993.497825 0.99795182 0.00318072
3993.531128 0.99730807 0.00312447
3993.564430 0.99608354 0.00306192
3993.597733 0.99393576 0.00288998
3993.631036 0.99503945 0.00311202
3993.664340 0.98925596 0.00315182
3993.697644 0.98934612 0.00308521
3993.730948 0.99089456 0.00306880
3993.764252 0.99364732 0.00351038
3993.797556 0.99698562 0.00308812
3993.830861 1.00113830 0.00327775
3993.864166 0.99834830 0.00330062
3993.897472 0.99474022 0.00318085
3993.930777 0.99193678 0.00323858
3993.964083 0.99277477 0.00362620
3993.997390 0.99100909 0.00350830
3994.030696 0.99031983 0.00303876
3994.064003 0.99399800 0.00330726
3994.097310 0.99009866 0.00293772
3994.130617 0.98807283 0.00314368
3994.163925 0.98446216 0.00308431
3994.197233 0.98352981 0.00353082
3994.230541 0.98036601 0.00347571
3994.263849 0.98129807 0.00322802
3994.297158 0.97663459 0.00326297
3994.330467 0.97867118 0.00317406
3994.363776 0.98153874 0.00363421
3994.397086 0.98141003 0.00298088
3994.430396 0.98060150 0.00326172
3994.463706 0.97643668 0.00299222
3994.497016 0.97428609 0.00300789
3994.530327 0.96978730 0.00369453
3994.563638 0.97662216 0.00330355
3994.596949 0.97396348 0.00308650
3994.630260 0.97336587 0.00296017
3994.663572 0.96907303 0.00280501
3994.696884 0.97381682 0.00304909
3994.730197 0.97157665 0.00304453
3994.763509 0.97287778 0.00342687
3994.796822 0.97076200 0.00328124
3994.830135 0.97519159 0.00338918
3994.863449 0.97293097 0.00350763
3994.896762 0.96832745 0.00342341
3994.930076 0.97709495 0.00339021
3994.963391 0.96985689 0.00401658
3994.996705 0.96921050 0.00301612
3995.030020 0.96898652 0.00335171
3995.063335 0.97075600 0.00341070
3995.096650 0.97091921 0.00308525
3995.129966 0.97228223 0.00306717
3995.163282 0.96512757 0.00302616
3995.196598 0.96930795 0.00293753
3995.229915 0.96732976 0.00312932
3995.263232 0.97081961 0.00341135
3995.296549 0.97584911 0.00322029
3995.329866 0.97841910 0.00337435
3995.363183 0.97695846 0.00340760
3995.396501 0.96926403 0.00348229
3995.429820 0.97222527 0.00328897
3995.463138 0.97055345 0.00293373
3995.496457 0.97546266 0.00334934
3995.529776 0.98220548 0.00299468
3995.563095 0.97581383 0.00303690
3995.596414 0.97342836 0.00377833
3995.629734 0.98234206 0.00340593
3995.663054 0.97746404 0.00334290
3995.696375 0.97392497 0.00350924
3995.729695 0.98005233 0.00360279
3995.763016 0.98265702 0.00330792
3995.796338 0.98339016 0.00318348
3995.829659 0.98249061 0.00312424
3995.862981 0.98114180 0.00330040
3995.896303 0.99091232 0.00296813
3995.929625 0.98631986 0.00331452
3995.962948 0.99649047 0.00285583
3995.996271 0.99331146 0.00327698
3996.029594 0.99174019 0.00337078
3996.062917 0.99784464 0.00355808
3996.096241 0.98900036 0.00340375
3996.129565 0.99607609 0.00293457
3996.162889 0.99770592 0.00303855
3996.196214 0.99409758 0.00359798
3996.229539 0.99845955 0.00321948
3996.262864 1.00197539 0.00344120
3996.296189 1.00043061 0.00320985
3996.329515 0.99673273 0.00325646
3996.362841 0.99730251 0.00307282
3996.396167 0.99403800 0.00335410
3996.429494 0.99476830 0.00312377
3996.462820 0.99256492 0.00320137
3996.496147 0.99442801 0.00341243
3996.529475 0.99756231 0.00348377
3996.562802 0.99840610 0.00337181
3996.596130 0.99551539 0.00395315
3996.629458 0.99620701 0.00368228
3996.662787 0.99645112 0.00296870
3996.696115 0.99408475 0.00299517
3996.729444 0.99747205 0.00351146
3996.762774 0.98977239 0.00368200
3996.796103 0.99170102 0.00306146
3996.829433 0.99471056 0.00358675
3996.862763 0.99888406 0.00345024
3996.896094 0.99975360 0.00319126
3996.929424 0.99768205 0.00340526
3996.962755 1.00295792 0.00356309
3996.996086 0.99960977 0.00359359
3997.029418 0.99680199 0.00316595
3997.062750 0.99555544 0.00323779
3997.096082 0.99314772 0.00323735
3997.129414 0.98956297 0.00360818
3997.162747 0.99222377 0.00341934
3997.196080 0.99519879 0.00350715
3997.229413 0.99560702 0.00301914
3997.262746 0.99545596 0.00342408
3997.296080 0.99979981 0.00319564
3997.329414 0.99992545 0.00353347
3997.362748 0.99042333 0.00348991
3997.396083 0.99548842 0.00313185
3997.429418 0.99856621 0.00295123
3997.462753 0.99695230 0.00293850
3997.496088 0.99540840 0.00337040
3997.529424 0.99512362 0.00340970
3997.562760 0.99295275 0.00324262
3997.596096 0.99130421 0.00316645
3997.629432 0.99111502 0.00326400
3997.662769 0.99092817 0.00317807
3997.696106 0.99171114 0.00365326
3997.729444 0.99688479 0.00356484
3997.762781 0.99791173 0.00272739
3997.796119 0.98918463 0.00316719
3997.829457 0.99009933 0.00315623
3997.862796 0.99161204 0.00313638
3997.896135 0.98541250 0.00340959
3997.929474 0.99152353 0.00352942
3997.962813 0.99134792 0.00324982
3997.996152 0.98345027 0.00313701
3998.029492 0.98415551 0.00329118
3998.062832 0.98392139 0.00304633
3998.096173 0.98659837 0.00320233
3998.129513 0.98718153 0.00321716
3998.162854 0.98907013 0.00353054
3998.196196 0.98497537 0.00341091
3998.229537 0.98511189 0.00373722
3998.262879 0.98263948 0.00323981
3998.296221 0.97548523 0.00359135
3998.329563 0.98564533 0.00311350
3998.362906 0.97968042 0.00305330
3998.396249 0.98129342 0.00303649
3998.429592 0.98274309 0.00329726
3998.462935 0.97552643 0.00295249
3998.496279 0.98101169 0.00274288
3998.529623 0.98173696 0.00299926
3998.562967 0.98455415 0.00307179
3998.596312 0.98451886 0.00374284
3998.629657 0.98200615 0.00331142
3998.663002 0.98573227 0.00284242
3998.696347 0.98508074 0.00367979
3998.729693 0.97995866 0.00356611
3998.763039 0.97029652 0.00341536
3998.796385 0.97832834 0.00362400
3998.829732 0.98317942 0.00315792
3998.863079 0.98547597 0.00396718
3998.896426 0.98148715 0.00328698
3998.929773 0.98389487 0.00321913
3998.963121 0.98395872 0.00276148
3998.996468 0.98262585 0.00326464
3999.029817 0.97988162 0.00374016
3999.063165 0.97954650 0.00312998
3999.096514 0.97897831 0.00336447
3999.129863 0.98564589 0.00279382
3999.163212 0.98579688 0.00322323
3999.196562 0.98689473 0.00350597
3999.229912 0.98083436 0.00353215
3999.263262 0.98422196 0.00361901
3999.296612 0.98378249 0.00358733
3999.329963 0.98701175 0.00367352
3999.363314 0.98204594 0.00308450
3999.396665 0.98735601 0.00309779
3999.430016 0.99485949 0.00363308
3999.463368 0.99057881 0.00299183
3999.496720 0.99002038 0.00288364
3999.530073 0.99433237 0.00315667
3999.563425 0.98926367 0.00321117
3999.596778 0.99393771 0.00351914
3999.630131 0.99664665 0.00296464
3999.663485 0.98967038 0.00327841
3999.696839 0.98651633 0.00327104
3999.730193 0.99076880 0.00335429
3999.763547 0.99150107 0.00298383
3999.796902 0.99339292 0.00331126
3999.830256 0.99802217 0.00332953
3999.863612 0.99561873 0.00306374
3999.896967 1.00072684 0.00326580
3999.930323 0.99750771 0.00349401
3999.963679 0.99250078 0.00323538
3999.997035 0.99545123 0.00326323
4000.030391 0.99637359 0.00299666
4000.063748 0.99596796 0.00319269
4000.097105 0.99384889 0.00331975
4000.130463 0.99312910 0.00292085
4000.163820 0.98817234 0.00284632
4000.197178 0.99032182 0.00335149
4000.230536 0.99045741 0.00317750
4000.263895 0.99301159 0.00372584
4000.297254 0.99764623 0.00345522
4000.330613 0.99808505 0.00317979
4000.363972 0.99223353 0.00304128
4000.397331 0.99441000 0.00382320
4000.430691 0.99606205 0.00322986
4000.464051 0.99958390 0.00315283
4000.497412 0.99436112 0.00313026
4000.530773 0.99329646 0.00375961
4000.564134 0.99603679 0.00303414
4000.597495 0.99709632 0.00287273
4000.630856 0.99681314 0.00346429
4000.664218 0.99626667 0.00343828
4000.697580 0.99188567 0.00331901
4000.730943 0.99035765 0.00319362
4000.764305 0.98862209 0.00349318
4000.797668 0.99005186 0.00329357
4000.831031 0.98869710 0.00319844
4000.864395 0.99301174 0.00373830
4000.897759 1.00137747 0.00306170
4000.931123 1.00208735 0.00302718
4000.964487 0.99225204 0.00329575
4000.997852 0.99459199 0.00337005
4001.031216 0.99753587 0.00345852
4001.064582 0.99057365 0.00367925
4001.097947 0.99504960 0.00332743
4001.131313 0.99711003 0.00379923
4001.164679 0.99157329 0.00389686
4001.198045 0.99265552 0.00331452
4001.231411 0.99447058 0.00351626
4001.264778 0.99624347 0.00332236
4001.298145 0.98886623 0.00307841
4001.331513 0.99425625 0.00306722
4001.364880 0.99248854 0.00312880
4001.398248 0.99126362 0.00308151
4001.431617 0.99512853 0.00329202
4001.464985 0.99607370 0.00303303
4001.498354 0.99994933 0.00326544
4001.531723 0.99878871 0.00332536
4001.565092 0.99684775 0.00336163
4001.598462 0.99677091 0.00311539
4001.631832 0.99008144 0.00318507
4001.665202 0.98971383 0.00297635
4001.698572 0.99209673 0.00290861
4001.731943 0.99373429 0.00334354
4001.765314 0.99388725 0.00338373
4001.798685 0.99536150 0.00319294
4001.832057 0.99776070 0.00272010
4001.865429 0.99134579 0.00329017
4001.898801 0.99792887 0.00327788
4001.932173 0.99790976 0.00306857
4001.965546 0.99669271 0.00285374
4001.998919 0.99884830 0.00328839
4002.032292 1.00003141 0.00329163
4002.065665 0.99763541 0.00325598
4002.099039 0.99361746 0.00332358
4002.132413 0.99652281 0.00337432
4002.165788 0.99943026 0.00301659
4002.199162 0.99766155 0.00319169
4002.232537 0.99620691 0.00324910
4002.265912 0.99981337 0.00352358
4002.299288 0.99705322 0.00336562
4002.332663 0.99859492 0.00307782
4002.366039 1.00010267 0.00302925
4002.399416 0.99648733 0.00307601
4002.432792 0.99483769 0.00328510
4002.466169 0.99430031 0.00343880
4002.499546 0.99411018 0.00319574
4002.532924 0.98894261 0.00321196
4002.566301 0.98631829 0.00344285
4002.599679 0.98750886 0.00309091
4002.633057 0.98928602 0.00309302
4002.666436 0.99162830 0.00329666
4002.699815 0.99263615 0.00375252
4002.733194 0.98813251 0.00392827
4002.766573 0.98535682 0.00327164
4002.799953 0.97998215 0.00319260
4002.833333 0.98553827 0.00342335
4002.866713 0.98333480 0.00278174
4002.900093 0.98343997 0.00291750
4002.933474 0.98430700 0.00407400
4002.966855 0.98477139 0.00362308
4003.000236 0.98389555 0.00341448
4003.033618 0.98262058 0.00348420
4003.067000 0.98597018 0.00346219
4003.100382 0.97832084 0.00329994
4003.133764 0.97559167 0.00340826
4003.167147 0.97311747 0.00292407
4003.200530 0.97879964 0.00354202
4003.233913 0.97345068 0.00339269
4003.267297 0.97624254 0.00340363
4003.300680 0.97656403 0.00335675
4003.334065 0.97516591 0.00306839
4003.367449 0.97722562 0.00323200
4003.400833 0.97929146 0.00321228
4003.434218 0.97608832 0.00339980
4003.467604 0.97715191 0.00355945
4003.500989 0.97751510 0.00323749
4003.534375 0.97698235 0.00353550
4003.567761 0.97840043 0.00342717
4003.601147 0.97445823 0.00342433
4003.634534 0.97370756 0.00299739
4003.667921 0.96941687 0.00336786
4003.701308 0.97175024 0.00355846
4003.734695 0.97510557 0.00362942
4003.768083 0.97588202 0.00329615
4003.801471 0.97544620 0.00316959
4003.834859 0.97705684 0.00275650
4003.868248 0.97483562 0.00289142
4003.901636 0.97973168 0.00346119
4003.935025 0.98092190 0.00364196
4003.968415 0.97797852 0.00335533
4004.001804 0.97998665 0.00325162
4004.035194 0.98243331 0.00327446
4004.068585 0.97759382 0.00322982
4004.101975 0.98332068 0.00329968
4004.135366 0.98184567 0.00342180
4004.168757 0.98301409 0.00337465
4004.202148 0.98491805 0.00335352
4004.235540 0.98568022 0.00304027
4004.268932 0.98214047 0.00334987
4004.302324 0.98310278 0.00327995
4004.335716 0.97679172 0.00278469
4004.369109 0.98006476 0.00321459
4004.402502 0.98563342 0.00320396
4004.435895 0.98367745 0.00354895
4004.469289 0.98301040 0.00328758
4004.502682 0.98217419 0.00347992
4004.536077 0.99276090 0.00362158
4004.569471 0.99168222 0.00326833
4004.602866 0.98359038 0.00349213
4004.636261 0.98580522 0.00292432
4004.669656 0.99074916 0.00344670
4004.703051 0.99184065 0.00358295
4004.736447 0.98633060 0.00352117
4004.769843 0.99365819 0.00349681
4004.803239 0.98892440 0.00318869
4004.836636 0.98323462 0.00333461
4004.870033 0.98555721 0.00311373
4004.903430 0.98465312 0.00348333
4004.936827 0.98194638 0.00302359
4004.970225 0.98557517 0.00311097
4005.003623 0.99248902 0.00310256
4005.037021 0.98864738 0.00333712
4005.070420 0.98795778 0.00333112
4005.103819 0.98839055 0.00272826
4005.137218 0.99019029 0.00317968
4005.170617 0.99087687 0.00310955
4005.204017 0.98885916 0.00353002
4005.237417 0.98692958 0.00376285
4005.270817 0.98806512 0.00325119
4005.304218 0.98852169 0.00338778
4005.337618 0.99466216 0.00317025
4005.371020 0.98673584 0.00358183
4005.404421 0.98652514 0.00357102
4005.437822 0.98716516 0.00343083
4005.471224 0.99467874 0.00317058
4005.504627 0.99176301 0.00296863
4005.538029 0.98891733 0.00359826
4005.571432 0.98335220 0.00337769
4005.604835 0.98879629 0.00320197
4005.638238 0.99221765 0.00340541
4005.671642 0.99078584 0.00300978
4005.705045 0.99110732 0.00316958
4005.738450 0.98839748 0.00322227
4005.771854 0.98956058 0.00363873
4005.805259 0.98701115 0.00302238
4005.838664 0.98968346 0.00337496
4005.872069 0.99195417 0.00346941
4005.905474 0.98897321 0.00321627
4005.938880 0.98655396 0.00289599
4005.972286 0.99413103 0.00294964
4006.005693 0.99062304 0.00332598
4006.039099 0.99337850 0.00343410
4006.072506 0.99219950 0.00337252
4006.105913 0.99773035 0.00283912
4006.139321 0.99613236 0.00351260
4006.172729 0.99633467 0.00286104
4006.206137 0.99229145 0.00296965
4006.239545 0.99316054 0.00358669
4006.272953 0.99543189 0.00377509
4006.306362 0.99899535 0.00363405
4006.339771 0.99785048 0.00316778
4006.373181 0.99881571 0.00319370
4006.406591 0.99552171 0.00305733
4006.440001 0.99922185 0.00328785
4006.473411 0.99243911 0.00309748
4006.506821 0.98971598 0.00291633
4006.540232 0.99703484 0.00310112
4006.573643 0.99648953 0.00352835
4006.607055 0.99533358 0.00304037
4006.640466 0.99190057 0.00310798
4006.673878 0.98831003 0.00291200
4006.707290 0.99309080 0.00378302
4006.740703 0.98974649 0.00315712
4006.774116 0.99386752 0.00322704
4006.807529 1.00037018 0.00278567
4006.840942 0.99955999 0.00325536
4006.874356 0.99331116 0.00370668
4006.907769 0.99633161 0.00369587
4006.941184 0.99964957 0.00278355
4006.974598 0.99815952 0.00371372
4007.008013 0.99822966 0.00338418
4007.041428 0.99158436 0.00344656
4007.074843 0.99435432 0.00330265
4007.108258 0.98649114 0.00351932
4007.141674 0.99194866 0.00321849
4007.175090 0.99057302 0.00320591
4007.208507 0.99500077 0.00323101
4007.241923 0.99875107 0.00328255
4007.275340 0.99534996 0.00340171
4007.308758 0.99836206 0.00296603
4007.342175 0.99656735 0.00313891
4007.375593 0.99147477 0.00324244
4007.409011 0.99304115 0.00338227
4007.442429 0.99015027 0.00375453
4007.475848 0.99216198 0.00343228
4007.509267 0.99389143 0.00359835
4007.542686 0.99362934 0.00317917
4007.576105 0.99233909 0.00325213
4007.609525 0.98490856 0.00325968
4007.642945 0.99528411 0.00302193
4007.676365 0.98688692 0.00363630
4007.709786 0.98685681 0.00384247
4007.743207 0.98414741 0.00337889
4007.776628 0.98831970 0.00362610
4007.810049 0.98617273 0.00368193
4007.843471 0.98249373 0.00339593
4007.876893 0.98098852 0.00323549
4007.910315 0.98676617 0.00330433
4007.943738 0.98633079 0.00285551
4007.977161 0.98808019 0.00311443
4008.010584 0.98694971 0.00328494
4008.044007 0.98086876 0.00301155
4008.077431 0.97922810 0.00330480
4008.110854 0.97757203 0.00314321
4008.144279 0.97380694 0.00329392
4008.177703 0.97579473 0.00330369
4008.211128 0.97410562 0.00342644
4008.244553 0.97271024 0.00346872
4008.277978 0.96670132 0.00313628
4008.311404 0.96112369 0.00330975
4008.344830 0.95401689 0.00341848
4008.378256 0.95336007 0.00377676
4008.411682 0.95010131 0.00356469
4008.445109 0.95278324 0.00311247
4008.478536 0.94924806 0.00369701
4008.511963 0.94225846 0.00329099
4008.545391 0.94832405 0.00322633
4008.578818 0.94204518 0.00337710
4008.612247 0.93123138 0.00323890
4008.645675 0.92875297 0.00398654
4008.679104 0.92903471 0.00327897
4008.712532 0.92617795 0.00349393
4008.745962 0.92467809 0.00315969
4008.779391 0.91766629 0.00328777
4008.812821 0.91702971 0.00339528
4008.846251 0.92452449 0.00334356
4008.879681 0.92308223 0.00331493
4008.913112 0.91355649 0.00319810
4008.946543 0.91675725 0.00335822
4008.979974 0.91388681 0.00318575
4009.013405 0.91688298 0.00347439
4009.046837 0.91287614 0.00283304
4009.080269 0.90138864 0.00319989
4009.113701 0.90565601 0.00389307
4009.147134 0.90865104 0.00341650
4009.180567 0.90911982 0.00313233
4009.214000 0.90609081 0.00314770
4009.247433 0.91016188 0.00317498
4009.280867 0.90584578 0.00318308
4009.314301 0.90821800 0.00331374
4009.347735 0.90652731 0.00272760
4009.381170 0.91182111 0.00380421
4009.414604 0.91256393 0.00332110
4009.448039 0.91559782 0.00335686
4009.481475 0.91242302 0.00344984
4009.514910 0.90854093 0.00297509
4009.548346 0.91465189 0.00324004
4009.581782 0.92000344 0.00379703
4009.615219 0.91857111 0.00351732
4009.648656 0.92307351 0.00371740
4009.682093 0.92382346 0.00300555
4009.715530 0.91990785 0.00287658
4009.748967 0.92600995 0.00338815
4009.782405 0.92546856 0.00310403
4009.815843 0.92971899 0.00300845
4009.849282 0.93580090 0.00304630
4009.882720 0.93858478 0.00307742
4009.916159 0.93896878 0.00329530
4009.949599 0.93674389 0.00350687
4009.983038 0.94522318 0.00393265
4010.016478 0.94611240 0.00347900
4010.049918 0.94747698 0.00282943
4010.083358 0.95338986 0.00304290
4010.116799 0.95364626 0.00296618
4010.150240 0.96401629 0.00323129
4010.183681 0.96954031 0.00367752
4010.217123 0.96846324 0.00304697
4010.250564 0.96286254 0.00340155
4010.284006 0.96455267 0.00288285
4010.317449 0.96737226 0.00319292
4010.350891 0.96583395 0.00287375
4010.384334 0.97268042 0.00360435
4010.417777 0.97284097 0.00316140
4010.451221 0.98673662 0.00335298
4010.484664 0.98819505 0.00319612
4010.518108 0.98192230 0.00332614
4010.551553 0.98016840 0.00360597
4010.584997 0.98375408 0.00320236
4010.618442 0.98784016 0.00353184
4010.651887 0.98929019 0.00335178
4010.685333 0.98944346 0.00293424
4010.718778 0.98927775 0.00355564
4010.752224 0.98508538 0.00308278
4010.785670 0.98716574 0.00302743
4010.819117 0.99147973 0.00265135
4010.852564 0.99490237 0.00351740
4010.886011 0.99179788 0.00300619
4010.919458 0.99196091 0.00343800
4010.952906 0.99481479 0.00323035
4010.986353 0.99602337 0.00360683
4011.019802 0.99430643 0.00354148
4011.053250 0.99324264 0.00299151
4011.086699 0.98867637 0.00326483
4011.120148 0.99247056 0.00333839
4011.153597 0.99575876 0.00374733
4011.187047 0.99539785 0.00331122
4011.220497 0.99159655 0.00338652
4011.253947 0.99626024 0.00352826
4011.287397 0.99644736 0.00326252
4011.320848 0.99761428 0.00338422
4011.354299 0.99623759 0.00373882
4011.387750 0.98968715 0.00347959
4011.421201 0.99587128 0.00327588
4011.454653 0.99739691 0.00344187
4011.488105 0.99407044 0.00321692
4011.521558 0.99777595 0.00377178
4011.555010 0.99577338 0.00331280
4011.588463 0.99262291 0.00345940
4011.621916 0.98887535 0.00363657
4011.655370 0.99499650 0.00289145
4011.688824 1.00058394 0.00293574
4011.722278 0.99388191 0.00317128
4011.755732 0.99326246 0.00377582
4011.789186 0.99076097 0.00326957
4011.822641 0.99498158 0.00358685
4011.856096 0.99354127 0.00350764
4011.889552 0.98977878 0.00306719
4011.923008 0.99196498 0.00319590
4011.956464 0.99052286 0.00317967
4011.989920 0.99306186 0.00347304
4012.023376 0.99079333 0.00353875
4012.056833 0.99547747 0.00352513
4012.090290 0.99665741 0.00294864
4012.123748 0.99914301 0.00310474
4012.157205 1.00589875 0.00294149
4012.190663 1.00010022 0.00315204
4012.224121 0.99767524 0.00333542
4012.257580 0.99722843 0.00317361
4012.291039 0.99501600 0.00360274
4012.324498 0.99921511 0.00317920
4012.357957 0.99596086 0.00346225
4012.391417 0.99573316 0.00313820
4012.424876 0.99968074 0.00319329
4012.458337 0.99628153 0.00339586
4012.491797 0.99690751 0.00327560
4012.525258 0.99426907 0.00302180
4012.558719 0.99211485 0.00283865
4012.592180 0.99539723 0.00302267
4012.625642 0.99769832 0.00311204
4012.659103 0.99876822 0.00249418
4012.692566 1.00051901 0.00362695
4012.726028 1.00005151 0.00297564
4012.759491 0.99369014 0.00298977
4012.792954 0.99730925 0.00303308
4012.826417 0.99291574 0.00305760
4012.859880 0.99285143 0.00308156
4012.893344 0.99825093 0.00356789
4012.926808 0.99994322 0.00294803
4012.960273 0.99780496 0.00323733
4012.993737 0.99731413 0.00326314
4013.027202 0.99746365 0.00310264
4013.060667 0.99339255 0.00321887
4013.094133 0.99438840 0.00328315
4013.127598 0.99094796 0.00307624
4013.161065 0.99741591 0.00312066
4013.194531 0.99567431 0.00288193
4013.227997 0.99854197 0.00314387
4013.261464 0.99819775 0.00337655
4013.294931 0.99441854 0.00337157
4013.328399 0.99454324 0.00375676
4013.361866 0.99857074 0.00329224
4013.395334 0.99944269 0.00289040
4013.428803 0.99580949 0.00332744
4013.462271 0.98925214 0.00346509
4013.495740 0.98707994 0.00321909
4013.529209 0.99024427 0.00360215
4013.562679 0.99689264 0.00356134
4013.596148 0.99282622 0.00372419
4013.629618 0.99160804 0.00352858
4013.663088 0.99659152 0.00320925
4013.696559 0.99122053 0.00337592
4013.730030 0.99143713 0.00307008
4013.763501 0.98981472 0.00330531
4013.796972 0.99443620 0.00353678
4013.830444 1.00075234 0.00277806
4013.863915 0.99289239 0.00320741
4013.897388 0.99571130 0.00313160
4013.930860 0.99671065 0.00289844
4013.964333 0.99670513 0.00385194
4013.997806 0.99314128 0.00331711
4014.031279 0.98886604 0.00367168
4014.064753 0.98770574 0.00377134
4014.098226 0.98616956 0.00357263
4014.131701 0.98988108 0.00312268
4014.165175 0.98854304 0.00298391
4014.198650 0.99498945 0.00323283
4014.232125 0.99399245 0.00374482
4014.265600 0.99200890 0.00259673
4014.299075 0.98944571 0.00338791
4014.332551 0.99015947 0.00405318
4014.366027 0.98682275 0.00334534
4014.399504 0.99274210 0.00347817
4014.432980 0.99414308 0.00305372
4014.466457 0.99404025 0.00357386
4014.499934 0.99560719 0.00351186
4014.533412 0.98980690 0.00353406
4014.566889 0.99738476 0.00345226
4014.600367 0.99496505 0.00347188
4014.633846 0.99477149 0.00338417
4014.667324 0.99082535 0.00329353
4014.700803 0.99207449 0.00355317
4014.734282 0.99067260 0.00314673
4014.767762 0.99370223 0.00322335
4014.801241 0.99029096 0.00322907
4014.834721 0.99103173 0.00355584
4014.868202 0.98817687 0.00340099
4014.901682 0.99327068 0.00331105
4014.935163 0.99477179 0.00328825
4014.968644 0.98966789 0.00292660
4015.002126 0.99607560 0.00307060
4015.035607 0.99644884 0.00299970
4015.069089 0.99214102 0.00338065
4015.102571 0.99912900 0.00327391
4015.136054 0.99138249 0.00356974
4015.169537 0.98942162 0.00356526
4015.203020 0.99592011 0.00363712
4015.236503 0.98946801 0.00368832
4015.269987 0.99518294 0.00325335
4015.303470 0.99006460 0.00367313
4015.336955 0.99348154 0.00325345
4015.370439 0.99330194 0.00346447
4015.403924 0.98960974 0.00307515
4015.437409 0.99071701 0.00319888
4015.470894 0.99191137 0.00373925
4015.504380 0.99743760 0.00357447
4015.537865 0.99409709 0.00329308
4015.571352 0.99209575 0.00360397
4015.604838 0.99691834 0.00335514
4015.638325 0.99364069 0.00323663
4015.671812 0.99225937 0.00340938
4015.705299 0.99490028 0.00314991
4015.738786 0.99089359 0.00296718
4015.772274 0.99069686 0.00333177
4015.805762 0.99582203 0.00325338
4015.839251 0.99686340 0.00336016
4015.872739 0.99443079 0.00331443
4015.906228 0.99268993 0.00338446
4015.939717 0.99670661 0.00288320
4015.973207 0.99519336 0.00327299
4016.006697 0.99670512 0.00351423
4016.040187 0.99649492 0.00370705
4016.073677 0.99549924 0.00309194
4016.107168 0.99213923 0.00303044
4016.140658 0.99647413 0.00350672
4016.174150 0.99513374 0.00296133
4016.207641 0.99923640 0.00328584
4016.241133 0.99223937 0.00323706
4016.274625 0.99243150 0.00321691
4016.308117 0.99241409 0.00279306
4016.341609 0.99303109 0.00331682
4016.375102 0.99460361 0.00290920
4016.408595 0.99840106 0.00262805
4016.442089 0.99546420 0.00334160
4016.475582 0.99518810 0.00337321
4016.509076 0.99150418 0.00364358
4016.542571 0.99179205 0.00312983
4016.576065 0.98934962 0.00354024
4016.609560 0.99298691 0.00311845
4016.643055 0.99362772 0.00317472
4016.676550 0.99347470 0.00315390
4016.710046 0.99974805 0.00382700
4016.743542 0.99386433 0.00350132
4016.777038 0.99779878 0.00351942
4016.810534 0.99877292 0.00304698
4016.844031 1.00083271 0.00328127
4016.877528 1.00196183 0.00323267
4016.911025 0.99769702 0.00303420
4016.944523 0.99482861 0.00326685
4016.978021 0.99334800 0.00358857
4017.011519 0.99391379 0.00352591
4017.045017 0.99320833 0.00305733
4017.078516 0.99162743 0.00293945
4017.112015 0.99778949 0.00327514
4017.145514 0.99356848 0.00324343
4017.179014 0.99748043 0.00349147
4017.212514 0.99351097 0.00320097
4017.246014 1.00196483 0.00339284
4017.279514 1.00142884 0.00278502
4017.313015 0.99176966 0.00288354
4017.346516 0.99238055 0.00314151
4017.380017 0.98968389 0.00327569
4017.413518 0.98944590 0.00351612
4017.447020 0.99453552 0.00304750
4017.480522 0.99710728 0.00321858
4017.514024 0.99445139 0.00306358
4017.547527 0.99554694 0.00334124
4017.581030 0.99164858 0.00319990
4017.614533 0.98890872 0.00334843
4017.648037 0.99009492 0.00343777
4017.681540 0.98886875 0.00306627
4017.715044 0.98983240 0.00315386
4017.748549 0.99049451 0.00303463
4017.782053 0.98850412 0.00331080
4017.815558 0.99438033 0.00339884
4017.849063 0.99748296 0.00343918
4017.882568 0.99844994 0.00332217
4017.916074 0.99150097 0.00352853
4017.949580 0.99977347 0.00288307
4017.983086 1.00173741 0.00315500
4018.016593 0.99899786 0.00332302
4018.050100 0.99538980 0.00323946
4018.083607 0.99474544 0.00334004
4018.117114 0.99727590 0.00324753
4018.150622 0.99688966 0.00291793
4018.184130 0.99820902 0.00321150
4018.217638 0.99502503 0.00370586
4018.251146 0.99276318 0.00301723
4018.284655 0.99064082 0.00292439
4018.318164 0.98875515 0.00336840
4018.351673 0.99113076 0.00354675
4018.385183 0.99351083 0.00290174
4018.418693 0.99182547 0.00314306
4018.452203 0.99269080 0.00399019
4018.485713 0.99515773 0.00346334
4018.519224 0.99438416 0.00360679
4018.552735 0.98591330 0.00383781
4018.586246 0.99061849 0.00329484
4018.619758 0.99249156 0.00311056
4018.653270 0.99715274 0.00302264
4018.686782 0.99088069 0.00308945
4018.720294 0.99751507 0.00294266
4018.753807 0.99163849 0.00297587
4018.787320 0.99340948 0.00319924
4018.820833 0.99014391 0.00357045
4018.854346 0.99078020 0.00352180
4018.887860 0.99271377 0.00358228
4018.921374 0.99113486 0.00371804
4018.954889 0.98910697 0.00330845
4018.988403 0.98974575 0.00320070
4019.021918 0.98883600 0.00382515
4019.055433 0.98852617 0.00318966
4019.088949 0.98636223 0.00327866
4019.122464 0.98887880 0.00325511
4019.155981 0.99423199 0.00309142
4019.189497 0.99672123 0.00339317
4019.223013 0.99435464 0.00318300
4019.256530 0.98903221 0.00352330
4019.290047 0.97929327 0.00313367
4019.323565 0.98153320 0.00269257
4019.357082 0.98924761 0.00319673
4019.390600 0.98941065 0.00313970
4019.424119 0.98736135 0.00296334
4019.457637 0.98878205 0.00331561
4019.491156 0.99233547 0.00304150
4019.524675 0.99434026 0.00362609
4019.558194 0.99505533 0.00344829
4019.591714 0.99494136 0.00333816
4019.625234 0.98863321 0.00310263
4019.658754 0.98831792 0.00310942
4019.692275 0.98483212 0.00332584
4019.725796 0.98282992 0.00327373
4019.759317 0.99093656 0.00372946
4019.792838 0.98444770 0.00339635
4019.826359 0.99199289 0.00346716
4019.859881 0.98842622 0.00281140
4019.893404 0.98840339 0.00324005
4019.926926 0.98585195 0.00296179
4019.960449 0.98246029 0.00345472
4019.993972 0.98681669 0.00283714
4020.027495 0.98874132 0.00290648
4020.061019 0.98739761 0.00337879
4020.094542 0.98589756 0.00343150
4020.128066 0.98605794 0.00341373
4020.161591 0.98872472 0.00287696
4020.195116 0.98507948 0.00335550
4020.228641 0.98736652 0.00334275
4020.262166 0.98424871 0.00335430
4020.295691 0.98024214 0.00291466
4020.329217 0.98679543 0.00343605
4020.362743 0.98507598 0.00334699
4020.396270 0.98501910 0.00342989
4020.429796 0.98663473 0.00367005
4020.463323 0.98827076 0.00318713
4020.496850 0.98285500 0.00285508
4020.530378 0.98523630 0.00308650
4020.563905 0.98281869 0.00302712
4020.597434 0.98472546 0.00346415
4020.630962 0.98893587 0.00354665
4020.664490 0.98350818 0.00335347
4020.698019 0.98394410 0.00383153
4020.731548 0.98419505 0.00335460
4020.765078 0.98248309 0.00293265
4020.798608 0.98155878 0.00304848
4020.832138 0.98878346 0.00333498
4020.865668 0.98667043 0.00385787
4020.899198 0.98192272 0.00339673
4020.932729 0.98279537 0.00347522
4020.966260 0.98667052 0.00341253
4020.999792 0.98250668 0.00303176
4021.033323 0.97917543 0.00297608
4021.066855 0.97772812 0.00349510
4021.100388 0.98282124 0.00332097
4021.133920 0.98153379 0.00344837
4021.167453 0.98295344 0.00358445
4021.200986 0.98844879 0.00324715
4021.234519 0.98334859 0.00296068
4021.268053 0.98250404 0.00343962
4021.301587 0.97869604 0.00302895
4021.335121 0.97978305 0.00293280
4021.368655 0.97595874 0.00305970
4021.402190 0.97702478 0.00339087
4021.435725 0.98154034 0.00311584
4021.469261 0.97953453 0.00360021
4021.502796 0.97582787 0.00316628
4021.536332 0.97812677 0.00338729
4021.569868 0.98049560 0.00330265
4021.603405 0.97871154 0.00290394
4021.636941 0.98460774 0.00288266
4021.670478 0.98370338 0.00307738
4021.704016 0.97670845 0.00300799
4021.737553 0.97847894 0.00338159
4021.771091 0.98167179 0.00309989
4021.804629 0.98026341 0.00332391
4021.838167 0.97827123 0.00295879
4021.871706 0.97509238 0.00335353
4021.905245 0.96995932 0.00287511
4021.938784 0.97438065 0.00271663
4021.972324 0.97282444 0.00316509
4022.005863 0.97876951 0.00327388
4022.039404 0.97453474 0.00301037
4022.072944 0.97108278 0.00345612
4022.106484 0.96925236 0.00341908
4022.140025 0.97345288 0.00309366
4022.173567 0.97475373 0.00389759
4022.207108 0.97759809 0.00368452
4022.240650 0.97023405 0.00326757
4022.274192 0.97431981 0.00303184
4022.307734 0.97167356 0.00313961
4022.341277 0.97577897 0.00335296
4022.374819 0.97286965 0.00310325
4022.408363 0.97723223 0.00339537
4022.441906 0.97113797 0.00312838
4022.475450 0.96872638 0.00296189
4022.508994 0.97009847 0.00322692
4022.542538 0.97423015 0.00296745
4022.576082 0.97500343 0.00322047
4022.609627 0.97035196 0.00326549
4022.643172 0.96571322 0.00378943
4022.676718 0.97051175 0.00394708
4022.710263 0.96811479 0.00323574
4022.743809 0.96646357 0.00368619
4022.777356 0.96392349 0.00317739
4022.810902 0.96426526 0.00345633
4022.844449 0.96117631 0.00316048
4022.877996 0.96688367 0.00333266
4022.911543 0.96603295 0.00307942
4022.945091 0.95827382 0.00333379
4022.978639 0.96198217 0.00329798
4023.012187 0.95994761 0.00321058
4023.045735 0.95435789 0.00322171
4023.079284 0.95084876 0.00330865
4023.112833 0.95602208 0.00315340
4023.146382 0.95837602 0.00347128
4023.179932 0.95571457 0.00369154
4023.213482 0.95956788 0.00391230
4023.247032 0.95486222 0.00322060
4023.280582 0.95595374 0.00289409
4023.314133 0.95846178 0.00334979
4023.347684 0.95235365 0.00350197
4023.381235 0.94811211 0.00337441
4023.414787 0.94710541 0.00260138
4023.448339 0.94915812 0.00324251
4023.481891 0.94538047 0.00336170
4023.515443 0.95213214 0.00343439
4023.548996 0.95224067 0.00345448
4023.582549 0.95358537 0.00353655
4023.616102 0.94773683 0.00333904
4023.649655 0.94211554 0.00335618
4023.683209 0.94219731 0.00334154
4023.716763 0.94490888 0.00324888
4023.750317 0.94479508 0.00332278
4023.783872 0.94211764 0.00336026
4023.817427 0.94381411 0.00336861
4023.850982 0.94006022 0.00348879
4023.884538 0.93532327 0.00336003
4023.918093 0.94063369 0.00312691
4023.951649 0.93692269 0.00311374
4023.985206 0.94053786 0.00322599
4024.018762 0.93833975 0.00320378
4024.052319 0.93267505 0.00324152
4024.085876 0.93719286 0.00312034
4024.119433 0.93503585 0.00315987
4024.152991 0.93551223 0.00319999
4024.186549 0.93069575 0.00300668
4024.220107 0.92540373 0.00354059
4024.253666 0.93092420 0.00342765
4024.287225 0.93072275 0.00329228
4024.320784 0.93107255 0.00320882
4024.354343 0.92373798 0.00351775
4024.387903 0.92679156 0.00364474
4024.421463 0.92208950 0.00318228
4024.455023 0.91589044 0.00356418
4024.488583 0.92095233 0.00345543
4024.522144 0.92173073 0.00318055
4024.555705 0.91761747 0.00297725
4024.589267 0.91141943 0.00337389
4024.622828 0.91490465 0.00332883
4024.656390 0.90873716 0.00294605
4024.689952 0.90191347 0.00324791
4024.723515 0.90326958 0.00335185
4024.757077 0.90451094 0.00336070
4024.790640 0.89752272 0.00345117
4024.824204 0.89961325 0.00350448
4024.857767 0.89737006 0.00327888
4024.891331 0.89106195 0.00329096
4024.924895 0.88683839 0.00341264
4024.958460 0.88578360 0.00361607
4024.992024 0.87977040 0.00317725
4025.025589 0.86841530 0.00330610
4025.059154 0.85955052 0.00305224
4025.092720 0.85946279 0.00313631
4025.126286 0.85545014 0.00337377
4025.159852 0.84676705 0.00307095
4025.193418 0.83707462 0.00283836
4025.226985 0.83558950 0.00345308
4025.260552 0.82550752 0.00341365
4025.294119 0.81846203 0.00315253
4025.327686 0.81301649 0.00329944
4025.361254 0.80622016 0.00354861
4025.394822 0.79602756 0.00361336
4025.428391 0.78895583 0.00328584
4025.461959 0.78608958 0.00324217
4025.495528 0.76873171 0.00323795
4025.529097 0.76862141 0.00298671
4025.562667 0.76528260 0.00315034
4025.596236 0.75940204 0.00342655
4025.629806 0.75288045 0.00344199
4025.663377 0.74569362 0.00280587
4025.696947 0.74265323 0.00312505
4025.730518 0.73103719 0.00365803
4025.764089 0.72773161 0.00353340
4025.797661 0.72344770 0.00304589
4025.831232 0.71842164 0.00337432
4025.864804 0.71386329 0.00336422
4025.898376 0.71282210 0.00312613
4025.931949 0.70899516 0.00327332
4025.965522 0.70895604 0.00352830
4025.999095 0.70140036 0.00310451
4026.032668 0.69925697 0.00360485
4026.066242 0.69970216 0.00321024
4026.099816 0.69578213 0.00376593
4026.133390 0.69766791 0.00326613
4026.166964 0.69186306 0.00354376
4026.200539 0.69572134 0.00345544
4026.234114 0.69772631 0.00336543
4026.267689 0.69711956 0.00321492
4026.301265 0.69843042 0.00356597
4026.334841 0.70186903 0.00327603
4026.368417 0.70069625 0.00326328
4026.401994 0.70301012 0.00326143
4026.435570 0.70525244 0.00360290
4026.469147 0.70881370 0.00359994
4026.502725 0.71540548 0.00319146
4026.536302 0.71258757 0.00300050
4026.569880 0.72025123 0.00298689
4026.603458 0.72466242 0.00326762
4026.637036 0.73031432 0.00325426
4026.670615 0.73356483 0.00327275
4026.704194 0.73270398 0.00335331
4026.737773 0.73915567 0.00308891
4026.771353 0.75088325 0.00328505
4026.804933 0.74608405 0.00297086
4026.838513 0.75429286 0.00314753
4026.872093 0.77245281 0.00348863
4026.905674 0.77939455 0.00360371
4026.939255 0.78037344 0.00354718
4026.972836 0.78910851 0.00358302
4027.006417 0.79169009 0.00359400
4027.039999 0.80367522 0.00358581
4027.073581 0.81889206 0.00339604
4027.107163 0.81846362 0.00326911
4027.140746 0.82792496 0.00303069
4027.174329 0.83593671 0.00324784
4027.207912 0.84086228 0.00343030
4027.241496 0.84947367 0.00325737
4027.275079 0.85881498 0.00295272
4027.308663 0.86505496 0.00311247
4027.342248 0.87035414 0.00315503
4027.375832 0.87422976 0.00306654
4027.409417 0.87805115 0.00329585
4027.443002 0.88303851 0.00270734
4027.476587 0.89124803 0.00286827
4027.510173 0.89475461 0.00325197
4027.543759 0.90537811 0.00366967
4027.577345 0.91151342 0.00355730
4027.610932 0.90688142 0.00308201
4027.644519 0.90999481 0.00292133
4027.678106 0.91627337 0.00323374
4027.711693 0.91859745 0.00313885
4027.745281 0.91880454 0.00358827
4027.778869 0.91716411 0.00321309
4027.812457 0.92120331 0.00347827
4027.846045 0.93091256 0.00350088
4027.879634 0.92924869 0.00349157
4027.913223 0.93032981 0.00329625
4027.946812 0.94070416 0.00332940
4027.980402 0.93606274 0.00323484
4028.013992 0.93991976 0.00308445
4028.047582 0.94317077 0.00352870
4028.081173 0.93612818 0.00291274
4028.114763 0.94042921 0.00320137
4028.148354 0.94084674 0.00333046
4028.181946 0.94248462 0.00294781
4028.215537 0.94839493 0.00306953
4028.249129 0.95422482 0.00295749
4028.282721 0.95634724 0.00353650
4028.316313 0.95237549 0.00301757
4028.349906 0.94749412 0.00308832
4028.383499 0.95648365 0.00302629
4028.417092 0.95711682 0.00343348
4028.450686 0.95601532 0.00327025
4028.484280 0.95831315 0.00346108
4028.517874 0.95868751 0.00343362
4028.551468 0.95743360 0.00329198
4028.585063 0.95721603 0.00291630
4028.618658 0.96243846 0.00342113
4028.652253 0.95565393 0.00328033
4028.685848 0.95553443 0.00361533
4028.719444 0.96204515 0.00353960
4028.753040 0.96195286 0.00365870
4028.786637 0.96100241 0.00345851
4028.820233 0.96135818 0.00316534
4028.853830 0.96392758 0.00325310
4028.887427 0.96185492 0.00331918
4028.921025 0.96821977 0.00323365
4028.954622 0.96806570 0.00310524
4028.988220 0.97105425 0.00324247
4029.021819 0.96591348 0.00345622
4029.055417 0.96423307 0.00313288
4029.089016 0.96475748 0.00327498
4029.122615 0.96725581 0.00316666
4029.156215 0.96992978 0.00340427
4029.189814 0.97411945 0.00334350
4029.223414 0.97671940 0.00352751
4029.257014 0.96913843 0.00301539
4029.290615 0.96682175 0.00276920
4029.324216 0.96903548 0.00338797
4029.357817 0.96588879 0.00303198
4029.391418 0.96951339 0.00334869
4029.425020 0.96719144 0.00353383
4029.458622 0.96851952 0.00350120
4029.492224 0.96619908 0.00331672
4029.525827 0.96712738 0.00299082
4029.559429 0.97054124 0.00313844
4029.593032 0.97321003 0.00319288
4029.626636 0.97421079 0.00386305
4029.660239 0.97116858 0.00333462
4029.693843 0.96855149 0.00352143
4029.727447 0.96860139 0.00339937
4029.761052 0.97317682 0.00398173
4029.794657 0.97272199 0.00325838
4029.828262 0.96921059 0.00317564
4029.861867 0.97159101 0.00363864
4029.895472 0.98228493 0.00365902
4029.929078 0.97898377 0.00328224
4029.962684 0.97862401 0.00330121
4029.996291 0.98073133 0.00317876
4030.029897 0.97904787 0.00337010
4030.063504 0.97842446 0.00337242
4030.097112 0.98309498 0.00352773
4030.130719 0.98586654 0.00330800
4030.164327 0.98279420 0.00314435
4030.197935 0.98348211 0.00322030
4030.231544 0.98012367 0.00320120
4030.265152 0.98050059 0.00307276
4030.298761 0.97946109 0.00351492
4030.332370 0.97747294 0.00339581
4030.365980 0.97947345 0.00334657
4030.399590 0.98006082 0.00289793
4030.433200 0.98317199 0.00344616
4030.466810 0.97884113 0.00333408
4030.500421 0.98199493 0.00316221
4030.534031 0.98765367 0.00321825
4030.567643 0.98245042 0.00372900
4030.601254 0.98175562 0.00331860
4030.634866 0.98422511 0.00340205
4030.668478 0.98551546 0.00311877
4030.702090 0.98358348 0.00328634
4030.735703 0.98007667 0.00359733
4030.769316 0.98746757 0.00310054
4030.802929 0.97829207 0.00335750
4030.836542 0.98290428 0.00367372
4030.870156 0.98587913 0.00323768
4030.903770 0.98349758 0.00304179
4030.937384 0.98299488 0.00307755
4030.970999 0.98795878 0.00317322
4031.004613 0.98158671 0.00333361
4031.038229 0.98315323 0.00349510
4031.071844 0.98413445 0.00343060
4031.105460 0.98296059 0.00330222
4031.139076 0.98769259 0.00318399
4031.172692 0.98476307 0.00342311
4031.206308 0.98120155 0.00356837
4031.239925 0.98461731 0.00373059
4031.273542 0.98436854 0.00305150
4031.307159 0.98204315 0.00316184
4031.340777 0.97991802 0.00312324
4031.374395 0.98064930 0.00326615
4031.408013 0.98624662 0.00287749
4031.441632 0.98627177 0.00321932
4031.475250 0.98187627 0.00337594
4031.508869 0.98554924 0.00334711
4031.542489 0.98680291 0.00347808
4031.576108 0.98656375 0.00312092
4031.609728 0.98230870 0.00317615
4031.643348 0.98112379 0.00359750
4031.676969 0.98719716 0.00343020
4031.710589 0.99005442 0.00347668
4031.744210 0.98357501 0.00375146
4031.777832 0.98553982 0.00344992
4031.811453 0.98059881 0.00350069
4031.845075 0.98635860 0.00320999
4031.878697 0.98592983 0.00336433
4031.912320 0.99138621 0.00343353
4031.945942 0.98501876 0.00341027
4031.979565 0.98384219 0.00362536
4032.013188 0.99017657 0.00322859
4032.046812 0.98679916 0.00316066
4032.080436 0.98329781 0.00311102
4032.114060 0.98795158 0.00302589
4032.147684 0.99602735 0.00320047
4032.181309 0.99112862 0.00319239
4032.214934 0.98327615 0.00344344
4032.248559 0.99145170 0.00272879
4032.282184 0.99719444 0.00318749
4032.315810 0.98854069 0.00340294
4032.349436 0.98885671 0.00323600
4032.383062 0.98800288 0.00336543
4032.416689 0.99161501 0.00354003
4032.450316 0.99197853 0.00336603
4032.483943 0.99284920 0.00311567
4032.517571 0.98631769 0.00297153
4032.551198 0.98287449 0.00307923
4032.584826 0.99431484 0.00362644
4032.618455 0.99259387 0.00316337
4032.652083 0.98812700 0.00328013
4032.685712 0.99196823 0.00274374
4032.719341 0.98886769 0.00315028
4032.752970 0.99150437 0.00341602
4032.786600 0.99460277 0.00373831
4032.820230 0.99406859 0.00285692
4032.853860 0.99086132 0.00322346
4032.887491 0.99005060 0.00305297
4032.921122 0.99485044 0.00328470
4032.954753 0.99492502 0.00316657
4032.988384 0.99182610 0.00301994
4033.022016 0.99005953 0.00339092
4033.055648 0.98708847 0.00369730
4033.089280 0.99211188 0.00324056
4033.122912 0.98992754 0.00331500
4033.156545 0.98763052 0.00332070
4033.190178 0.98699615 0.00307980
4033.223811 0.99009572 0.00337656
4033.257445 0.99413672 0.00338945
4033.291079 0.99161693 0.00385249
4033.324713 0.99112162 0.00340539
4033.358348 0.99109954 0.00339166
4033.391982 0.99028387 0.00322889
4033.425617 0.98705760 0.00366805
4033.459253 0.98113217 0.00348944
4033.492888 0.98847633 0.00311610
4033.526524 0.99031046 0.00325879
4033.560160 0.99222778 0.00349484
4033.593797 0.99075593 0.00348921
4033.627433 0.99455101 0.00332841
4033.661070 0.99635410 0.00344281
4033.694707 0.99376860 0.00337073
4033.728345 0.99000816 0.00350377
4033.761983 0.99382668 0.00334350
4033.795621 0.99328928 0.00319482
4033.829259 0.99278534 0.00315584
4033.862898 0.99077077 0.00306071
4033.896537 0.99621533 0.00300814
4033.930176 0.99179366 0.00323104
4033.963816 0.99561567 0.00351771
4033.997455 0.98946997 0.00371562
4034.031095 0.99315382 0.00330281
4034.064736 0.99208116 0.00323287
4034.098376 0.98630657 0.00353600
4034.132017 0.98627132 0.00325454
4034.165658 0.98835730 0.00290582
4034.199300 0.98935356 0.00296320
4034.232942 0.98934892 0.00330577
4034.266584 0.99167664 0.00348698
4034.300226 0.98524361 0.00321989
4034.333869 0.98929516 0.00294226
4034.367511 0.98570733 0.00360662
4034.401155 0.98981363 0.00316259
4034.434798 0.99189652 0.00338877
4034.468442 0.99442393 0.00346332
4034.502086 0.99341526 0.00305886
4034.535730 0.98605086 0.00325551
4034.569375 0.98648258 0.00360466
4034.603019 0.98179484 0.00289914
4034.636664 0.98019369 0.00326557
4034.670310 0.98161875 0.00300542
4034.703956 0.98325424 0.00313589
4034.737601 0.98105930 0.00338027
4034.771248 0.98433134 0.00274908
4034.804894 0.97976789 0.00316705
4034.838541 0.98378882 0.00340933
4034.872188 0.98343527 0.00349001
4034.905835 0.98684486 0.00327885
4034.939483 0.98622439 0.00333604
4034.973131 0.98051034 0.00323354
4035.006779 0.98939012 0.00326773
4035.040428 0.98932639 0.00296955
4035.074076 0.98368380 0.00334832
4035.107725 0.98579371 0.00304813
4035.141375 0.99014519 0.00299684
4035.175024 0.98320669 0.00334898
4035.208674 0.98172683 0.00319226
4035.242324 0.98156301 0.00392321
4035.275975 0.98239374 0.00328714
4035.309626 0.98644053 0.00310969
4035.343277 0.98370579 0.00330683
4035.376928 0.98195963 0.00339946
4035.410579 0.98336621 0.00330607
4035.444231 0.98641675 0.00339268
4035.477883 0.98486079 0.00334282
4035.511536 0.98405818 0.00314685
4035.545188 0.98601770 0.00317522
4035.578841 0.98709398 0.00341864
4035.612495 0.98053143 0.00329151
4035.646148 0.98423245 0.00352620
4035.679802 0.98765781 0.00312757
4035.713456 0.98851736 0.00310894
4035.747110 0.99137930 0.00317244
4035.780765 0.99304483 0.00361514
4035.814420 0.98797608 0.00320085
4035.848075 0.98954692 0.00347707
4035.881731 0.99075770 0.00338769
4035.915386 0.99076627 0.00337972
4035.949043 0.98958746 0.00329997
4035.982699 0.99087465 0.00311026
4036.016355 0.99491346 0.00363973
4036.050012 0.99098532 0.00330775
4036.083670 0.99037575 0.00310896
4036.117327 0.99061948 0.00300256
4036.150985 0.99319665 0.00299025
4036.184643 0.99274644 0.00326609
4036.218301 0.99079177 0.00323059
4036.251960 0.99351553 0.00348964
4036.285619 0.99673658 0.00335168
4036.319278 0.99047134 0.00317161
4036.352937 0.98912323 0.00326462
4036.386597 0.99451931 0.00306725
4036.420257 0.99459268 0.00328360
4036.453917 0.99381542 0.00313003
4036.487578 0.99185127 0.00313896
4036.521238 0.98726658 0.00268941
4036.554899 0.98778728 0.00312389
4036.588561 0.98701756 0.00319179
4036.622223 0.99308731 0.00307902
4036.655884 0.99663313 0.00305187
4036.689547 0.99493393 0.00320412
4036.723209 0.99261106 0.00308494
4036.756872 0.98599329 0.00329057
4036.790535 0.99190034 0.00306088
4036.824198 0.99404097 0.00326811
4036.857862 0.99237895 0.00327567
4036.891526 0.99602133 0.00316760
4036.925190 0.99747121 0.00340239
4036.958855 0.99492711 0.00330762
4036.992519 0.99669823 0.00369985
4037.026184 0.99232092 0.00312736
4037.059850 0.98953564 0.00359490
4037.093515 0.99638333 0.00355118
4037.127181 0.99762516 0.00363589
4037.160847 0.99621166 0.00358069
4037.194514 0.99799387 0.00335186
4037.228181 0.99490618 0.00306606
4037.261848 0.99296779 0.00309719
4037.295515 0.99336015 0.00305852
4037.329182 0.99755469 0.00317922
4037.362850 0.99920992 0.00311998
4037.396518 0.99267467 0.00310430
4037.430187 0.99461335 0.00306430
4037.463855 0.99642016 0.00329158
4037.497524 0.99861194 0.00331151
4037.531194 0.99357759 0.00345427
4037.564863 0.99499896 0.00329767
4037.598533 0.99771302 0.00327807
4037.632203 0.99584652 0.00285983
4037.665873 0.99546142 0.00300151
4037.699544 0.99485861 0.00321015
4037.733215 0.99933971 0.00306530
4037.766886 0.99949727 0.00294891
4037.800558 0.99677408 0.00338649
4037.834229 0.99176723 0.00347606
4037.867902 0.99884392 0.00353916
4037.901574 1.00020507 0.00287179
4037.935246 0.99692125 0.00327176
4037.968919 1.00185841 0.00314861
4038.002593 0.99676633 0.00334520
4038.036266 0.99976984 0.00354270
4038.069940 0.99743702 0.00361885
4038.103614 0.99448820 0.00270708
4038.137288 0.99474470 0.00340127
4038.170963 0.99413574 0.00321303
4038.204637 0.99086889 0.00311832
4038.238313 0.99392945 0.00343239
4038.271988 0.99314051 0.00349244
4038.305664 0.99426609 0.00340641
4038.339340 0.99718756 0.00305799
4038.373016 0.99770471 0.00320042
4038.406693 0.99905826 0.00302296
4038.440369 0.99418261 0.00340362
4038.474046 0.99371971 0.00316603
4038.507724 0.99311507 0.00333037
4038.541402 0.99495105 0.00343768
4038.575080 0.99580537 0.00325856
4038.608758 0.99857267 0.00338251
4038.642436 0.99687305 0.00354791
4038.676115 0.99240087 0.00352430
4038.709794 0.99268132 0.00309673
4038.743473 0.98986624 0.00354468
4038.777153 0.99425604 0.00326506
4038.810833 0.99076537 0.00351453
4038.844513 0.99483480 0.00313035
4038.878194 0.99363453 0.00293400
4038.911874 0.99452264 0.00320280
4038.945555 0.99355930 0.00294092
4038.979237 0.99321102 0.00343393
4039.012918 0.99487428 0.00309573
4039.046600 0.99401547 0.00342056
4039.080282 0.99341599 0.00290694
4039.113965 0.99656097 0.00297098
4039.147648 0.99786526 0.00323684
4039.181331 0.99619582 0.00351060
4039.215014 1.00106103 0.00326635
4039.248697 0.99907335 0.00341996
4039.282381 0.99544350 0.00285590
4039.316065 0.99087954 0.00281569
4039.349750 0.99732961 0.00343631
4039.383435 1.00012812 0.00308129
4039.417120 0.99285762 0.00351741
4039.450805 0.99714680 0.00276679
4039.484490 0.99113136 0.00317777
4039.518176 0.99546890 0.00339136
4039.551862 0.99496292 0.00309549
4039.585549 0.99365522 0.00328531
4039.619235 0.99277521 0.00287388
4039.652922 0.99592123 0.00333575
4039.686609 0.99261648 0.00348614
4039.720297 0.99860738 0.00316272
4039.753985 1.00057133 0.00276339
4039.787673 0.99779500 0.00323391
4039.821361 0.99495130 0.00334305
4039.855050 0.99863117 0.00345899
4039.888739 1.00109718 0.00289704
4039.922428 0.99443736 0.00316224
4039.956117 1.00178983 0.00309597
4039.989807 0.99689248 0.00311840
4040.023497 0.99835054 0.00315183
4040.057187 0.99999713 0.00287179
4040.090878 0.99573799 0.00344605
4040.124569 0.99439277 0.00314303
4040.158260 0.99323470 0.00362492
4040.191951 0.99013871 0.00354369
4040.225643 0.98881384 0.00340251
4040.259335 0.99306372 0.00321933
4040.293027 0.99677713 0.00348646
4040.326720 0.99127700 0.00353738
4040.360413 0.99010344 0.00350466
4040.394106 0.99726031 0.00363793
4040.427799 0.99468162 0.00295341
4040.461493 0.98796887 0.00325976
4040.495187 0.98613826 0.00331817
4040.528881 0.98635379 0.00308577
4040.562576 0.98791107 0.00305482
4040.596271 0.98707348 0.00296104
4040.629966 0.98986111 0.00326364
4040.663661 0.98885340 0.00308252
4040.697357 0.98400426 0.00297796
4040.731053 0.98059251 0.00281071
4040.764749 0.98070848 0.00301397
4040.798445 0.97967570 0.00273068
4040.832142 0.98893639 0.00335013
4040.865839 0.98358630 0.00294333
4040.899536 0.98028732 0.00313439
4040.933234 0.98473095 0.00316411
4040.966932 0.98643983 0.00349189
4041.000630 0.98459927 0.00331316
4041.034329 0.98600173 0.00297699
4041.068027 0.98215972 0.00314201
4041.101726 0.98209551 0.00303306
4041.135426 0.97910846 0.00318509
4041.169125 0.98177464 0.00318697
4041.202825 0.97827252 0.00371993
4041.236525 0.97726448 0.00375882
4041.270226 0.97633281 0.00372040
4041.303926 0.97971244 0.00366531
4041.337627 0.98333103 0.00345125
4041.371329 0.98072999 0.00355898
4041.405030 0.98306746 0.00324412
4041.438732 0.98788862 0.00307523
4041.472434 0.98496592 0.00331629
4041.506137 0.98742088 0.00304068
4041.539839 0.98383532 0.00353292
4041.573542 0.98690100 0.00334725
4041.607245 0.98881335 0.00318693
4041.640949 0.98730223 0.00330940
4041.674653 0.98527212 0.00315397
4041.708357 0.98361957 0.00350733
4041.742061 0.98042816 0.00370897
4041.775766 0.98131452 0.00356065
4041.809471 0.98514242 0.00309132
4041.843176 0.98399519 0.00334094
4041.876881 0.98828312 0.00370739
4041.910587 0.98905046 0.00354537
4041.944293 0.98614020 0.00289617
4041.978000 0.98371384 0.00331683
4042.011706 0.98650307 0.00336651
4042.045413 0.99147302 0.00346953
4042.079120 0.98851120 0.00272859
4042.112828 0.99107538 0.00317060
4042.146535 0.99097496 0.00329026
4042.180243 0.99402106 0.00356660
4042.213952 0.98844312 0.00299678
4042.247660 0.98666643 0.00349458
4042.281369 0.99130560 0.00338705
4042.315078 0.98982722 0.00331209
4042.348788 0.99238470 0.00300839
4042.382497 0.99736501 0.00285436
4042.416207 0.99655708 0.00343455
4042.449918 0.99454694 0.00306689
4042.483628 0.99553866 0.00324076
4042.517339 0.99148924 0.00328404
4042.551050 0.99104551 0.00287619
4042.584762 0.99841842 0.00365017
4042.618473 0.99576417 0.00361988
4042.652185 0.99627803 0.00307696
4042.685897 0.99956914 0.00317509
4042.719610 0.99952369 0.00310756
4042.753323 0.99928953 0.00316097
4042.787036 0.99652767 0.00333280
4042.820749 0.99600309 0.00297729
4042.854463 0.99505823 0.00323651
4042.888177 0.99794163 0.00304684
4042.921891 1.00054717 0.00263902
4042.955605 0.99940475 0.00334953
4042.989320 0.99972198 0.00342990
4043.023035 0.99563892 0.00339577
4043.056750 0.99307679 0.00335656
4043.090466 0.99410827 0.00316130
4043.124182 0.99482035 0.00338244
4043.157898 0.99121378 0.00352570
4043.191615 0.99552476 0.00341509
4043.225331 0.99928850 0.00291279
4043.259048 0.99865930 0.00268415
4043.292766 1.00300161 0.00317508
4043.326483 0.99874309 0.00284856
4043.360201 0.99920534 0.00353363
4043.393919 1.00070265 0.00358196
4043.427638 0.99252393 0.00329008
4043.461356 0.99447775 0.00302311
4043.495075 0.99724316 0.00271641
4043.528795 1.00141481 0.00324370
4043.562514 0.99612068 0.00353352
4043.596234 1.00133704 0.00310509
4043.629954 0.99814747 0.00320091
4043.663674 0.99683886 0.00300128
4043.697395 0.99717662 0.00299333
4043.731116 0.99924921 0.00280453
4043.764837 0.99680901 0.00299337
4043.798559 1.00087602 0.00347334
4043.832281 0.99736098 0.00295316
4043.866003 0.99604748 0.00334312
4043.899725 0.99913852 0.00330525
4043.933448 0.99341420 0.00360470
4043.967170 0.99471034 0.00341998
4044.000894 0.99338525 0.00342113
4044.034617 0.99321450 0.00377578
4044.068341 1.00068336 0.00320224
4044.102065 1.00028007 0.00326205
4044.135789 1.00400356 0.00326569
4044.169514 1.00211138 0.00305291
4044.203239 0.99308236 0.00295846
4044.236964 0.99540609 0.00315940
4044.270689 0.99630806 0.00325337
4044.304415 0.99874842 0.00302092
4044.338141 1.00190967 0.00316352
4044.371867 0.99586517 0.00341418
4044.405594 0.99387250 0.00321157
4044.439321 0.99839189 0.00353205
4044.473048 0.99474960 0.00327705
4044.506775 0.99312623 0.00332870
4044.540503 0.99524974 0.00332205
4044.574231 0.99329140 0.00351896
4044.607959 0.99724688 0.00340158
4044.641688 1.00385810 0.00308887
4044.675417 1.00112562 0.00303991
4044.709146 0.99242918 0.00362915
4044.742875 0.99376358 0.00322061
4044.776605 0.99346313 0.00329056
4044.810335 0.99540725 0.00314225
4044.844065 0.99647226 0.00319037
4044.877796 0.99693252 0.00298375
4044.911526 1.00023272 0.00317694
4044.945257 0.99579432 0.00365204
4044.978989 0.98875790 0.00300909
4045.012720 0.99615954 0.00343365
4045.046452 0.99469629 0.00335235
4045.080184 0.99708579 0.00379045
4045.113917 0.99431628 0.00313478
4045.147650 0.99853437 0.00313973
4045.181383 0.99994743 0.00308135
4045.215116 0.99930895 0.00307873
4045.248850 1.00201153 0.00331131
4045.282584 0.99404030 0.00355753
4045.316318 0.99274852 0.00338211
4045.350052 0.99311560 0.00284508
4045.383787 0.99172391 0.00284935
4045.417522 0.98976299 0.00348939
4045.451257 0.99147979 0.00343977
4045.484993 0.99603441 0.00294708
4045.518729 1.00162819 0.00332372
4045.552465 0.99662739 0.00318882
4045.586201 0.99322606 0.00294776
4045.619938 0.99276537 0.00342022
4045.653675 0.99358463 0.00328915
4045.687412 0.99559191 0.00333424
4045.721150 0.99353104 0.00333367
4045.754888 0.99831594 0.00324902
4045.788626 0.99529518 0.00322768
4045.822364 0.99913958 0.00313600
4045.856103 0.99735592 0.00302930
4045.889842 0.99400547 0.00336214
4045.923581 0.99686907 0.00335788
4045.957320 0.99593348 0.00328773
4045.991060 0.99425879 0.00354018
4046.024800 0.99748961 0.00307819
4046.058541 0.99636268 0.00313878
4046.092281 0.99645522 0.00273529
4046.126022 0.99911223 0.00322857
4046.159763 0.99069833 0.00284141
4046.193505 0.99554057 0.00306111
4046.227247 0.99495944 0.00343759
4046.260989 0.99970253 0.00335557
4046.294731 0.99997493 0.00297205
4046.328474 0.99862163 0.00327849
4046.362216 0.99797186 0.00335430
4046.395960 1.00024097 0.00306289
4046.429703 0.99965805 0.00335872
4046.463447 0.99938320 0.00326799
4046.497191 0.99603352 0.00353693
4046.530935 0.99498894 0.00341512
4046.564680 0.99331010 0.00325157
4046.598425 0.99915758 0.00324050
4046.632170 1.00036399 0.00284306
4046.665915 0.98975223 0.00313961
4046.699661 0.99360423 0.00321771
4046.733407 0.99129076 0.00316907
4046.767153 1.00095727 0.00304914
4046.800900 1.00510672 0.00317903
4046.834646 0.99922217 0.00316306
4046.868394 0.99606078 0.00311501
4046.902141 0.99561170 0.00330841
4046.935889 0.99863406 0.00320862
4046.969637 0.99491991 0.00350607
4047.003385 0.99334343 0.00347995
4047.037133 0.99673681 0.00328567
4047.070882 1.00417173 0.00323072
4047.104631 0.99734569 0.00331054
4047.138381 0.99532987 0.00308723
4047.172130 0.99766093 0.00349982
4047.205880 0.99706570 0.00329027
4047.239630 0.99690176 0.00310028
4047.273381 0.99846974 0.00340336
4047.307132 0.99677763 0.00323302
4047.340883 0.99560647 0.00293849
4047.374634 1.00156791 0.00286702
4047.408386 0.99465256 0.00355452
4047.442137 1.00063080 0.00270186
4047.475890 1.00060856 0.00321766
4047.509642 0.99949498 0.00353120
4047.543395 0.99923875 0.00343115
4047.577148 1.00052781 0.00316389
4047.610901 0.99814937 0.00304784
4047.644655 0.99872985 0.00326498
4047.678409 0.99664570 0.00267825
4047.712163 0.99726613 0.00317451
4047.745917 0.99277787 0.00325036
4047.779672 1.00155405 0.00343438
4047.813427 0.99663588 0.00281733
4047.847182 0.99681916 0.00307127
4047.880938 0.99572772 0.00330201
4047.914694 0.99799138 0.00311433
4047.948450 0.99619121 0.00333662
4047.982206 0.99641022 0.00287430
4048.015963 1.00042279 0.00316107
4048.049720 0.99171715 0.00347218
4048.083477 0.99238068 0.00365004
4048.117234 1.00226633 0.00310874
4048.150992 1.00084608 0.00291125
4048.184750 0.99474167 0.00326022
4048.218509 0.99227216 0.00351458
4048.252267 0.99524803 0.00337408
4048.286026 1.00063293 0.00324258
4048.319785 1.00091538 0.00313605
4048.353545 0.99574404 0.00331849
4048.387305 0.99328323 0.00313308
4048.421065 0.99799271 0.00297362
4048.454825 1.00641787 0.00352517
4048.488586 0.99695179 0.00288201
4048.522347 0.99336650 0.00301241
4048.556108 0.99476394 0.00314483
4048.589869 0.99491177 0.00328931
4048.623631 0.99528577 0.00325880
4048.657393 0.99812735 0.00311544
4048.691155 0.99442205 0.00295820
4048.724918 0.99849342 0.00295485
4048.758681 1.00000838 0.00317782
4048.792444 0.99827865 0.00337502
4048.826207 0.99606717 0.00348055
4048.859971 0.99295355 0.00309486
4048.893735 0.99307876 0.00336635
4048.927499 0.99421984 0.00280094
4048.961264 1.00152644 0.00290381
4048.995029 1.00037057 0.00327086
4049.028794 0.99851562 0.00341820
4049.062559 0.99671161 0.00330461
4049.096325 0.99690024 0.00308350
4049.130091 0.99512126 0.00324450
4049.163857 0.99455005 0.00285392
4049.197624 0.99814789 0.00338145
4049.231391 0.99631571 0.00311781
4049.265158 0.99334717 0.00311688
4049.298925 0.99609290 0.00291040
4049.332693 0.99860285 0.00315852
4049.366461 0.99835397 0.00344523
4049.400229 0.99207440 0.00344311
4049.433997 0.99781566 0.00311293
4049.467766 0.99896137 0.00338036
4049.501535 0.99440829 0.00364039
4049.535305 0.99127421 0.00327768
4049.569074 1.00275575 0.00286438
4049.602844 0.99894991 0.00358257
4049.636614 0.99656573 0.00385395
4049.670385 0.99972079 0.00317767
4049.704156 1.00340409 0.00300012
4049.737927 0.99606449 0.00367266
4049.771698 0.99679320 0.00320753
4049.805470 0.99475723 0.00358194
4049.839241 0.99593695 0.00314773
4049.873014 0.99097423 0.00334107
4049.906786 0.99687694 0.00317035
4049.940559 0.99490377 0.00331551
4049.974332 0.99874037 0.00361702
4050.008105 0.99662898 0.00338972
4050.041879 1.00181791 0.00304946
4050.075653 0.99900874 0.00293538
4050.109427 0.99960214 0.00367021
4050.143201 1.00198719 0.00303392
4050.176976 0.99864039 0.00318673
4050.210751 0.99534918 0.00333380
4050.244526 0.99218912 0.00332745
4050.278302 0.98799003 0.00325042
4050.312077 0.99460205 0.00293871
4050.345853 0.99087135 0.00338611
4050.379630 0.99598350 0.00284585
4050.413407 0.99687451 0.00308900
4050.447184 1.00101494 0.00314967
4050.480961 0.99797168 0.00337910
4050.514738 0.99864064 0.00300199
4050.548516 1.00229114 0.00290059
4050.582294 1.00220319 0.00329302
4050.616072 1.00404681 0.00331270
4050.649851 0.99845513 0.00313230
4050.683630 0.99879061 0.00349761
4050.717409 1.00061126 0.00360511
4050.751189 1.00230078 0.00308182
4050.784969 0.99822405 0.00327151
4050.818749 0.99706356 0.00363045
4050.852529 0.99715825 0.00335507
4050.886310 0.99581590 0.00285513
4050.920090 0.99888237 0.00279455
4050.953872 0.99613876 0.00333805
4050.987653 0.99613140 0.00358815
4051.021435 0.99472336 0.00350709
4051.055217 0.99959293 0.00317703
4051.088999 0.99495163 0.00346810
4051.122782 0.99921702 0.00354260
4051.156565 0.99287941 0.00314259
4051.190348 0.99689797 0.00319262
4051.224131 0.99441471 0.00317330
4051.257915 0.99624639 0.00296309
4051.291699 0.99847730 0.00327018
4051.325483 0.99173751 0.00326070
4051.359268 0.99795613 0.00308705
4051.393053 0.99928642 0.00318554
4051.426838 1.00071294 0.00308242
4051.460623 0.99558323 0.00359863
4051.494409 0.99510963 0.00328003
4051.528195 0.99561674 0.00295814
4051.561981 0.99525693 0.00377446
4051.595768 0.99547589 0.00277298
4051.629554 0.99760125 0.00298951
4051.663341 1.00188837 0.00328127
4051.697129 1.00103285 0.00315760
4051.730916 0.99675575 0.00324211
4051.764704 1.00008975 0.00266093
4051.798493 0.99750093 0.00304634
4051.832281 0.99728595 0.00286684
4051.866070 0.99724596 0.00300825
4051.899859 0.99871022 0.00314997
4051.933648 0.99508420 0.00338471
4051.967438 0.99276398 0.00336898
4052.001228 0.99441491 0.00328195
4052.035018 0.99992135 0.00292728
4052.068809 0.99908067 0.00334663
4052.102599 0.99928642 0.00330560
4052.136390 1.00247041 0.00325262
4052.170182 0.99749899 0.00306758
4052.203973 1.00173378 0.00282125
4052.237765 0.99967715 0.00314121
4052.271557 0.99864035 0.00279533
4052.305350 0.99893841 0.00291858
4052.339142 0.99750661 0.00346616
4052.372935 0.99428337 0.00313000
4052.406729 0.99302614 0.00319940
4052.440522 0.99824366 0.00292416
4052.474316 1.00038850 0.00317493
4052.508110 1.00063148 0.00368571
4052.541905 0.99842223 0.00301431
4052.575699 0.99261639 0.00345280
4052.609494 0.99048755 0.00316334
4052.643290 0.98943624 0.00293275
4052.677085 0.99440026 0.00306793
4052.710881 0.99701572 0.00308800
4052.744677 0.99245080 0.00291904
4052.778474 0.99083996 0.00343547
4052.812270 0.99375605 0.00310763
4052.846067 0.99506612 0.00332155
4052.879864 1.00042852 0.00309468
4052.913662 1.00073265 0.00304071
4052.947460 0.99650645 0.00294993
4052.981258 0.99306692 0.00319717
4053.015056 0.99400272 0.00338877
4053.048855 0.99617163 0.00287472
4053.082654 0.99820697 0.00332298
4053.116453 0.99472032 0.00305983
4053.150253 0.99494360 0.00294860
4053.184052 0.99992734 0.00297627
4053.217852 1.00057560 0.00309479
4053.251653 0.99489342 0.00294087
4053.285453 0.99183872 0.00298402
4053.319254 0.99491485 0.00282590
4053.353055 0.99359950 0.00284311
4053.386857 0.99584529 0.00306844
4053.420659 0.99802212 0.00305001
4053.454461 0.99608684 0.00281671
4053.488263 0.99316997 0.00319112
4053.522066 0.99598407 0.00322344
4053.555868 0.99967641 0.00352724
4053.589672 0.99584230 0.00286714
4053.623475 0.99466246 0.00326926
4053.657279 0.99026363 0.00314168
4053.691083 0.99373344 0.00274805
4053.724887 0.99545996 0.00313381
4053.758692 0.99282790 0.00347393
4053.792496 0.99086839 0.00274844
4053.826302 0.99578028 0.00318566
4053.860107 0.99756463 0.00329339
4053.893913 0.99788546 0.00331352
4053.927719 0.99412537 0.00264130
4053.961525 0.99788769 0.00334089
4053.995332 0.99641562 0.00313355
4054.029138 0.99573186 0.00315515
4054.062945 0.99615034 0.00289633
4054.096753 0.99596720 0.00294847
4054.130560 1.00003606 0.00317870
4054.164368 1.00115448 0.00295983
4054.198177 1.00211718 0.00296990
4054.231985 0.99640649 0.00362303
4054.265794 0.99675291 0.00343313
4054.299603 0.99984353 0.00304257
4054.333412 0.99579004 0.00352613
4054.367222 0.99850334 0.00317471
4054.401032 0.99708524 0.00323941
4054.434842 0.99390336 0.00288454
4054.468653 0.99520935 0.00336723
4054.502463 0.99335531 0.00317097
4054.536275 0.99777199 0.00317643
4054.570086 1.00284836 0.00318947
4054.603897 0.99958117 0.00328922
4054.637709 0.99822228 0.00304278
4054.671522 0.99745276 0.00349821
4054.705334 0.99966285 0.00322036
4054.739147 0.99440137 0.00314280
4054.772960 0.99155235 0.00329394
4054.806773 0.99213721 0.00329863
4054.840587 0.99325191 0.00335421
4054.874401 0.99524232 0.00297901
4054.908215 0.99791350 0.00352460
4054.942029 0.99397475 0.00330104
4054.975844 0.99061300 0.00352874
4055.009659 0.99445145 0.00341795
4055.043474 0.99301054 0.00273163
4055.077290 0.99606595 0.00310155
4055.111106 0.99015520 0.00305767
4055.144922 0.98992251 0.00318966
4055.178738 0.99174791 0.00343023
4055.212555 0.99106985 0.00296030
4055.246372 0.98665806 0.00290501
4055.280189 0.98856472 0.00321897
4055.314007 0.98584395 0.00327785
4055.347824 0.98467881 0.00302059
4055.381642 0.98482261 0.00309125
4055.415461 0.98370244 0.00295716
4055.449280 0.98705174 0.00331884
4055.483098 0.98714676 0.00309033
4055.516918 0.98307011 0.00328035
4055.550737 0.98650457 0.00315563
4055.584557 0.98004531 0.00306006
4055.618377 0.98113485 0.00377649
4055.652197 0.98354931 0.00320943
4055.686018 0.98325766 0.00343430
4055.719839 0.98470928 0.00349380
4055.753660 0.98958752 0.00324425
4055.787482 0.98619712 0.00336274
4055.821303 0.98604818 0.00382740
4055.855125 0.99006534 0.00341245
4055.888948 0.98626340 0.00306305
4055.922770 0.98681335 0.00298271
4055.956593 0.98616599 0.00299751
4055.990417 0.98796985 0.00357389
4056.024240 0.98369492 0.00292552
4056.058064 0.98599045 0.00332147
4056.091888 0.98383128 0.00360227
4056.125712 0.98111191 0.00352176
4056.159537 0.98288411 0.00361444
4056.193362 0.98161403 0.00325780
4056.227187 0.98520926 0.00371014
4056.261012 0.98147338 0.00349899
4056.294838 0.98232047 0.00326851
4056.328664 0.98595062 0.00347094
4056.362490 0.98175509 0.00314515
4056.396317 0.98720530 0.00331669
4056.430144 0.98490106 0.00340843
4056.463971 0.99187827 0.00337546
4056.497798 0.99152111 0.00349386
4056.531626 0.98828434 0.00334878
4056.565454 0.98592945 0.00341415
4056.599282 0.98147982 0.00366155
4056.633110 0.98587926 0.00298145
4056.666939 0.98721900 0.00319277
4056.700768 0.98657919 0.00350346
4056.734598 0.98817707 0.00344950
4056.768427 0.99220775 0.00349741
4056.802257 0.99538753 0.00323076
4056.836088 0.98673630 0.00301221
4056.869918 0.99210163 0.00288949
4056.903749 0.99080427 0.00355094
4056.937580 0.99060581 0.00319506
4056.971411 0.98465586 0.00282936
4057.005243 0.98750710 0.00317128
4057.039075 0.98769533 0.00331349
4057.072907 0.98982625 0.00291537
4057.106740 0.98666302 0.00328221
4057.140572 0.99278945 0.00341428
4057.174405 0.99129543 0.00363824
4057.208239 0.98866639 0.00336102
4057.242072 0.99728385 0.00296965
4057.275906 0.99053741 0.00335366
4057.309740 0.98942589 0.00290416
4057.343575 0.98819154 0.00273342
4057.377410 0.99064314 0.00359463
4057.411245 0.99307826 0.00280008
4057.445080 0.99332314 0.00325357
4057.478916 0.99016872 0.00315063
4057.512752 0.99233725 0.00329604
4057.546588 1.00007580 0.00311068
4057.580424 0.99672730 0.00313573
4057.614261 0.98796910 0.00343888
4057.648098 0.99074206 0.00328256
4057.681935 0.99566067 0.00336105
4057.715773 0.99488056 0.00339607
4057.749611 0.99542903 0.00325653
4057.783449 0.99354514 0.00302743
4057.817287 0.99001186 0.00308864
4057.851126 0.98943292 0.00344539
4057.884965 0.98682833 0.00296657
4057.918804 0.99042666 0.00321087
4057.952644 0.99045844 0.00348204
4057.986483 0.99305642 0.00342882
4058.020323 0.99222973 0.00314874
4058.054164 0.98976301 0.00337669
4058.088005 0.99344022 0.00328594
4058.121845 0.99049491 0.00339637
4058.155687 0.99218617 0.00330065
4058.189528 0.99433521 0.00338417
4058.223370 0.99279058 0.00298887
4058.257212 0.99368477 0.00316218
4058.291054 0.99015788 0.00317928
4058.324897 0.99400044 0.00347264
4058.358740 0.99634618 0.00312358
4058.392583 0.99542338 0.00376481
4058.426427 0.99852395 0.00345746
4058.460271 0.99132835 0.00291324
4058.494115 0.99405610 0.00343096
4058.527959 0.99314209 0.00304211
4058.561804 0.99200265 0.00347130
4058.595648 0.99138697 0.00329731
4058.629494 0.98966335 0.00318244
4058.663339 0.99062126 0.00335426
4058.697185 0.98664144 0.00333169
4058.731031 0.99064902 0.00342139
4058.764877 0.98285687 0.00385318
4058.798724 0.98967427 0.00340477
4058.832571 0.98924121 0.00367229
4058.866418 0.98567873 0.00299937
4058.900265 0.99160793 0.00376961
4058.934113 0.99118812 0.00307246
4058.967961 0.98953231 0.00283446
4059.001809 0.98366354 0.00297725
4059.035658 0.98411488 0.00318991
4059.069507 0.98334648 0.00284569
4059.103356 0.98658518 0.00299449
4059.137205 0.98977056 0.00295949
4059.171055 0.98919227 0.00286421
4059.204905 0.98716429 0.00310713
4059.238755 0.98664854 0.00341244
4059.272606 0.98757945 0.00341379
4059.306457 0.98212839 0.00333146
4059.340308 0.98298103 0.00360159
4059.374159 0.98280450 0.00327925
4059.408011 0.98701446 0.00343348
4059.441863 0.98624945 0.00339200
4059.475715 0.98360305 0.00376795
4059.509568 0.98290482 0.00351768
4059.543420 0.98167926 0.00365408
4059.577273 0.98436001 0.00346650
4059.611127 0.98185850 0.00320692
4059.644980 0.98157097 0.00354500
4059.678834 0.98622394 0.00336783
4059.712689 0.98535262 0.00375296
4059.746543 0.98219069 0.00382408
4059.780398 0.98880152 0.00335945
4059.814253 0.98209419 0.00361207
4059.848108 0.98755681 0.00295246
4059.881964 0.98965125 0.00290063
4059.915820 0.98292935 0.00320892
4059.949676 0.98731433 0.00290630
4059.983533 0.98294262 0.00336698
4060.017389 0.98491863 0.00288512
4060.051246 0.98440753 0.00348660
4060.085104 0.98515164 0.00316815
4060.118961 0.98721574 0.00323540
4060.152819 0.98929672 0.00315573
4060.186677 0.98709950 0.00344056
4060.220536 0.98701855 0.00342157
4060.254394 0.99190738 0.00331482
4060.288254 0.99327485 0.00310208
4060.322113 0.99433746 0.00285953
4060.355972 0.99375711 0.00339295
4060.389832 0.99364066 0.00326563
4060.423692 0.99440947 0.00341530
4060.457553 0.99493116 0.00321409
4060.491414 0.99465560 0.00286876
4060.525275 0.99419873 0.00318765
4060.559136 0.99019547 0.00326464
4060.592997 0.99567703 0.00327580
4060.626859 0.99274461 0.00325384
4060.660721 0.98985397 0.00318966
4060.694584 0.99878210 0.00307175
4060.728446 0.99392729 0.00313829
4060.762309 0.99616596 0.00329605
4060.796173 0.99821475 0.00319257
4060.830036 0.98993777 0.00290222
4060.863900 0.99693857 0.00301662
4060.897764 0.99697059 0.00306232
4060.931629 0.99608634 0.00342336
4060.965493 0.99686099 0.00318979
4060.999358 0.99857603 0.00384726
4061.033223 0.99650983 0.00327999
4061.067089 0.99344958 0.00327008
4061.100955 0.99470132 0.00257663
4061.134821 0.99836673 0.00285721
4061.168687 0.99661487 0.00342111
4061.202554 0.99444691 0.00313976
4061.236421 0.99665850 0.00338213
4061.270288 0.99710772 0.00313141
4061.304155 1.00149538 0.00332541
4061.338023 0.99499522 0.00336180
4061.371891 0.99142785 0.00315711
4061.405760 0.99723552 0.00347797
4061.439628 0.99515512 0.00336549
4061.473497 0.99608034 0.00338493
4061.507366 0.99130198 0.00385363
4061.541236 0.99779659 0.00345879
4061.575105 0.99226609 0.00283144
4061.608975 0.99388253 0.00325329
4061.642846 1.00136823 0.00329486
4061.676716 0.99471821 0.00354076
4061.710587 0.99953536 0.00320184
4061.744458 0.99408104 0.00347279
4061.778330 0.99199602 0.00315832
4061.812202 0.99395418 0.00330406
4061.846074 0.99524490 0.00358678
4061.879946 1.00013886 0.00375261
4061.913818 0.99547743 0.00383675
4061.947691 0.99133124 0.00317862
4061.981564 0.98917857 0.00355297
4062.015438 0.99295685 0.00318964
4062.049312 0.99543952 0.00318596
4062.083186 0.99236502 0.00315037
4062.117060 1.00093080 0.00319500
4062.150934 0.99830938 0.00318642
4062.184809 0.99830330 0.00321375
4062.218684 0.99577775 0.00319220
4062.252560 0.99971813 0.00329917
4062.286435 0.99853276 0.00317175
4062.320311 0.99349918 0.00306091
4062.354188 0.98980967 0.00363524
4062.388064 0.99217800 0.00274673
4062.421941 0.99312490 0.00306799
4062.455818 0.99270619 0.00343214
4062.489695 0.99783908 0.00313813
4062.523573 1.00164241 0.00313784
4062.557451 0.99577131 0.00310106
4062.591329 0.99722958 0.00313830
4062.625208 1.00191747 0.00281130
4062.659087 0.99902220 0.00299595
4062.692966 0.99894343 0.00321189
4062.726845 0.99557470 0.00357379
4062.760725 1.00352370 0.00315788
4062.794605 0.99577327 0.00328907
4062.828485 0.99694546 0.00360356
4062.862365 0.99464427 0.00352557
4062.896246 0.99938755 0.00310293
4062.930127 1.00082848 0.00318955
4062.964008 0.99880724 0.00314476
4062.997890 0.99752124 0.00299927
4063.031772 0.99152139 0.00271791
4063.065654 0.99249949 0.00324094
4063.099537 0.99475276 0.00295133
4063.133419 0.99760456 0.00332586
4063.167302 0.99876525 0.00322195
4063.201186 0.99907297 0.00281569
4063.235069 0.99111336 0.00310665
4063.268953 0.99544191 0.00315938
4063.302837 0.99399911 0.00353732
4063.336722 0.99006067 0.00350633
4063.370606 0.99074506 0.00335536
4063.404491 0.99528815 0.00331804
4063.438377 0.98812475 0.00339334
4063.472262 0.99175816 0.00348091
4063.506148 0.99235614 0.00368041
4063.540034 0.99198233 0.00322667
4063.573921 0.99433413 0.00309611
4063.607807 0.99678048 0.00343065
4063.641694 0.99409521 0.00342830
4063.675582 0.98953695 0.00332727
4063.709469 0.98915009 0.00339737
4063.743357 0.99223695 0.00345214
4063.777245 0.99237769 0.00355706
4063.811134 0.99283650 0.00354156
4063.845022 0.99417287 0.00326695
4063.878911 0.99606385 0.00324906
4063.912800 0.99299098 0.00331363
4063.946690 0.99602163 0.00341455
4063.980580 0.99620841 0.00323770
4064.014470 0.99246607 0.00306899
4064.048360 0.98960407 0.00335683
4064.082251 0.98920437 0.00354302
4064.116142 0.98551405 0.00354123
4064.150033 0.99122561 0.00315066
4064.183925 0.98987818 0.00302526
4064.217816 0.99218464 0.00320008
4064.251708 0.98940688 0.00310079
4064.285601 0.98841098 0.00342167
4064.319493 0.98602470 0.00328024
4064.353386 0.99086133 0.00385451
4064.387279 0.99478705 0.00333282
4064.421173 0.98776294 0.00326349
4064.455067 0.98623864 0.00307514
4064.488961 0.98720484 0.00314474
4064.522855 0.98749262 0.00324405
4064.556750 0.99159828 0.00316225
4064.590645 0.99154132 0.00306889
4064.624540 0.98981018 0.00315372
4064.658435 0.99081448 0.00303645
4064.692331 0.99157126 0.00320253
4064.726227 0.99088350 0.00316804
4064.760123 0.98972485 0.00320409
4064.794020 0.98883607 0.00265552
4064.827917 0.99017518 0.00339304
4064.861814 0.99168256 0.00332413
4064.895711 0.99859354 0.00329232
4064.929609 0.99482122 0.00363924
4064.963507 0.99253900 0.00352281
4064.997405 0.99241429 0.00338729
4065.031304 0.99356221 0.00339462
4065.065203 0.99769968 0.00288707
4065.099102 0.99511768 0.00288322
4065.133001 0.99512461 0.00324661
4065.166901 0.99267949 0.00335343
4065.200801 0.99521768 0.00358786
4065.234701 0.99473946 0.00354796
4065.268602 0.99630894 0.00350324
4065.302503 0.99745534 0.00335503
4065.336404 0.99489906 0.00315922
4065.370305 0.99530482 0.00338128
4065.404207 0.99519163 0.00330592
4065.438109 1.00018950 0.00307151
4065.472011 0.99779102 0.00348530
4065.505914 0.99458720 0.00359939
4065.539816 0.99173478 0.00347262
4065.573720 0.99559137 0.00315339
4065.607623 0.99768280 0.00309195
4065.641527 0.99605983 0.00307426
4065.675431 0.99388802 0.00350667
4065.709335 0.99384301 0.00309926
4065.743239 0.99467436 0.00300771
4065.777144 0.99653688 0.00344355
4065.811049 0.99718998 0.00331462
4065.844955 0.99613634 0.00332127
4065.878860 0.99531960 0.00325172
4065.912766 0.99682582 0.00332750
4065.946672 0.99127058 0.00326488
4065.980579 0.99648607 0.00285560
4066.014486 1.00281361 0.00319598
4066.048393 0.99153382 0.00345665
4066.082300 0.99610117 0.00328414
4066.116208 0.99018500 0.00312512
4066.150115 0.99306198 0.00372151
4066.184024 0.99025767 0.00337818
4066.217932 0.99377270 0.00338805
4066.251841 0.99626315 0.00332185
4066.285750 0.99650527 0.00300968
4066.319659 0.99251971 0.00338847
4066.353569 0.99118124 0.00335660
4066.387479 0.99201981 0.00315621
4066.421389 0.99731928 0.00354396
4066.455299 1.00264898 0.00324486
4066.489210 1.00346719 0.00301216
4066.523121 0.99907197 0.00320617
4066.557032 0.99600167 0.00326141
4066.590944 0.99680359 0.00310760
4066.624856 1.00210214 0.00314122
4066.658768 0.99823196 0.00332700
4066.692680 0.99343198 0.00323146
4066.726593 0.99765237 0.00361516
4066.760506 0.99205390 0.00302782
4066.794419 0.98579285 0.00302027
4066.828333 0.98303160 0.00334692
4066.862247 0.98375270 0.00320531
4066.896161 0.98295235 0.00263449
4066.930075 0.98199793 0.00297310
4066.963990 0.97804941 0.00294703
4066.997905 0.97228117 0.00328192
4067.031820 0.97025457 0.00291776
4067.065736 0.96333809 0.00306274
4067.099651 0.96292307 0.00334304
4067.133568 0.96491934 0.00310822
4067.167484 0.96108369 0.00338537
4067.201401 0.94920207 0.00354658
4067.235318 0.94817450 0.00361993
4067.269235 0.94577459 0.00364914
4067.303152 0.94599273 0.00303203
4067.337070 0.94601985 0.00332746
4067.370988 0.94894268 0.00349325
4067.404907 0.94165338 0.00363576
4067.438825 0.93190793 0.00298835
4067.472744 0.93380776 0.00297764
4067.506663 0.93264773 0.00347133
4067.540583 0.93141711 0.00329668
4067.574503 0.92962521 0.00356609
4067.608423 0.93097640 0.00301442
4067.642343 0.92861318 0.00348771
4067.676264 0.92941208 0.00334548
4067.710185 0.92361528 0.00332338
4067.744106 0.91787923 0.00327501
4067.778027 0.91347603 0.00331362
4067.811949 0.90820899 0.00363930
4067.845871 0.90957178 0.00298569
4067.879793 0.90809013 0.00295992
4067.913716 0.90258617 0.00340218
4067.947639 0.90762349 0.00305238
4067.981562 0.90557570 0.00325239
4068.015485 0.89748305 0.00349846
4068.049409 0.89404700 0.00372228
4068.083333 0.89296534 0.00336217
4068.117258 0.88389714 0.00301505
4068.151182 0.88677301 0.00314696
4068.185107 0.88136097 0.00336808
4068.219032 0.87634717 0.00345735
4068.252958 0.87891716 0.00347387
4068.286883 0.87733928 0.00340105
4068.320809 0.86804025 0.00337991
4068.354736 0.86418398 0.00316940
4068.388662 0.86242431 0.00337213
4068.422589 0.86713607 0.00369626
4068.456516 0.86148064 0.00330516
4068.490444 0.86043180 0.00350921
4068.524371 0.86410852 0.00319816
4068.558299 0.85193109 0.00300090
4068.592228 0.85664506 0.00305474
4068.626156 0.85442364 0.00346303
4068.660085 0.85282109 0.00324037
4068.694014 0.85544829 0.00309275
4068.727943 0.84770912 0.00334343
4068.761873 0.84694107 0.00370498
4068.795803 0.84889669 0.00323794
4068.829733 0.84986114 0.00333939
4068.863664 0.84844092 0.00362065
4068.897595 0.84995407 0.00360280
4068.931526 0.83850910 0.00355182
4068.965457 0.84515361 0.00306819
4068.999389 0.84773038 0.00317182
4069.033321 0.84209935 0.00368168
4069.067253 0.83635467 0.00330564
4069.101185 0.83276589 0.00283104
4069.135118 0.82864777 0.00341987
4069.169051 0.83069351 0.00365635
4069.202985 0.82724738 0.00324191
4069.236918 0.82671603 0.00330355
4069.270852 0.82979693 0.00329970
4069.304786 0.82265606 0.00341745
4069.338721 0.82438001 0.00340369
4069.372656 0.81870951 0.00293639
4069.406591 0.80930201 0.00318172
4069.440526 0.81016954 0.00310675
4069.474462 0.80428297 0.00342988
4069.508398 0.80058269 0.00345673
4069.542334 0.79301348 0.00304693
4069.576270 0.79712091 0.00309340
4069.610207 0.79748666 0.00319622
4069.644144 0.79521967 0.00330463
4069.678081 0.79941537 0.00348734
4069.712019 0.79806852 0.00336587
4069.745957 0.79652869 0.00338339
4069.779895 0.80035885 0.00336543
4069.813834 0.80334282 0.00306086
4069.847772 0.79973149 0.00317742
4069.881711 0.80611839 0.00367534
4069.915651 0.80815612 0.00333231
4069.949590 0.81270530 0.00341973
4069.983530 0.81552839 0.00353139
4070.017470 0.82101027 0.00352484
4070.051411 0.81788044 0.00366776
4070.085351 0.81855075 0.00293781
4070.119292 0.82145254 0.00329483
4070.153234 0.82929040 0.00340714
4070.187175 0.83183741 0.00341117
4070.221117 0.83377231 0.00319772
4070.255059 0.83948483 0.00303140
4070.289002 0.83792867 0.00338035
4070.322944 0.84083039 0.00341996
4070.356887 0.84558257 0.00344118
4070.390831 0.85103973 0.00305224
4070.424774 0.85561003 0.00293089
4070.458718 0.86107292 0.00312798
4070.492662 0.85932078 0.00353458
4070.526606 0.85598525 0.00321720
4070.560551 0.86800677 0.00356638
4070.594496 0.87257274 0.00310408
4070.628441 0.87238487 0.00346859
4070.662387 0.88191433 0.00334913
4070.696333 0.88750168 0.00333046
4070.730279 0.89549291 0.00348184
4070.764225 0.89925259 0.00328318
4070.798172 0.90262900 0.00312116
4070.832119 0.90694412 0.00330268
4070.866066 0.90747082 0.00295737
4070.900013 0.91673574 0.00330636
4070.933961 0.91960754 0.00320558
4070.967909 0.92856369 0.00301655
4071.001858 0.92745279 0.00338808
4071.035806 0.92829149 0.00351218
4071.069755 0.92878516 0.00347747
4071.103704 0.93423742 0.00338318
4071.137654 0.93304575 0.00329684
4071.171604 0.93684187 0.00331085
4071.205554 0.93966884 0.00345978
4071.239504 0.93678155 0.00325928
4071.273455 0.93174479 0.00344193
4071.307406 0.93370774 0.00340751
4071.341357 0.92734119 0.00346213
4071.375308 0.93230918 0.00351254
4071.409260 0.93572907 0.00357147
4071.443212 0.93851600 0.00347703
4071.477164 0.93778097 0.00316865
4071.511117 0.93350851 0.00315943
4071.545070 0.92449392 0.00315274
4071.579023 0.93050424 0.00291766
4071.612977 0.93151455 0.00336407
4071.646930 0.93101574 0.00307714
4071.680884 0.93212175 0.00305759
4071.714839 0.93346036 0.00334180
4071.748793 0.92660225 0.00316512
4071.782748 0.92525871 0.00336385
4071.816703 0.92438317 0.00290982
4071.850659 0.92490130 0.00336222
4071.884614 0.92437999 0.00315383
4071.918570 0.91960231 0.00338380
4071.952527 0.92219294 0.00344930
4071.986483 0.92489134 0.00330112
4072.020440 0.92334395 0.00369597
4072.054397 0.92431999 0.00330757
4072.088355 0.92150261 0.00328076
4072.122312 0.91696171 0.00278550
4072.156270 0.91807917 0.00339831
4072.190229 0.91541998 0.00316920
4072.224187 0.91496894 0.00320774
4072.258146 0.91979867 0.00339889
4072.292105 0.91859098 0.00312437
4072.326065 0.91602007 0.00365778
4072.360024 0.91937312 0.00339457
4072.393984 0.92077933 0.00326646
4072.427944 0.91978481 0.00355060
4072.461905 0.92269133 0.00358406
4072.495866 0.92168910 0.00319143
4072.529827 0.92294967 0.00307490
4072.563788 0.92777750 0.00330534
4072.597750 0.92565124 0.00347693
4072.631712 0.92822872 0.00338193
4072.665674 0.93152402 0.00339346
4072.699637 0.92893821 0.00345163
4072.733599 0.93402737 0.00310373
4072.767563 0.93771294 0.00297122
4072.801526 0.94305045 0.00339631
4072.835490 0.94087029 0.00375491
4072.869454 0.94508121 0.00335350
4072.903418 0.94450577 0.00332834
4072.937382 0.94733545 0.00350999
4072.971347 0.95113119 0.00348426
4073.005312 0.95453178 0.00366819
4073.039277 0.95718131 0.00304165
4073.073243 0.96267356 0.00322939
4073.107209 0.96094093 0.00363023
4073.141175 0.96722655 0.00323313
4073.175142 0.97214092 0.00305017
4073.209108 0.97758697 0.00323795
4073.243075 0.97590466 0.00339950
4073.277043 0.97637115 0.00389997
4073.311010 0.97762643 0.00323754
4073.344978 0.97713810 0.00292601
4073.378947 0.98553393 0.00275602
4073.412915 0.98372847 0.00329659
4073.446884 0.98504481 0.00299865
4073.480853 0.98477143 0.00385443
4073.514822 0.98675909 0.00350376
4073.548792 0.98186520 0.00305500
4073.582762 0.98109159 0.00309643
4073.616732 0.98154904 0.00336303
4073.650702 0.98390309 0.00329738
4073.684673 0.98309633 0.00313699
4073.718644 0.98836047 0.00355839
4073.752615 0.98236712 0.00364953
4073.786587 0.98534551 0.00307409
4073.820559 0.98722038 0.00329395
4073.854531 0.98641788 0.00325737
4073.888503 0.98675420 0.00319940
4073.922476 0.98368257 0.00368467
4073.956449 0.98506866 0.00350098
4073.990422 0.98618450 0.00328668
4074.024396 0.98407171 0.00328846
4074.058370 0.98993953 0.00367253
4074.092344 0.98851121 0.00340624
4074.126318 0.99110314 0.00313839
4074.160293 0.98813337 0.00316804
4074.194268 0.98475210 0.00345453
4074.228243 0.99155992 0.00349447
4074.262219 0.98593483 0.00321784
4074.296195 0.98223422 0.00296413
4074.330171 0.98457951 0.00365375
4074.364147 0.98045097 0.00349042
4074.398124 0.98274647 0.00329753
4074.432101 0.98265314 0.00341923
4074.466078 0.98004641 0.00364450
4074.500055 0.98599508 0.00332909
4074.534033 0.98569955 0.00322451
4074.568011 0.98516939 0.00338457
4074.601990 0.98329955 0.00329948
4074.635968 0.98762099 0.00324385
4074.669947 0.98658334 0.00350958
4074.703927 0.98294435 0.00345562
4074.737906 0.98179257 0.00343059
4074.771886 0.97818534 0.00316613
4074.805866 0.97349942 0.00284830
4074.839846 0.97086310 0.00325017
4074.873827 0.96692121 0.00379132
4074.907808 0.96212424 0.00327055
4074.941789 0.95805750 0.00333423
4074.975771 0.95347887 0.00302224
4075.009752 0.94711842 0.00314286
4075.043735 0.94429542 0.00361614
4075.077717 0.94500521 0.00336612
4075.111699 0.94160216 0.00351529
4075.145682 0.94131627 0.00350197
4075.179666 0.93743666 0.00332741
4075.213649 0.93154987 0.00324431
4075.247633 0.92420398 0.00306245
4075.281617 0.92667829 0.00287019
4075.315601 0.92862763 0.00343936
4075.349586 0.92748472 0.00305194
4075.383571 0.92626772 0.00361948
4075.417556 0.91472346 0.00336629
4075.451541 0.91401581 0.00321025
4075.485527 0.91521758 0.00297572
4075.519513 0.91371801 0.00327319
4075.553500 0.91229165 0.00295566
4075.587486 0.90543330 0.00297422
4075.621473 0.90760918 0.00277270
4075.655460 0.91236588 0.00340155
4075.689448 0.91275132 0.00347515
4075.723435 0.91183699 0.00349670
4075.757423 0.91028273 0.00375101
4075.791412 0.90659714 0.00318640
4075.825400 0.91082248 0.00280524
4075.859389 0.91470952 0.00311133
4075.893378 0.90996950 0.00329983
4075.927368 0.90551739 0.00351833
4075.961357 0.90968448 0.00356451
4075.995347 0.90918404 0.00354384
4076.029338 0.90771089 0.00347254
4076.063328 0.90784887 0.00309868
4076.097319 0.90696898 0.00322370
4076.131310 0.91046981 0.00294999
4076.165302 0.91336238 0.00326017
4076.199293 0.91818283 0.00337980
4076.233285 0.91805914 0.00349532
4076.267278 0.91794853 0.00294113
4076.301270 0.91760511 0.00355623
4076.335263 0.92449993 0.00314709
4076.369256 0.92535812 0.00349231
4076.403250 0.92530689 0.00335043
4076.437243 0.92494819 0.00324903
4076.471237 0.92698304 0.00326730
4076.505231 0.93477510 0.00343507
4076.539226 0.93277873 0.00342454
4076.573221 0.94030499 0.00337971
4076.607216 0.94417257 0.00313097
4076.641211 0.94719662 0.00375003
4076.675207 0.95010507 0.00323737
4076.709203 0.95074887 0.00335441
4076.743199 0.95409752 0.00302205
4076.777196 0.95743010 0.00318792
4076.811192 0.96090749 0.00340455
4076.845190 0.96863924 0.00332405
4076.879187 0.97271711 0.00313672
4076.913185 0.97491020 0.00324788
4076.947183 0.97986043 0.00338649
4076.981181 0.98459580 0.00334237
4077.015179 0.98596550 0.00337967
4077.049178 0.98770581 0.00308266
4077.083177 0.99642165 0.00319934
4077.117176 0.99617440 0.00320128
4077.151176 0.99416419 0.00312464
4077.185176 0.99696220 0.00349623
4077.219176 1.00005845 0.00322760
4077.253177 0.99366855 0.00311135
4077.287177 0.99176298 0.00348466
4077.321179 0.99841339 0.00334620
4077.355180 0.99694039 0.00304672
4077.389182 0.99710696 0.00322568
4077.423183 0.99450527 0.00349928
4077.457186 0.99503698 0.00335642
4077.491188 0.99715909 0.00314968
4077.525191 0.99749988 0.00291301
4077.559194 0.99475922 0.00304114
4077.593197 0.99615571 0.00340447
4077.627201 0.99751584 0.00359382
4077.661205 0.99466765 0.00335658
4077.695209 0.99192645 0.00348812
4077.729213 0.99463623 0.00292326
4077.763218 0.99645461 0.00371937
4077.797223 0.99378605 0.00307548
4077.831228 0.99251610 0.00337908
4077.865234 0.99652185 0.00346655
4077.899240 0.99567623 0.00337614
4077.933246 0.98724301 0.00368183
4077.967253 0.98879505 0.00348621
4078.001259 0.98503232 0.00343095
4078.035266 0.98608245 0.00325570
4078.069274 0.98498559 0.00332071
4078.103281 0.98946469 0.00329791
4078.137289 0.98033239 0.00350197
4078.171297 0.98520431 0.00373469
4078.205306 0.97915019 0.00301317
4078.239314 0.97843247 0.00342389
4078.273323 0.97609430 0.00356787
4078.307333 0.98432849 0.00338951
4078.341342 0.98030148 0.00348514
4078.375352 0.97698489 0.00311635
4078.409362 0.97401912 0.00335619
4078.443373 0.97753372 0.00354175
4078.477383 0.97883167 0.00369307
4078.511394 0.97963946 0.00292666
4078.545405 0.97289775 0.00358570
4078.579417 0.97360604 0.00311404
4078.613429 0.97253915 0.00323225
4078.647441 0.97358143 0.00299588
4078.681453 0.97697780 0.00327775
4078.715466 0.97747759 0.00298794
4078.749479 0.97691136 0.00329175
4078.783492 0.97969659 0.00316827
4078.817506 0.97954203 0.00330927
4078.851520 0.98110252 0.00323684
4078.885534 0.97655271 0.00368349
4078.919548 0.97810512 0.00338695
4078.953563 0.97662034 0.00340855
4078.987578 0.97243272 0.00348212
4079.021593 0.97230972 0.00357879
4079.055608 0.97615928 0.00320698
4079.089624 0.97952342 0.00308007
4079.123640 0.98373969 0.00353700
4079.157657 0.97848709 0.00367547
4079.191673 0.97802434 0.00298721
4079.225690 0.97455210 0.00313874
4079.259708 0.97607243 0.00341416
4079.293725 0.97944183 0.00342315
4079.327743 0.97604159 0.00360587
4079.361761 0.97472442 0.00338490
4079.395779 0.98179622 0.00370766
4079.429798 0.97847157 0.00309073
4079.463817 0.98100614 0.00354109
4079.497836 0.98402117 0.00330846
4079.531856 0.98275241 0.00341380
4079.565875 0.97896905 0.00322850
4079.599895 0.98135421 0.00352413
4079.633916 0.98428218 0.00348992
4079.667936 0.98366514 0.00333333
4079.701957 0.98336277 0.00316924
4079.735978 0.98656642 0.00298961
4079.770000 0.98499361 0.00342549
4079.804022 0.98374750 0.00364590
4079.838044 0.98850318 0.00352768
4079.872066 0.99103796 0.00350950
4079.906089 0.99084270 0.00294911
4079.940112 0.99375292 0.00356235
4079.974135 0.99099115 0.00310976
4080.008158 0.99144478 0.00309919
4080.042182 0.98629271 0.00302620
4080.076206 0.98684437 0.00314368
4080.110230 0.98613135 0.00352425
4080.144255 0.98547632 0.00344607
4080.178280 0.98255296 0.00330476
4080.212305 0.98257876 0.00310439
4080.246330 0.98594929 0.00337280
4080.280356 0.98366461 0.00372691
4080.314382 0.98445951 0.00356218
4080.348408 0.97981884 0.00372777
4080.382435 0.97612756 0.00350402
4080.416462 0.97499868 0.00350150
4080.450489 0.97276637 0.00389745
4080.484517 0.97521801 0.00322377
4080.518544 0.97226564 0.00328668
4080.552572 0.97477247 0.00286833
4080.586601 0.97458344 0.00347197
4080.620629 0.97664930 0.00364599
4080.654658 0.97511836 0.00357669
4080.688687 0.97324468 0.00328691
4080.722717 0.97052145 0.00334645
4080.756746 0.97134037 0.00324810
4080.790776 0.96999603 0.00337525
4080.824806 0.97858160 0.00356230
4080.858837 0.97827119 0.00331263
4080.892868 0.97412393 0.00348890
4080.926899 0.97749972 0.00315683
4080.960930 0.97906722 0.00341553
4080.994962 0.97446460 0.00395342
4081.028994 0.97813892 0.00351308
4081.063026 0.97768705 0.00352975
4081.097059 0.97478839 0.00355552
4081.131092 0.97967389 0.00365676
4081.165125 0.97880293 0.00325590
4081.199158 0.97492352 0.00380003
4081.233192 0.97329553 0.00338128
4081.267226 0.97212196 0.00368752
4081.301260 0.97489745 0.00350990
4081.335295 0.97084132 0.00324625
4081.369329 0.96888572 0.00321567
4081.403365 0.97384273 0.00346492
4081.437400 0.97019848 0.00368128
4081.471436 0.97392165 0.00329152
4081.505472 0.97827687 0.00329083
4081.539508 0.97811202 0.00332353
4081.573544 0.98198534 0.00327438
4081.607581 0.97606051 0.00377984
4081.641618 0.97757167 0.00332445
4081.675656 0.97505280 0.00343727
4081.709693 0.97460073 0.00340495
4081.743731 0.98072462 0.00388779
4081.777769 0.98042797 0.00341470
4081.811808 0.98179249 0.00310840
4081.845847 0.98040623 0.00348387
4081.879886 0.97693300 0.00308474
4081.913925 0.98136354 0.00341210
4081.947965 0.98802176 0.00309592
4081.982005 0.98804776 0.00337250
4082.016045 0.99200176 0.00316539
4082.050085 0.98865861 0.00339115
4082.084126 0.98658333 0.00343962
4082.118167 0.98911150 0.00302602
4082.152209 0.98987155 0.00351666
4082.186250 0.99096302 0.00373540
4082.220292 0.98626906 0.00366647
4082.254334 0.98524939 0.00359736
4082.288377 0.98572755 0.00330357
4082.322420 0.98842303 0.00320857
4082.356463 0.99317451 0.00306567
4082.390506 0.99340426 0.00320366
4082.424550 0.98913294 0.00337596
4082.458593 0.99729149 0.00294554
4082.492638 0.99104888 0.00362937
4082.526682 0.98859748 0.00328678
4082.560727 0.99269897 0.00358111
4082.594772 0.99447103 0.00373011
4082.628817 0.98956272 0.00332975
4082.662863 0.99419614 0.00344469
4082.696909 0.99210126 0.00329889
4082.730955 0.98946803 0.00315345
4082.765001 0.99138320 0.00351228
4082.799048 0.99036205 0.00345971
4082.833095 0.98633651 0.00319257
4082.867142 0.98942593 0.00340491
4082.901190 0.99002606 0.00312572
4082.935238 0.98855288 0.00305863
4082.969286 0.99265919 0.00328664
4083.003334 0.99441174 0.00295369
4083.037383 0.99160460 0.00365604
4083.071432 0.98760266 0.00348198
4083.105481 0.98904096 0.00341481
4083.139531 0.98953542 0.00341414
4083.173581 0.99320540 0.00331417
4083.207631 0.99851608 0.00362244
4083.241681 0.99081756 0.00321151
4083.275732 0.98968975 0.00301583
4083.309783 0.99317972 0.00331617
4083.343834 0.99424753 0.00372626
4083.377886 0.99177004 0.00356421
4083.411938 0.99167113 0.00338118
4083.445990 0.99624240 0.00344898
4083.480042 0.99335319 0.00359493
4083.514095 0.99603435 0.00330677
4083.548148 0.98871442 0.00360451
4083.582201 0.98957107 0.00346460
4083.616255 0.99040227 0.00379715
4083.650309 0.99595626 0.00324993
4083.684363 0.99860423 0.00341170
4083.718417 0.99006923 0.00352489
4083.752472 0.99058001 0.00323196
4083.786527 0.98945868 0.00326883
4083.820582 0.99279905 0.00319236
4083.854638 0.99362282 0.00337436
4083.888694 0.98666115 0.00334311
4083.922750 0.98890181 0.00347777
4083.956806 0.99329027 0.00398399
4083.990863 0.98939675 0.00334713
4084.024920 0.99034302 0.00362816
4084.058977 0.98983263 0.00341220
4084.093034 0.99022436 0.00366654
4084.127092 0.98582184 0.00336299
4084.161150 0.98205025 0.00327619
4084.195209 0.98461692 0.00340744
4084.229267 0.98311874 0.00363920
4084.263326 0.97510746 0.00346872
4084.297386 0.98170548 0.00390451
4084.331445 0.97340288 0.00349220
4084.365505 0.97881654 0.00330362
4084.399565 0.97366680 0.00312243
4084.433625 0.97354255 0.00366367
4084.467686 0.97454453 0.00323865
4084.501747 0.97201505 0.00315166
4084.535808 0.97194541 0.00265373
4084.569870 0.97293554 0.00349812
4084.603931 0.97303344 0.00338921
4084.637993 0.96745730 0.00342604
4084.672056 0.96834458 0.00338001
4084.706118 0.97282381 0.00323358
4084.740181 0.96712635 0.00380525
4084.774245 0.96859351 0.00360902
4084.808308 0.96830388 0.00384963
4084.842372 0.96251376 0.00381068
4084.876436 0.96701323 0.00360790
4084.910500 0.97015585 0.00344224
4084.944565 0.96514197 0.00335173
4084.978630 0.96180122 0.00370436
4085.012695 0.96974672 0.00322423
4085.046761 0.97135510 0.00332603
4085.080826 0.96490762 0.00342043
4085.114892 0.96643176 0.00372134
4085.148959 0.96674573 0.00303407
4085.183025 0.96430733 0.00307724
4085.217092 0.96673252 0.00360715
4085.251159 0.96624460 0.00371674
4085.285227 0.96629327 0.00405256
4085.319295 0.97239558 0.00379653
4085.353363 0.97801202 0.00315176
4085.387431 0.96968906 0.00336820
4085.421500 0.95951451 0.00331970
4085.455568 0.96569901 0.00317907
4085.489638 0.96923416 0.00332161
4085.523707 0.96976478 0.00333228
4085.557777 0.97609564 0.00355395
4085.591847 0.97167332 0.00380969
4085.625917 0.96828024 0.00298116
4085.659988 0.97303814 0.00392124
4085.694059 0.97296975 0.00350044
4085.728130 0.97130647 0.00327668
4085.762201 0.96832647 0.00349061
4085.796273 0.97474087 0.00343476
4085.830345 0.96863105 0.00318332
4085.864417 0.97811128 0.00372899
4085.898490 0.98039477 0.00371880
4085.932563 0.98113912 0.00345729
4085.966636 0.97624990 0.00340114
4086.000709 0.97758828 0.00330070
4086.034783 0.98260330 0.00360189
4086.068857 0.98501648 0.00314252
4086.102931 0.98927347 0.00355291
4086.137006 0.98235903 0.00315382
4086.171081 0.98889652 0.00323595
4086.205156 0.98769931 0.00339241
4086.239231 0.98570568 0.00334345
4086.273307 0.99011529 0.00378003
4086.307383 0.99046095 0.00365893
4086.341459 0.98560001 0.00368702
4086.375536 0.99111790 0.00335882
4086.409613 0.98764856 0.00344586
4086.443690 0.98761507 0.00337738
4086.477767 0.98719208 0.00366855
4086.511845 0.99017643 0.00314217
4086.545923 0.98728481 0.00346844
4086.580001 0.99208219 0.00353677
4086.614080 0.98702383 0.00327531
4086.648159 0.98996794 0.00386167
4086.682238 0.98656054 0.00353041
4086.716317 0.98812148 0.00363387
4086.750397 0.99208642 0.00358197
4086.784477 0.98676051 0.00367040
4086.818557 0.98547502 0.00327136
4086.852638 0.98335452 0.00308617
4086.886718 0.98477640 0.00290134
4086.920800 0.98442981 0.00341914
4086.954881 0.98356677 0.00310669
4086.988963 0.98325950 0.00311664
4087.023045 0.98694949 0.00369762
4087.057127 0.98613850 0.00373490
4087.091209 0.98496869 0.00375999
4087.125292 0.97713334 0.00338945
4087.159375 0.97985091 0.00337717
4087.193459 0.98449529 0.00300669
4087.227542 0.99024842 0.00331155
4087.261626 0.98268728 0.00373941
4087.295710 0.98226775 0.00357846
4087.329795 0.97971276 0.00306075
4087.363880 0.98807883 0.00316037
4087.397965 0.98109783 0.00322301
4087.432050 0.98026955 0.00337752
4087.466136 0.97551854 0.00307927
4087.500222 0.97573079 0.00332600
4087.534308 0.96903314 0.00324318
4087.568395 0.96811548 0.00340216
4087.602481 0.97443331 0.00371624
4087.636568 0.96730928 0.00360752
4087.670656 0.96302816 0.00341701
4087.704743 0.95909437 0.00336320
4087.738831 0.95269143 0.00330668
4087.772920 0.94602172 0.00322287
4087.807008 0.93241537 0.00337563
4087.841097 0.93146129 0.00326778
4087.875186 0.92064667 0.00324418
4087.909275 0.90968034 0.00343864
4087.943365 0.89615230 0.00339456
4087.977455 0.88854177 0.00350744
4088.011545 0.88147842 0.00392554
4088.045636 0.86879329 0.00345467
4088.079726 0.86085635 0.00338275
4088.113817 0.85532709 0.00318053
4088.147909 0.84600150 0.00373811
4088.182000 0.83558824 0.00314966
4088.216092 0.82789004 0.00343501
4088.250184 0.82759357 0.00378952
4088.284277 0.81465340 0.00343582
4088.318370 0.80585931 0.00327345
4088.352463 0.80573518 0.00343071
4088.386556 0.80064342 0.00363477
4088.420650 0.79469040 0.00382505
4088.454744 0.78683749 0.00355442
4088.488838 0.78208091 0.00349820
4088.522932 0.77875330 0.00313633
4088.557027 0.77906356 0.00321518
4088.591122 0.76851080 0.00344886
4088.625217 0.77206605 0.00338956
4088.659313 0.77650222 0.00328744
4088.693409 0.77331601 0.00367508
4088.727505 0.76911821 0.00334495
4088.761602 0.76167303 0.00346672
4088.795698 0.76793373 0.00382991
4088.829795 0.76685488 0.00380140
4088.863893 0.76783680 0.00282069
4088.897990 0.76886540 0.00327454
4088.932088 0.76393359 0.00397760
4088.966186 0.76767354 0.00327742
4089.000285 0.76735451 0.00297400
4089.034383 0.76793226 0.00323165
4089.068482 0.77093775 0.00352822
4089.102582 0.76892830 0.00371445
4089.136681 0.77455593 0.00353537
4089.170781 0.77925640 0.00370041
4089.204881 0.77865575 0.00358616
4089.238982 0.78367735 0.00299069
4089.273083 0.78698260 0.00352960
4089.307184 0.78932912 0.00323957
4089.341285 0.79682421 0.00349079
4089.375386 0.80234912 0.00319783
4089.409488 0.80891298 0.00304646
4089.443590 0.81826585 0.00318709
4089.477693 0.82086811 0.00316155
4089.511796 0.82501544 0.00355343
4089.545899 0.83179253 0.00370407
4089.580002 0.84188714 0.00365653
4089.614105 0.84878687 0.00340879
4089.648209 0.85330013 0.00330700
4089.682313 0.86592406 0.00304089
4089.716418 0.87600220 0.00342469
4089.750523 0.88913704 0.00322620
4089.784628 0.89458494 0.00388693
4089.818733 0.90317063 0.00332581
4089.852838 0.91061139 0.00318986
4089.886944 0.92195509 0.00336317
4089.921050 0.93069847 0.00348562
4089.955157 0.93200900 0.00380296
4089.989263 0.94617600 0.00340072
4090.023370 0.95413560 0.00343765
4090.057478 0.95565767 0.00345259
4090.091585 0.96330286 0.00321784
4090.125693 0.97003270 0.00349183
4090.159801 0.96275598 0.00330497
4090.193910 0.97363473 0.00374559
4090.228018 0.96870454 0.00365889
4090.262127 0.97252056 0.00316580
4090.296237 0.97219470 0.00347670
4090.330346 0.97369257 0.00329591
4090.364456 0.97528214 0.00320597
4090.398566 0.97499280 0.00337137
4090.432676 0.97198080 0.00340187
4090.466787 0.97631619 0.00330745
4090.500898 0.97886651 0.00372796
4090.535009 0.97446548 0.00356833
4090.569121 0.97871757 0.00335124
4090.603233 0.97472153 0.00360692
4090.637345 0.97233318 0.00332123
4090.671457 0.98050585 0.00378969
4090.705570 0.98798283 0.00334708
4090.739683 0.97908311 0.00353926
4090.773796 0.98340317 0.00332993
4090.807910 0.97859693 0.00348873
4090.842023 0.97692091 0.00329812
4090.876137 0.97613811 0.00342394
4090.910252 0.97356648 0.00317154
4090.944366 0.97288833 0.00317918
4090.978481 0.97254999 0.00363013
4091.012597 0.96797228 0.00346565
4091.046712 0.97665536 0.00374160
4091.080828 0.97823602 0.00342503
4091.114944 0.97367722 0.00383312
4091.149060 0.97116752 0.00362882
4091.183177 0.96798073 0.00336098
4091.217294 0.97323536 0.00329870
4091.251411 0.97546365 0.00336832
4091.285529 0.98019812 0.00352950
4091.319646 0.97832667 0.00365278
4091.353765 0.97398102 0.00344225
4091.387883 0.97065824 0.00349218
4091.422002 0.97597511 0.00371239
4091.456121 0.97488704 0.00374110
4091.490240 0.97401768 0.00344578
4091.524359 0.97120959 0.00327603
4091.558479 0.97449376 0.00356552
4091.592599 0.97509816 0.00380021
4091.626719 0.97612572 0.00332140
4091.660840 0.97205919 0.00355623
4091.694961 0.96731003 0.00383022
4091.729082 0.97210369 0.00309438
4091.763204 0.97589355 0.00349977
4091.797325 0.97344841 0.00338128
4091.831448 0.97005465 0.00314037
4091.865570 0.96967801 0.00347565
4091.899692 0.96886245 0.00332217
4091.933815 0.96406425 0.00306944
4091.967939 0.95854381 0.00318102
4092.002062 0.96399166 0.00334220
4092.036186 0.96066503 0.00341605
4092.070310 0.96150762 0.00367889
4092.104434 0.95727363 0.00368341
4092.138559 0.95812653 0.00327398
4092.172684 0.96236277 0.00328670
4092.206809 0.95704810 0.00347825
4092.240934 0.95594794 0.00357731
4092.275060 0.95687270 0.00313489
4092.309186 0.95907439 0.00357698
4092.343313 0.95875989 0.00361608
4092.377439 0.95061949 0.00330745
4092.411566 0.95306126 0.00337648
4092.445693 0.95584381 0.00324288
4092.479821 0.95628646 0.00326665
4092.513948 0.95588499 0.00330461
4092.548076 0.94893477 0.00314530
4092.582205 0.94790566 0.00337714
4092.616333 0.94734268 0.00377642
4092.650462 0.94945082 0.00375078
4092.684591 0.94428103 0.00336127
4092.718721 0.94727907 0.00336910
4092.752851 0.94469230 0.00365576
4092.786981 0.94547858 0.00337554
4092.821111 0.95145499 0.00349069
4092.855242 0.95063718 0.00353658
4092.889372 0.94781642 0.00333908
4092.923504 0.94482892 0.00357315
4092.957635 0.94395861 0.00339156
4092.991767 0.94363144 0.00341098
4093.025899 0.94374406 0.00332837
4093.060031 0.94771810 0.00375023
4093.094164 0.94728214 0.00349057
4093.128297 0.94119279 0.00349093
4093.162430 0.94310419 0.00317430
4093.196563 0.94721804 0.00310633
4093.230697 0.94545460 0.00362491
4093.264831 0.94063399 0.00366395
4093.298965 0.94750236 0.00339805
4093.333100 0.94228621 0.00337213
4093.367235 0.94581341 0.00348821
4093.401370 0.94633675 0.00380398
4093.435505 0.94896567 0.00317691
4093.469641 0.94846909 0.00315051
4093.503777 0.94837074 0.00317354
4093.537913 0.94718535 0.00392765
4093.572050 0.94515746 0.00359448
4093.606187 0.94736115 0.00350365
4093.640324 0.94429245 0.00366398
4093.674461 0.94629270 0.00363259
4093.708599 0.94518241 0.00301648
4093.742737 0.94228988 0.00294152
4093.776875 0.94361992 0.00371276
4093.811014 0.94907972 0.00381297
4093.845153 0.95287287 0.00379472
4093.879292 0.94495971 0.00350328
4093.913431 0.94333872 0.00351990
4093.947571 0.94817803 0.00354792
4093.981711 0.94501203 0.00354565
4094.015851 0.94744898 0.00320726
4094.049992 0.94710201 0.00328340
4094.084133 0.94502248 0.00304116
4094.118274 0.94615073 0.00323624
4094.152415 0.94636174 0.00362671
4094.186557 0.94748788 0.00396354
4094.220699 0.94703557 0.00341203
4094.254841 0.94603050 0.00357783
4094.288984 0.94438071 0.00302298
4094.323127 0.94355440 0.00383681
4094.357270 0.94581564 0.00354086
4094.391413 0.94027086 0.00365702
4094.425557 0.94463749 0.00322387
4094.459701 0.94065277 0.00369880
4094.493845 0.93635008 0.00374207
4094.527990 0.94416500 0.00360400
4094.562134 0.94224370 0.00306973
4094.596279 0.94008630 0.00337588
4094.630425 0.94008952 0.00312810
4094.664571 0.94010793 0.00308376
4094.698717 0.93792697 0.00369989
4094.732863 0.93699212 0.00328754
4094.767009 0.93694220 0.00366533
4094.801156 0.93968158 0.00307381
4094.835303 0.94041685 0.00342608
4094.869451 0.93433794 0.00328756
4094.903598 0.93634359 0.00331089
4094.937746 0.93733353 0.00333061
4094.971895 0.93141846 0.00341156
4095.006043 0.92956475 0.00349061
4095.040192 0.93473268 0.00329194
4095.074341 0.93509524 0.00332985
4095.108490 0.93563115 0.00364408
4095.142640 0.93318630 0.00384105
4095.176790 0.93278693 0.00344134
4095.210940 0.93197148 0.00335832
4095.245091 0.93334481 0.00315234
4095.279242 0.93296787 0.00336522
4095.313393 0.93569091 0.00277479
4095.347544 0.93056540 0.00314114
4095.381696 0.93148633 0.00377702
4095.415848 0.92839751 0.00358701
4095.450000 0.92486032 0.00357159
4095.484152 0.93130839 0.00309755
4095.518305 0.92277282 0.00356497
4095.552458 0.92792527 0.00335676
4095.586612 0.92356058 0.00342047
4095.620765 0.92979904 0.00318847
4095.654919 0.93177628 0.00345580
4095.689074 0.92532196 0.00363586
4095.723228 0.92077875 0.00354808
4095.757383 0.92607861 0.00313803
4095.791538 0.91651814 0.00358905
4095.825693 0.92589349 0.00314164
4095.859849 0.92369330 0.00344806
4095.894005 0.92369939 0.00326843
4095.928161 0.91886714 0.00346586
4095.962318 0.91631396 0.00315054
4095.996474 0.91310819 0.00302001
4096.030631 0.91206578 0.00325737
4096.064789 0.90979519 0.00310625
4096.098946 0.91275792 0.00327658
4096.133104 0.90807454 0.00367451
4096.167263 0.90658782 0.00312704
4096.201421 0.90062342 0.00338615
4096.235580 0.90014615 0.00337566
4096.269739 0.89731065 0.00376088
4096.303898 0.89548510 0.00366203
4096.338058 0.88531905 0.00315071
4096.372218 0.88279604 0.00331748
4096.406378 0.87235685 0.00338518
4096.440539 0.87040763 0.00352706
4096.474699 0.86435861 0.00361082
4096.508860 0.86358658 0.00353406
4096.543022 0.85674184 0.00358123
4096.577183 0.84864870 0.00339464
4096.611345 0.84255165 0.00338472
4096.645508 0.84097397 0.00338838
4096.679670 0.83665081 0.00320493
4096.713833 0.83272644 0.00349180
4096.747996 0.82928632 0.00313412
4096.782159 0.82268001 0.00351013
4096.816323 0.82232708 0.00317083
4096.850487 0.81846204 0.00260307
4096.884651 0.82102375 0.00345326
4096.918815 0.81278907 0.00354585
4096.952980 0.81082131 0.00387334
4096.987145 0.80796385 0.00335948
4097.021311 0.80050594 0.00330092
4097.055476 0.80160212 0.00327110
4097.089642 0.80238677 0.00316636
4097.123808 0.79764563 0.00340569
4097.157975 0.78748992 0.00326331
4097.192142 0.79018914 0.00325346
4097.226309 0.79199693 0.00310992
4097.260476 0.78991441 0.00361010
4097.294644 0.79115440 0.00344464
4097.328811 0.78616308 0.00325058
4097.362980 0.79329198 0.00356734
4097.397148 0.78998968 0.00357523
4097.431317 0.78264178 0.00380275
4097.465486 0.78418585 0.00376516
4097.499655 0.78131700 0.00341177
4097.533825 0.78498054 0.00302957
4097.567995 0.78235140 0.00352122
4097.602165 0.78408136 0.00371274
4097.636335 0.78232231 0.00374895
4097.670506 0.77931390 0.00333231
4097.704677 0.77851483 0.00336397
4097.738849 0.78160168 0.00342978
4097.773020 0.77983592 0.00329422
4097.807192 0.77772836 0.00332697
4097.841364 0.77942092 0.00354870
4097.875537 0.78264709 0.00358100
4097.909709 0.78553395 0.00352623
4097.943882 0.78787405 0.00347140
4097.978056 0.78858723 0.00322937
4098.012229 0.78883541 0.00343319
4098.046403 0.78944312 0.00313080
4098.080577 0.78671332 0.00366776
4098.114752 0.79123165 0.00340989
4098.148927 0.79621526 0.00342209
4098.183102 0.80283056 0.00320649
4098.217277 0.80587921 0.00294232
4098.251453 0.80802476 0.00326022
4098.285628 0.80742889 0.00404924
4098.319805 0.80674406 0.00345732
4098.353981 0.81304422 0.00352324
4098.388158 0.81993616 0.00354799
4098.422335 0.82017728 0.00339953
4098.456512 0.81457866 0.00375473
4098.490690 0.81521108 0.00340240
4098.524868 0.81829330 0.00362644
4098.559046 0.81852081 0.00355307
4098.593224 0.81799178 0.00353055
4098.627403 0.81939130 0.00381443
4098.661582 0.81967251 0.00319232
4098.695761 0.81935287 0.00331691
4098.729941 0.82236245 0.00321169
4098.764121 0.81556059 0.00363400
4098.798301 0.81207767 0.00350329
4098.832481 0.81284421 0.00315040
4098.866662 0.80467411 0.00346912
4098.900843 0.80093588 0.00306064
4098.935024 0.79927219 0.00330225
4098.969206 0.80022375 0.00347084
4099.003388 0.80265912 0.00377269
4099.037570 0.79886903 0.00365271
4099.071752 0.79184933 0.00374390
4099.105935 0.78673822 0.00346362
4099.140118 0.78648838 0.00339108
4099.174301 0.78816176 0.00322609
4099.208485 0.77867679 0.00361877
4099.242669 0.77882460 0.00350232
4099.276853 0.77340684 0.00298193
4099.311037 0.77408899 0.00319665
4099.345222 0.77188986 0.00342349
4099.379407 0.76857152 0.00356483
4099.413592 0.76490759 0.00393536
4099.447778 0.76083275 0.00354933
4099.481964 0.76474670 0.00332385
4099.516150 0.76425158 0.00368877
4099.550336 0.75423473 0.00320119
4099.584523 0.75020756 0.00323822
4099.618710 0.74736590 0.00343108
4099.652897 0.74940847 0.00367633
4099.687085 0.74739158 0.00329178
4099.721273 0.73630649 0.00308646
4099.755461 0.73182088 0.00338464
4099.789649 0.73311072 0.00326956
4099.823838 0.73046533 0.00309261
4099.858027 0.72541230 0.00318772
4099.892216 0.72661583 0.00336945
4099.926406 0.72358614 0.00370533
4099.960596 0.72433517 0.00402953
4099.994786 0.71255268 0.00376739
4100.028976 0.70782284 0.00356964
4100.063167 0.70396835 0.00375058
4100.097358 0.70047977 0.00349493
4100.131549 0.70325299 0.00343284
4100.165741 0.69366128 0.00319034
4100.199933 0.69376259 0.00366364
4100.234125 0.68681733 0.00339335
4100.268317 0.68735916 0.00352713
4100.302510 0.67870364 0.00316347
4100.336703 0.67989679 0.00331753
4100.370896 0.67357249 0.00390813
4100.405090 0.67140478 0.00335289
4100.439284 0.66522791 0.00360688
4100.473478 0.65690709 0.00313338
4100.507672 0.65575092 0.00310018
4100.541867 0.65188363 0.00342854
4100.576062 0.64587848 0.00342090
4100.610257 0.64463412 0.00330333
4100.644453 0.63618631 0.00323972
4100.678648 0.63266942 0.00329023
4100.712845 0.62974380 0.00343655
4100.747041 0.62873804 0.00341791
4100.781238 0.62606668 0.00358930
4100.815435 0.61189449 0.00301693
4100.849632 0.61384270 0.00334455
4100.883829 0.60993171 0.00343821
4100.918027 0.60331069 0.00346673
4100.952225 0.60016533 0.00343947
4100.986424 0.59849980 0.00351046
4101.020622 0.58996357 0.00313273
4101.054821 0.58746748 0.00327752
4101.089021 0.58606998 0.00337796
4101.123220 0.58245086 0.00326704
4101.157420 0.58180222 0.00355764
4101.191620 0.57703745 0.00326712
4101.225821 0.57357346 0.00334103
4101.260021 0.57317093 0.00350904
4101.294222 0.56993096 0.00341867
4101.328424 0.56440792 0.00322516
4101.362625 0.56479428 0.00317760
4101.396827 0.56502485 0.00307463
4101.431029 0.56707318 0.00322533
4101.465231 0.56423682 0.00333962
4101.499434 0.55845181 0.00350405
4101.533637 0.55399256 0.00334050
4101.567840 0.54485429 0.00324273
4101.602044 0.55385765 0.00362483
4101.636248 0.55164288 0.00384920
4101.670452 0.54908357 0.00343015
4101.704656 0.55324852 0.00361064
4101.738861 0.55066885 0.00306810
4101.773066 0.55354926 0.00365775
4101.807271 0.55033775 0.00319657
4101.841477 0.54786519 0.00301074
4101.875682 0.54906156 0.00298689
4101.909888 0.55205401 0.00342974
4101.944095 0.55323583 0.00293769
4101.978302 0.55701467 0.00332059
4102.012509 0.55788476 0.00348675
4102.046716 0.56068134 0.00315909
4102.080923 0.55941494 0.00306472
4102.115131 0.56434339 0.00278621
4102.149339 0.56522805 0.00341509
4102.183548 0.57029560 0.00295407
4102.217756 0.57272281 0.00349050
4102.251965 0.57368939 0.00297063
4102.286174 0.57615801 0.00329123
4102.320384 0.57171550 0.00330720
4102.354594 0.58284645 0.00335481
4102.388804 0.57934371 0.00327094
4102.423014 0.58742863 0.00323852
4102.457225 0.58224842 0.00350976
4102.491436 0.58506610 0.00325577
4102.525647 0.59007609 0.00352040
4102.559859 0.59181509 0.00321244
4102.594070 0.60275312 0.00335088
4102.628283 0.59962751 0.00328881
4102.662495 0.60129388 0.00366368
4102.696708 0.60089755 0.00353459
4102.730921 0.60299782 0.00309758
4102.765134 0.60851394 0.00331344
4102.799347 0.61467885 0.00361324
4102.833561 0.61667365 0.00311755
4102.867775 0.62101725 0.00324084
4102.901990 0.62225832 0.00315300
4102.936204 0.62716803 0.00319662
4102.970419 0.63166832 0.00342657
4103.004634 0.63266744 0.00304662
4103.038850 0.63757239 0.00338775
4103.073066 0.63806461 0.00306923
4103.107282 0.64101905 0.00358530
4103.141498 0.65553233 0.00349478
4103.175715 0.65505799 0.00330815
4103.209932 0.65817093 0.00365116
4103.244149 0.66475870 0.00373044
4103.278367 0.66505133 0.00340433
4103.312584 0.66843482 0.00351081
4103.346802 0.67690674 0.00375765
4103.381021 0.67799708 0.00287567
4103.415239 0.68187280 0.00300844
4103.449458 0.68801302 0.00307171
4103.483678 0.68353445 0.00316541
4103.517897 0.68469633 0.00331150
4103.552117 0.69340457 0.00339524
4103.586337 0.69354771 0.00350893
4103.620557 0.69561297 0.00379531
4103.654778 0.69660976 0.00354750
4103.688999 0.70145695 0.00340322
4103.723220 0.70483015 0.00326777
4103.757442 0.70911465 0.00357617
4103.791664 0.71432155 0.00334180
4103.825886 0.72284749 0.00368508
4103.860108 0.71916028 0.00339669
4103.894331 0.72013425 0.00349712
4103.928554 0.72729453 0.00342965
4103.962777 0.72493330 0.00340659
4103.997000 0.72653612 0.00319829
4104.031224 0.73177782 0.00344236
4104.065448 0.73186561 0.00314520
4104.099673 0.73815632 0.00304090
4104.133897 0.73537263 0.00347839
4104.168122 0.73985441 0.00337190
4104.202347 0.74661414 0.00328741
4104.236573 0.75163493 0.00328441
4104.270799 0.75207445 0.00319302
4104.305025 0.76210537 0.00371078
4104.339251 0.75149960 0.00377073
4104.373478 0.75371787 0.00296935
4104.407705 0.75833810 0.00305608
4104.441932 0.76967432 0.00311287
4104.476159 0.77276053 0.00309253
4104.510387 0.77674779 0.00320293
4104.544615 0.78627999 0.00327408
4104.578844 0.78427810 0.00383434
4104.613072 0.78391230 0.00334145
4104.647301 0.78817015 0.00323368
4104.681530 0.78850508 0.00307892
4104.715760 0.79295265 0.00345518
4104.749990 0.79349097 0.00391500
4104.784220 0.79030989 0.00324496
4104.818450 0.79386036 0.00328705
4104.852681 0.80253892 0.00330413
4104.886912 0.80176398 0.00339463
4104.921143 0.80328999 0.00304553
4104.955374 0.80097217 0.00306444
4104.989606 0.80439995 0.00369107
4105.023838 0.80805728 0.00338896
4105.058071 0.81222992 0.00318402
4105.092303 0.81420446 0.00265038
4105.126536 0.81341707 0.00360622
4105.160769 0.81815461 0.00340371
4105.195003 0.82191529 0.00335108
4105.229237 0.82211182 0.00330992
4105.263471 0.82564978 0.00372081
4105.297705 0.82695244 0.00323164
4105.331940 0.82639581 0.00308976
4105.366175 0.83062639 0.00320899
4105.400410 0.83032054 0.00369858
4105.434645 0.83345597 0.00341124
4105.468881 0.84449400 0.00368682
4105.503117 0.84205977 0.00341389
4105.537354 0.84945718 0.00343045
4105.571590 0.84796945 0.00362482
4105.605827 0.84874954 0.00336974
4105.640064 0.85294530 0.00326812
4105.674302 0.84790539 0.00361372
4105.708540 0.84691883 0.00342612
4105.742778 0.85772237 0.00336170
4105.777016 0.86395850 0.00357942
4105.811255 0.86608507 0.00341277
4105.845494 0.87387897 0.00355716
4105.879733 0.86822893 0.00350014
4105.913972 0.87362673 0.00342101
4105.948212 0.87849084 0.00346038
4105.982452 0.87729741 0.00357590
4106.016693 0.87854986 0.00352140
4106.050933 0.88270337 0.00327961
4106.085174 0.88248716 0.00334904
4106.119415 0.88380571 0.00334832
4106.153657 0.88565240 0.00334356
4106.187899 0.88684481 0.00329465
4106.222141 0.89359319 0.00378441
4106.256383 0.89536859 0.00313500
4106.290626 0.89394940 0.00313479
4106.324869 0.88983366 0.00362470
4106.359112 0.89462686 0.00382311
4106.393355 0.89801487 0.00301082
4106.427599 0.90083124 0.00368954
4106.461843 0.90157121 0.00361840
4106.496087 0.90039001 0.00347379
4106.530332 0.90279270 0.00341677
4106.564577 0.90158623 0.00374117
4106.598822 0.89997349 0.00348379
4106.633068 0.90440568 0.00351252
4106.667313 0.90633792 0.00337363
4106.701560 0.90271360 0.00373836
4106.735806 0.90731867 0.00367188
4106.770053 0.91018683 0.00330450
4106.804299 0.91178531 0.00313946
4106.838547 0.90954233 0.00372889
4106.872794 0.90520215 0.00370809
4106.907042 0.91626201 0.00378780
4106.941290 0.91843977 0.00359109
4106.975538 0.91663988 0.00322604
4107.009787 0.91902748 0.00317162
4107.044036 0.92155127 0.00335117
4107.078285 0.91998984 0.00352678
4107.112535 0.91399187 0.00318899
4107.146784 0.91800689 0.00361746
4107.181034 0.92204736 0.00342486
4107.215285 0.92388883 0.00323131
4107.249535 0.92629596 0.00342296
4107.283786 0.92432785 0.00303851
4107.318037 0.92281527 0.00340520
4107.352289 0.91891466 0.00364520
4107.386541 0.92592669 0.00366438
4107.420793 0.92964170 0.00374489
4107.455045 0.92765351 0.00366392
4107.489298 0.92535406 0.00325029
4107.523551 0.92274406 0.00336853
4107.557804 0.92926908 0.00299993
4107.592057 0.93393114 0.00382212
4107.626311 0.93588982 0.00333680
4107.660565 0.92532229 0.00331152
4107.694820 0.92811294 0.00342402
4107.729074 0.93447704 0.00296669
4107.763329 0.93427293 0.00312813
4107.797584 0.93103445 0.00316103
4107.831840 0.93228529 0.00329469
4107.866096 0.93184358 0.00335306
4107.900352 0.92910364 0.00322444
4107.934608 0.93251401 0.00324935
4107.968865 0.93494848 0.00333162
4108.003122 0.93885632 0.00306429
4108.037379 0.93612340 0.00380790
4108.071636 0.93778482 0.00286895
4108.105894 0.94075244 0.00359636
4108.140152 0.93951208 0.00351073
4108.174410 0.93627470 0.00371913
4108.208669 0.93660661 0.00333953
4108.242928 0.94364743 0.00324982
4108.277187 0.94597631 0.00367624
4108.311447 0.94429534 0.00342888
4108.345706 0.95163261 0.00348808
4108.379966 0.94891972 0.00334780
4108.414227 0.94596908 0.00334278
4108.448487 0.95065066 0.00340479
4108.482748 0.95152884 0.00338705
4108.517010 0.94463047 0.00379827
4108.551271 0.94772078 0.00352903
4108.585533 0.95003973 0.00294210
4108.619795 0.94986895 0.00361022
4108.654057 0.94963853 0.00389254
4108.688320 0.94319794 0.00312980
4108.722583 0.94784450 0.00299991
4108.756846 0.94760367 0.00366590
4108.791109 0.95445157 0.00350021
4108.825373 0.94791015 0.00338171
4108.859637 0.94597992 0.00349719
4108.893902 0.95018234 0.00341482
4108.928166 0.95661388 0.00329759
4108.962431 0.94695320 0.00348681
4108.996696 0.94861288 0.00349225
4109.030962 0.95451185 0.00334992
4109.065228 0.95282721 0.00302837
4109.099494 0.94763524 0.00335212
4109.133760 0.95189468 0.00369433
4109.168027 0.95322761 0.00317294
4109.202294 0.95543218 0.00342093
4109.236561 0.95497199 0.00294727
4109.270828 0.94953451 0.00341559
4109.305096 0.95311154 0.00356074
4109.339364 0.95573326 0.00335976
4109.373632 0.95353145 0.00311795
4109.407901 0.95781044 0.00328370
4109.442170 0.95626498 0.00337843
4109.476439 0.95197806 0.00376952
4109.510709 0.95661363 0.00342073
4109.544978 0.95336250 0.00367921
4109.579249 0.95461998 0.00329733
4109.613519 0.96262999 0.00358025
4109.647789 0.95982891 0.00317722
4109.682060 0.95768019 0.00293703
4109.716332 0.95671737 0.00304731
4109.750603 0.95067485 0.00360456
4109.784875 0.94978135 0.00388254
4109.819147 0.95839388 0.00368310
4109.853419 0.95823609 0.00366709
4109.887692 0.95887598 0.00359532
4109.921965 0.96153545 0.00298774
4109.956238 0.95781363 0.00323142
4109.990512 0.95731049 0.00319609
4110.024785 0.95656165 0.00299306
4110.059059 0.96251345 0.00366024
4110.093334 0.95727598 0.00392029
4110.127608 0.95935090 0.00347340
4110.161883 0.95907005 0.00320736
4110.196158 0.95745449 0.00299998
4110.230434 0.96021746 0.00337680
4110.264710 0.95651645 0.00354670
4110.298986 0.95902485 0.00323134
4110.333262 0.95919305 0.00347915
4110.367539 0.95487962 0.00334674
4110.401816 0.95358057 0.00322223
4110.436093 0.96073240 0.00371280
4110.470370 0.95565154 0.00321599
4110.504648 0.95353855 0.00355676
4110.538926 0.95220639 0.00357056
4110.573205 0.95597166 0.00345873
4110.607483 0.95806234 0.00334171
4110.641762 0.95927571 0.00367338
4110.676041 0.95713646 0.00367789
4110.710321 0.96255994 0.00372951
4110.744601 0.96570231 0.00299265
4110.778881 0.96865399 0.00292531
4110.813161 0.96605883 0.00349105
4110.847442 0.96241929 0.00320637
4110.881723 0.96128920 0.00320297
4110.916004 0.96487247 0.00290213
4110.950285 0.96632980 0.00394914
4110.984567 0.96046013 0.00366368
4111.018849 0.96585084 0.00307580
4111.053131 0.96449703 0.00329160
4111.087414 0.96641735 0.00338599
4111.121697 0.97389246 0.00377633
4111.155980 0.97424056 0.00333597
4111.190264 0.96895474 0.00317770
4111.224547 0.97285922 0.00284397
4111.258832 0.96797188 0.00323246
4111.293116 0.96620990 0.00343454
4111.327401 0.97183375 0.00358160
4111.361685 0.96909572 0.00314943
4111.395971 0.97309811 0.00299875
4111.430256 0.96525335 0.00320659
4111.464542 0.96647905 0.00357001
4111.498828 0.96386988 0.00291633
4111.533114 0.97058660 0.00357406
4111.567401 0.97631089 0.00317470
4111.601688 0.97507249 0.00357420
4111.635975 0.97288343 0.00333834
4111.670263 0.97251173 0.00384990
4111.704550 0.97662379 0.00341304
4111.738838 0.97931878 0.00321952
4111.773127 0.97333735 0.00353077
4111.807415 0.97467449 0.00315794
4111.841704 0.97571612 0.00358386
4111.875994 0.97547134 0.00390705
4111.910283 0.97896198 0.00348911
4111.944573 0.98225651 0.00322351
4111.978863 0.97849247 0.00334994
4112.013153 0.97716697 0.00336485
4112.047444 0.97511237 0.00371934
4112.081735 0.97861059 0.00276256
4112.116026 0.97266828 0.00315762
4112.150318 0.97440060 0.00317871
4112.184609 0.98194211 0.00289042
4112.218901 0.98069468 0.00339461
4112.253194 0.98087639 0.00293805
4112.287486 0.97677256 0.00326224
4112.321779 0.97877715 0.00372980
4112.356073 0.97921752 0.00351034
4112.390366 0.97623768 0.00317997
4112.424660 0.97548376 0.00379493
4112.458954 0.97792101 0.00336261
4112.493248 0.97937766 0.00398312
4112.527543 0.97975664 0.00324649
4112.561838 0.98306357 0.00321180
4112.596133 0.97952031 0.00326199
4112.630429 0.98029572 0.00305886
4112.664724 0.98985908 0.00312940
4112.699020 0.97655278 0.00381881
4112.733317 0.97635313 0.00320639
4112.767613 0.97815278 0.00337374
4112.801910 0.97890771 0.00292807
4112.836208 0.98459383 0.00258478
4112.870505 0.97684036 0.00334373
4112.904803 0.98073828 0.00342501
4112.939101 0.97951747 0.00323496
4112.973399 0.97643970 0.00329566
4113.007698 0.97539902 0.00316140
4113.041997 0.97733292 0.00309217
4113.076296 0.97560156 0.00335978
4113.110596 0.97316273 0.00338493
4113.144895 0.97173984 0.00341063
4113.179196 0.97457787 0.00319530
4113.213496 0.97798547 0.00336459
4113.247797 0.97766737 0.00326409
4113.282098 0.98003318 0.00294880
4113.316399 0.98227077 0.00339368
4113.350700 0.97927784 0.00364329
4113.385002 0.97695508 0.00336610
4113.419304 0.97319239 0.00323506
4113.453606 0.97582900 0.00345224
4113.487909 0.97549203 0.00305480
4113.522212 0.97617465 0.00347077
4113.556515 0.97830959 0.00320027
4113.590819 0.98230555 0.00339645
4113.625123 0.97317522 0.00369436
4113.659427 0.97880989 0.00354022
4113.693731 0.97289440 0.00330586
4113.728036 0.97627263 0.00347115
4113.762341 0.97779678 0.00351541
4113.796646 0.97138882 0.00353035
4113.830951 0.97914305 0.00308925
4113.865257 0.98264926 0.00349969
4113.899563 0.97902089 0.00324867
4113.933870 0.97815174 0.00407721
4113.968176 0.97702266 0.00332825
4114.002483 0.98139114 0.00319874
4114.036791 0.97545169 0.00347095
4114.071098 0.97743626 0.00333133
4114.105406 0.98000097 0.00381733
4114.139714 0.97921079 0.00364837
4114.174022 0.97491240 0.00306916
4114.208331 0.97750894 0.00342420
4114.242640 0.97243041 0.00333424
4114.276949 0.97701408 0.00359128
4114.311259 0.97854405 0.00397379
4114.345568 0.97619842 0.00327530
4114.379879 0.97569178 0.00323300
4114.414189 0.97432319 0.00340163
4114.448500 0.97741646 0.00285654
4114.482811 0.97500045 0.00313166
4114.517122 0.97792930 0.00335049
4114.551433 0.97981470 0.00383905
4114.585745 0.97715000 0.00332577
4114.620057 0.98327957 0.00363753
4114.654370 0.98701247 0.00331138
4114.688682 0.98431800 0.00301598
4114.722995 0.97792352 0.00338139
4114.757308 0.97527503 0.00310404
4114.791622 0.97581943 0.00332467
4114.825936 0.97367433 0.00360898
4114.860250 0.96765097 0.00377425
4114.894564 0.96357764 0.00327050
4114.928879 0.96020227 0.00344702
4114.963194 0.96325370 0.00324609
4114.997509 0.95903519 0.00332820
4115.031825 0.95180776 0.00341908
4115.066140 0.94367948 0.00329846
4115.100457 0.92488635 0.00375190
4115.134773 0.92359772 0.00367628
4115.169090 0.91817077 0.00392356
4115.203407 0.91092482 0.00351170
4115.237724 0.89965626 0.00324543
4115.272041 0.88836356 0.00354584
4115.306359 0.88613861 0.00362554
4115.340677 0.87931841 0.00343002
4115.374996 0.87295743 0.00339154
4115.409314 0.86374958 0.00358789
4115.443633 0.85743270 0.00388440
4115.477953 0.85439051 0.00364171
4115.512272 0.84854203 0.00337951
4115.546592 0.84379177 0.00289991
4115.580912 0.84142046 0.00364089
4115.615232 0.83038392 0.00323287
4115.649553 0.82965269 0.00263639
4115.683874 0.82743629 0.00304978
4115.718195 0.82991928 0.00358919
4115.752517 0.82813739 0.00361597
4115.786839 0.82398146 0.00346973
4115.821161 0.82046519 0.00321992
4115.855483 0.82013949 0.00305339
4115.889806 0.80796508 0.00315458
4115.924129 0.81050143 0.00337773
4115.958452 0.80905585 0.00378293
4115.992776 0.80333047 0.00337710
4116.027099 0.80167941 0.00322484
4116.061424 0.80777854 0.00348931
4116.095748 0.80635490 0.00336345
4116.130073 0.80629642 0.00323865
4116.164398 0.79993173 0.00325643
4116.198723 0.79896993 0.00306301
4116.233048 0.80528220 0.00317291
4116.267374 0.80841692 0.00364038
4116.301700 0.81409957 0.00354741
4116.336027 0.80898678 0.00302888
4116.370354 0.81863050 0.00301110
4116.404680 0.81707091 0.00317570
4116.439008 0.82699562 0.00310421
4116.473335 0.82062023 0.00326778
4116.507663 0.82566989 0.00295785
4116.541991 0.83037490 0.00335496
4116.576320 0.83747778 0.00351244
4116.610648 0.83802314 0.00359241
4116.644977 0.84256497 0.00361917
4116.679307 0.84160931 0.00356199
4116.713636 0.85222331 0.00298374
4116.747966 0.85554436 0.00351568
4116.782296 0.86683489 0.00344076
4116.816627 0.87470890 0.00352625
4116.850957 0.87733716 0.00328402
4116.885288 0.88433325 0.00344462
4116.919619 0.89343203 0.00321804
4116.953951 0.90935271 0.00321910
4116.988283 0.90871911 0.00287997
4117.022615 0.91836510 0.00330060
4117.056947 0.92522307 0.00350828
4117.091280 0.93585119 0.00352265
4117.125613 0.94462063 0.00331060
4117.159946 0.95306545 0.00347433
4117.194280 0.95489259 0.00337433
4117.228614 0.96019962 0.00338018
4117.262948 0.96361676 0.00366307
4117.297282 0.97444057 0.00356658
4117.331617 0.97729375 0.00341364
4117.365952 0.98033525 0.00282290
4117.400287 0.98418958 0.00331550
4117.434623 0.98552778 0.00355475
4117.468959 0.98881220 0.00319953
4117.503295 0.99090294 0.00364884
4117.537631 0.98849504 0.00321626
4117.571968 0.99279594 0.00352430
4117.606305 0.98614005 0.00322716
4117.640642 0.98466892 0.00347242
4117.674980 0.99154625 0.00324191
4117.709318 0.99395780 0.00347153
4117.743656 0.99441446 0.00337147
4117.777994 0.99358622 0.00351720
4117.812333 0.98992835 0.00347212
4117.846672 0.98850630 0.00326967
4117.881011 0.98723519 0.00346781
4117.915351 0.98906465 0.00368440
4117.949691 0.99231814 0.00338190
4117.984031 0.98394198 0.00318608
4118.018371 0.98457962 0.00364562
4118.052712 0.97865155 0.00352973
4118.087053 0.98266795 0.00337733
4118.121394 0.97989327 0.00349809
4118.155736 0.97328091 0.00309016
4118.190078 0.97001807 0.00338343
4118.224420 0.97400484 0.00336369
4118.258762 0.97126241 0.00376496
4118.293105 0.96347971 0.00336744
4118.327448 0.96023728 0.00333384
4118.361791 0.95416563 0.00364816
4118.396135 0.95068157 0.00388737
4118.430479 0.95086591 0.00351139
4118.464823 0.94681044 0.00325549
4118.499167 0.94198597 0.00353252
4118.533512 0.94390176 0.00340704
4118.567857 0.93908118 0.00305869
4118.602203 0.93234578 0.00354012
4118.636548 0.93265371 0.00316744
4118.670894 0.93756005 0.00322503
4118.705240 0.93202236 0.00317267
4118.739587 0.93274555 0.00329397
4118.773933 0.93566554 0.00317183
4118.808280 0.93243066 0.00363118
4118.842628 0.92550020 0.00321152
4118.876975 0.92046429 0.00326207
4118.911323 0.92533112 0.00314626
4118.945671 0.91910185 0.00310971
4118.980020 0.92239522 0.00317404
4119.014369 0.92203832 0.00309681
4119.048718 0.91984419 0.00387278
4119.083067 0.92081025 0.00337907
4119.117416 0.92050784 0.00325807
4119.151766 0.91571475 0.00323264
4119.186116 0.91676990 0.00334219
4119.220467 0.91739282 0.00286797
4119.254818 0.91701426 0.00315033
4119.289169 0.91461742 0.00334696
4119.323520 0.91145049 0.00304117
4119.357872 0.91483708 0.00288172
4119.392224 0.91550169 0.00342184
4119.426576 0.91043110 0.00306459
4119.460928 0.90937927 0.00331629
4119.495281 0.90803904 0.00294780
4119.529634 0.90481308 0.00318917
4119.563987 0.90344165 0.00321746
4119.598341 0.90663961 0.00304023
4119.632695 0.90893770 0.00267349
4119.667049 0.90111509 0.00357574
4119.701403 0.89622369 0.00280278
4119.735758 0.89202777 0.00347992
4119.770113 0.89204221 0.00299805
4119.804469 0.89872608 0.00355454
4119.838824 0.89358246 0.00344587
4119.873180 0.88806215 0.00370861
4119.907536 0.88934989 0.00335433
4119.941893 0.88919693 0.00316790
4119.976250 0.88983613 0.00322487
4120.010607 0.88183869 0.00349239
4120.044964 0.88384469 0.00324465
4120.079322 0.88444490 0.00319941
4120.113679 0.88009148 0.00352820
4120.148038 0.87974947 0.00357669
4120.182396 0.87728314 0.00364267
4120.216755 0.88026754 0.00356636
4120.251114 0.87961974 0.00317753
4120.285473 0.88044116 0.00340004
4120.319833 0.88519219 0.00308433
4120.354193 0.88009454 0.00322720
4120.388553 0.88048361 0.00336191
4120.422913 0.88085899 0.00346024
4120.457274 0.88553783 0.00341124
4120.491635 0.88241623 0.00353075
4120.525997 0.88463190 0.00367491
4120.560358 0.88099365 0.00330574
4120.594720 0.87887015 0.00289583
4120.629082 0.88371214 0.00276238
4120.663445 0.87343917 0.00349260
4120.697808 0.87900306 0.00334070
4120.732171 0.87696805 0.00342138
4120.766534 0.87370898 0.00349061
4120.800898 0.87267031 0.00352477
4120.835262 0.87536469 0.00371381
4120.869626 0.87317680 0.00301088
4120.903990 0.87447853 0.00288793
4120.938355 0.87087877 0.00299212
4120.972720 0.86998598 0.00280554
4121.007086 0.87229169 0.00328257
4121.041451 0.86833853 0.00347625
4121.075817 0.87037404 0.00277696
4121.110183 0.87671362 0.00329171
4121.144550 0.87775169 0.00331121
4121.178917 0.87677300 0.00335754
4121.213284 0.87612035 0.00330750
4121.247651 0.87639289 0.00320977
4121.282019 0.88033361 0.00327589
4121.316387 0.88677505 0.00351028
4121.350755 0.88868264 0.00325563
4121.385123 0.88827225 0.00341423
4121.419492 0.89181735 0.00332019
4121.453861 0.88866978 0.00347462
4121.488231 0.89160237 0.00342268
4121.522600 0.89533115 0.00325146
4121.556970 0.90012029 0.00318570
4121.591340 0.90783324 0.00312010
4121.625711 0.90879306 0.00347667
4121.660082 0.91413057 0.00347402
4121.694453 0.91906551 0.00298023
4121.728824 0.91989835 0.00336318
4121.763196 0.92081777 0.00335191
4121.797568 0.92406749 0.00334076
4121.831940 0.92494800 0.00361003
4121.866313 0.92984753 0.00378064
4121.900685 0.93530602 0.00337775
4121.935059 0.94477911 0.00345969
4121.969432 0.95258205 0.00342888
4122.003806 0.95174861 0.00352179
4122.038180 0.94845122 0.00303185
4122.072554 0.94678869 0.00315820
4122.106928 0.95398504 0.00343461
4122.141303 0.95448593 0.00316970
4122.175678 0.95227355 0.00317054
4122.210054 0.95740254 0.00329350
4122.244429 0.96053252 0.00308630
4122.278805 0.96019822 0.00341474
4122.313181 0.95857165 0.00355236
4122.347558 0.95730671 0.00313864
4122.381935 0.96352807 0.00318774
4122.416312 0.96096092 0.00302603
4122.450689 0.96579088 0.00318366
4122.485067 0.97089232 0.00360329
4122.519445 0.96731453 0.00316035
4122.553823 0.97073674 0.00312518
4122.588202 0.97183553 0.00350535
4122.622581 0.96924682 0.00323254
4122.656960 0.96893573 0.00352740
4122.691339 0.97910774 0.00323113
4122.725719 0.97532964 0.00355172
4122.760099 0.97569477 0.00346543
4122.794479 0.97943419 0.00325639
4122.828860 0.97947589 0.00332093
4122.863240 0.98663231 0.00338572
4122.897622 0.98800070 0.00356026
4122.932003 0.98220329 0.00329253
4122.966385 0.98788563 0.00330755
4123.000767 0.98638976 0.00348695
4123.035149 0.98550707 0.00351724
4123.069531 0.98653332 0.00319697
4123.103914 0.99185786 0.00321020
4123.138297 0.99357019 0.00342255
4123.172681 0.99141091 0.00311566
4123.207065 0.99287943 0.00354415
4123.241449 0.99329460 0.00338999
4123.275833 0.99538398 0.00290095
4123.310217 0.98980687 0.00353600
4123.344602 0.98779370 0.00311543
4123.378987 0.99882959 0.00293423
4123.413373 0.99913023 0.00333500
4123.447759 1.00006137 0.00342463
4123.482145 0.99296294 0.00319709
4123.516531 0.98789595 0.00312802
4123.550917 0.98684216 0.00324018
4123.585304 0.99226517 0.00333286
4123.619691 0.99295735 0.00387933
4123.654079 0.99836377 0.00314582
4123.688467 0.99381365 0.00323957
4123.722855 0.99803090 0.00340163
4123.757243 0.99784349 0.00329149
4123.791631 0.99557674 0.00341787
4123.826020 0.99860112 0.00349513
4123.860409 0.99381732 0.00333951
4123.894799 0.99570707 0.00321080
4123.929189 0.99698477 0.00320892
4123.963579 0.99446772 0.00347330
4123.997969 0.99841955 0.00330393
4124.032359 0.99709994 0.00371734
4124.066750 0.99428761 0.00333843
4124.101141 0.99764950 0.00290128
4124.135533 0.99259687 0.00332697
4124.169925 0.99636967 0.00316317
4124.204317 0.99347871 0.00312869
4124.238709 0.99751056 0.00317436
4124.273102 0.99167707 0.00319260
4124.307494 0.99380014 0.00344560
4124.341888 0.99514319 0.00312114
4124.376281 0.99749285 0.00333150
4124.410675 0.99942089 0.00341299
4124.445069 1.00002188 0.00312115
4124.479463 0.99223884 0.00317098
4124.513858 0.99489773 0.00344807
4124.548253 0.99453794 0.00325605
4124.582648 0.98944124 0.00319904
4124.617043 0.99629327 0.00323729
4124.651439 0.98494889 0.00322034
4124.685835 0.98752790 0.00330116
4124.720231 0.99278985 0.00352517
4124.754628 0.99469248 0.00367555
4124.789025 0.99691484 0.00271525
4124.823422 0.99519721 0.00315934
4124.857820 0.98980870 0.00376470
4124.892217 0.99446695 0.00305288
4124.926615 1.00123168 0.00346039
4124.961014 0.99685522 0.00324838
4124.995412 0.99330263 0.00340168
4125.029811 0.99514432 0.00329161
4125.064210 0.99758329 0.00331579
4125.098610 0.99215841 0.00332704
4125.133010 0.99404495 0.00330296
4125.167410 1.00005950 0.00327781
4125.201810 0.99861684 0.00294897
4125.236211 0.99322388 0.00329487
4125.270612 0.99413286 0.00336631
4125.305013 0.99569601 0.00332501
4125.339414 0.99637191 0.00332527
4125.373816 0.99831261 0.00335004
4125.408218 0.99724949 0.00308646
4125.442620 0.99749967 0.00346983
4125.477023 1.00067240 0.00314349
4125.511426 0.99513569 0.00312661
4125.545829 0.99152774 0.00357217
4125.580233 0.99485276 0.00326438
4125.614636 0.99804333 0.00271794
4125.649040 1.00232702 0.00287729
4125.683445 0.99730140 0.00362747
4125.717849 0.99800727 0.00326281
4125.752254 0.99681548 0.00313418
4125.786660 1.00048970 0.00330887
4125.821065 1.00037065 0.00338688
4125.855471 1.00084870 0.00306256
4125.889877 0.99453352 0.00322671
4125.924283 0.99248280 0.00347175
4125.958690 0.99247516 0.00363902
4125.993097 0.99684349 0.00300883
4126.027504 0.99814221 0.00309819
4126.061912 1.00050074 0.00293478
4126.096319 1.00217856 0.00301870
4126.130728 1.00449876 0.00354421
4126.165136 0.99732957 0.00321807
4126.199545 0.99128809 0.00314115
4126.233953 0.99231041 0.00365226
4126.268363 0.99430192 0.00363987
4126.302772 0.99938328 0.00348847
4126.337182 0.99454163 0.00326159
4126.371592 0.99238318 0.00324018
4126.406003 0.99406679 0.00308111
4126.440413 0.99184001 0.00328385
4126.474824 0.99460296 0.00316319
4126.509235 0.99606710 0.00324663
4126.543647 1.00011325 0.00335190
4126.578059 0.99821390 0.00369356
4126.612471 1.00253292 0.00314082
4126.646883 0.99833377 0.00328060
4126.681296 0.99509111 0.00320902
4126.715709 1.00111619 0.00341130
4126.750122 0.99780711 0.00372686
4126.784536 0.99587446 0.00329411
4126.818949 1.00036033 0.00324666
4126.853364 0.99184882 0.00303323
4126.887778 0.99416966 0.00313069
4126.922193 0.99380219 0.00329446
4126.956608 1.00020438 0.00294006
4126.991023 0.99753581 0.00331778
4127.025438 0.99363570 0.00315058
4127.059854 0.99697332 0.00297617
4127.094270 0.99639815 0.00334603
4127.128687 0.99449564 0.00331919
4127.163103 0.99588157 0.00354772
4127.197520 0.99464324 0.00331483
4127.231938 0.99499528 0.00319531
4127.266355 0.99628621 0.00335969
4127.300773 0.99545685 0.00325305
4127.335191 0.99367927 0.00321999
4127.369610 0.99610876 0.00320760
4127.404028 0.99603948 0.00319779
4127.438447 0.99878987 0.00360349
4127.472867 0.99987291 0.00332005
4127.507286 1.00285765 0.00295656
4127.541706 0.99857287 0.00289482
4127.576126 0.99576070 0.00324228
4127.610547 0.99814577 0.00343854
4127.644967 0.99721154 0.00326214
4127.679388 0.99308769 0.00353477
4127.713810 0.99593698 0.00307861
4127.748231 1.00131655 0.00332158
4127.782653 1.00374071 0.00283644
4127.817075 0.99990243 0.00359361
4127.851498 0.99227534 0.00333372
4127.885920 0.99551113 0.00331592
4127.920343 0.99481987 0.00349704
4127.954767 0.99558365 0.00296351
4127.989190 0.99390186 0.00344584
4128.023614 0.99303550 0.00330389
4128.058038 1.00138658 0.00322749
4128.092463 0.99671156 0.00345013
4128.126887 0.99279958 0.00308769
4128.161312 0.99822884 0.00331105
4128.195738 0.99395940 0.00354605
4128.230163 0.99815415 0.00343071
4128.264589 0.99098405 0.00333992
4128.299015 0.98845739 0.00367238
4128.333442 0.99205994 0.00323651
4128.367869 0.99022669 0.00286579
4128.402296 0.98883428 0.00333433
4128.436723 0.99185519 0.00328318
4128.471150 0.98620088 0.00331876
4128.505578 0.99014142 0.00363267
4128.540007 0.98448880 0.00312673
4128.574435 0.98957011 0.00357593
4128.608864 0.99333175 0.00342706
4128.643293 0.98233201 0.00319276
4128.677722 0.98017737 0.00301288
4128.712152 0.98115757 0.00302878
4128.746582 0.98281839 0.00322242
4128.781012 0.98306662 0.00318630
4128.815442 0.98101891 0.00315690
4128.849873 0.98211236 0.00272095
4128.884304 0.98500373 0.00303871
4128.918735 0.98254940 0.00331943
4128.953167 0.98210630 0.00315396
4128.987599 0.98166243 0.00348568
4129.022031 0.98215540 0.00324437
4129.056464 0.98412628 0.00345019
4129.090896 0.98406647 0.00349292
4129.125329 0.97783513 0.00363870
4129.159763 0.97824887 0.00281634
4129.194196 0.97996866 0.00309748
4129.228630 0.98473176 0.00341072
4129.263064 0.98992282 0.00336881
4129.297499 0.98282211 0.00296216
4129.331934 0.97939705 0.00297624
4129.366369 0.97968091 0.00314682
4129.400804 0.98027880 0.00373702
4129.435240 0.98245879 0.00325945
4129.469676 0.98666500 0.00312841
4129.504112 0.98468618 0.00374964
4129.538548 0.98199302 0.00303655
4129.572985 0.97902186 0.00347118
4129.607422 0.97870497 0.00328533
4129.641860 0.98213425 0.00360535
4129.676297 0.98049646 0.00288857
4129.710735 0.98451290 0.00319169
4129.745173 0.98171982 0.00325282
4129.779612 0.98629019 0.00357101
4129.814051 0.98654933 0.00338846
4129.848490 0.98907332 0.00354845
4129.882929 0.98889387 0.00311584
4129.917369 0.98992046 0.00305739
4129.951809 0.98672552 0.00336828
4129.986249 0.98235191 0.00345045
4130.020690 0.98559254 0.00329977
4130.055130 0.98720129 0.00318894
4130.089572 0.98754540 0.00284156
4130.124013 0.99155689 0.00328588
4130.158455 0.99212102 0.00342341
4130.192897 0.99274368 0.00330450
4130.227339 0.99162390 0.00329608
4130.261781 0.99525218 0.00342438
4130.296224 1.00134688 0.00338226
4130.330667 0.99510595 0.00295668
4130.365111 0.99143084 0.00338860
4130.399554 0.99415175 0.00329688
4130.433998 0.99752859 0.00324070
4130.468443 0.99854016 0.00331355
4130.502887 0.99862165 0.00317248
4130.537332 1.00003185 0.00315667
4130.571777 0.99967410 0.00356601
4130.606222 1.00265727 0.00309217
4130.640668 0.99943005 0.00311526
4130.675114 0.99506356 0.00341133
4130.709560 0.99866866 0.00370001
4130.744007 1.00349990 0.00296068
4130.778454 0.99285056 0.00305336
4130.812901 0.99949526 0.00343812
4130.847348 1.00015266 0.00357454
4130.881796 0.99497829 0.00297517
4130.916244 1.00093498 0.00272497
4130.950692 1.00072889 0.00328885
4130.985141 1.00056902 0.00335063
4131.019590 0.99977875 0.00337076
4131.054039 0.99385368 0.00300906
4131.088488 0.99911933 0.00346575
4131.122938 0.99906550 0.00338311
4131.157388 1.00376417 0.00288855
4131.191838 1.00272580 0.00306871
4131.226289 0.99956777 0.00312964
4131.260740 0.99634951 0.00350990
4131.295191 0.99269817 0.00364653
4131.329642 1.00042239 0.00350385
4131.364094 0.99881808 0.00329328
4131.398546 0.99415015 0.00323012
4131.432998 0.99516137 0.00295520
4131.467451 0.99579828 0.00364577
4131.501904 0.99522511 0.00363521
4131.536357 0.99903936 0.00288701
4131.570810 1.00348413 0.00295784
4131.605264 0.99700624 0.00344392
4131.639718 0.99903485 0.00326177
4131.674172 0.99962908 0.00316965
4131.708627 0.99552041 0.00295847
4131.743082 0.99570674 0.00392097
4131.777537 0.99571316 0.00324106
4131.811993 1.00205756 0.00313532
4131.846448 0.99754966 0.00299761
4131.880904 0.99030642 0.00361500
4131.915361 0.99154143 0.00313504
4131.949817 0.98981225 0.00338552
4131.984274 0.98786154 0.00319401
4132.018731 0.98316451 0.00319919
4132.053189 0.98739081 0.00328652
4132.087647 0.98871345 0.00340722
4132.122105 0.98666723 0.00335494
4132.156563 0.98639159 0.00293696
4132.191022 0.98655284 0.00281991
4132.225481 0.99584535 0.00361111
4132.259940 0.99108801 0.00302621
4132.294399 0.98479730 0.00285936
4132.328859 0.98648903 0.00327793
4132.363319 0.98606807 0.00309533
4132.397779 0.98339394 0.00312929
4132.432240 0.98183038 0.00334089
4132.466701 0.98295604 0.00361534
4132.501162 0.98288101 0.00324473
4132.535624 0.98778984 0.00300842
4132.570085 0.98621186 0.00346897
4132.604547 0.98686817 0.00300697
4132.639010 0.98553399 0.00346739
4132.673472 0.98437989 0.00332204
4132.707935 0.98379699 0.00325460
4132.742399 0.98928946 0.00317374
4132.776862 0.98068666 0.00365123
4132.811326 0.98198747 0.00305493
4132.845790 0.97956478 0.00304539
4132.880254 0.98426016 0.00302312
4132.914719 0.98248673 0.00338319
4132.949184 0.98663329 0.00303811
4132.983649 0.98940782 0.00351709
4133.018115 0.98592612 0.00333562
4133.052581 0.98517294 0.00342235
4133.087047 0.98657608 0.00294686
4133.121513 0.98720875 0.00306689
4133.155980 0.98157150 0.00334712
4133.190447 0.98644500 0.00318137
4133.224914 0.98410239 0.00303577
4133.259381 0.98777605 0.00312756
4133.293849 0.99121271 0.00355185
4133.328317 0.98526197 0.00324200
4133.362786 0.98598633 0.00330193
4133.397254 0.98859960 0.00323988
4133.431723 0.98665719 0.00314964
4133.466193 0.98907302 0.00340108
4133.500662 0.98981693 0.00306274
4133.535132 0.99293150 0.00320784
4133.569602 0.99577162 0.00343575
4133.604072 0.99030336 0.00305372
4133.638543 0.98885486 0.00307652
4133.673014 0.99145969 0.00316431
4133.707485 0.99064499 0.00325188
4133.741957 0.99028384 0.00336990
4133.776429 0.98835822 0.00330102
4133.810901 0.99955087 0.00319034
4133.845373 0.99483884 0.00336179
4133.879846 0.99895517 0.00320057
4133.914319 0.99864227 0.00300877
4133.948792 1.00087058 0.00326212
4133.983266 0.99601418 0.00323993
4134.017740 1.00190144 0.00333742
4134.052214 0.99952306 0.00302263
4134.086688 0.99237489 0.00381021
4134.121163 0.99701388 0.00359571
4134.155638 0.99863650 0.00297085
4134.190113 0.99900922 0.00339838
4134.224589 0.99464355 0.00329855
4134.259065 0.99368509 0.00299151
4134.293541 0.99660176 0.00314956
4134.328017 1.00139016 0.00312330
4134.362494 0.99530603 0.00315291
4134.396971 1.00004986 0.00300070
4134.431448 0.99738293 0.00330427
4134.465926 0.99582412 0.00318314
4134.500404 0.99924330 0.00338690
4134.534882 0.99892072 0.00305882
4134.569361 0.99896785 0.00369723
4134.603839 0.99935577 0.00354205
4134.638318 1.00308666 0.00314950
4134.672798 0.99915239 0.00315149
4134.707277 1.00487078 0.00346395
4134.741757 1.00243865 0.00303422
4134.776237 1.00220159 0.00315564
4134.810718 1.00401251 0.00306957
4134.845198 0.99903529 0.00293650
4134.879680 0.99519030 0.00333846
4134.914161 0.99962444 0.00274005
4134.948642 0.99818348 0.00380018
4134.983124 0.99831870 0.00312536
4135.017607 0.99888696 0.00313225
4135.052089 0.99880336 0.00299372
4135.086572 0.99971761 0.00300228
4135.121055 0.99968500 0.00351789
4135.155538 0.99431113 0.00333968
4135.190022 0.99645151 0.00343641
4135.224506 0.99862100 0.00354620
4135.258990 0.99730069 0.00342048
4135.293474 0.99690482 0.00329224
4135.327959 0.99523079 0.00335286
4135.362444 1.00122640 0.00323460
4135.396930 1.00025599 0.00309666
4135.431415 1.00113106 0.00313150
4135.465901 0.99262419 0.00340474
4135.500387 0.99747529 0.00288971
4135.534874 0.99575435 0.00300562
4135.569361 1.00502761 0.00299799
4135.603848 1.00157296 0.00323418
4135.638335 1.00117060 0.00292155
4135.672823 0.99892696 0.00336316
4135.707311 1.00033171 0.00321204
4135.741799 0.99689816 0.00324896
4135.776288 0.99619749 0.00310117
4135.810776 0.99491867 0.00337656
4135.845265 0.99274776 0.00326529
4135.879755 0.99704010 0.00360523
4135.914244 0.99805646 0.00332725
4135.948734 1.00186258 0.00296109
4135.983225 0.99345798 0.00356030
4136.017715 0.99411865 0.00299110
4136.052206 0.99813071 0.00316825
4136.086697 0.99836617 0.00337979
4136.121189 1.00102321 0.00368836
4136.155680 0.99856813 0.00347278
4136.190172 0.99571962 0.00348423
4136.224664 0.99984065 0.00300816
4136.259157 0.99474128 0.00340961
4136.293650 0.99618605 0.00370146
4136.328143 1.00035536 0.00352099
4136.362636 0.99854333 0.00335218
4136.397130 0.99841697 0.00333061
4136.431624 1.00057749 0.00308180
4136.466118 0.99854314 0.00274769
4136.500613 0.99174794 0.00285489
4136.535108 0.99237746 0.00319563
4136.569603 0.99529587 0.00356360
4136.604098 0.99721586 0.00351926
4136.638594 1.00074060 0.00354003
4136.673090 0.99910383 0.00316302
4136.707586 0.99300366 0.00292733
4136.742083 0.99656311 0.00339117
4136.776580 0.99559207 0.00292878
4136.811077 0.99642131 0.00293310
4136.845574 0.99835609 0.00327167
4136.880072 1.00071641 0.00337385
4136.914570 0.99579876 0.00354561
4136.949068 0.99674646 0.00314546
4136.983567 0.99587281 0.00352098
4137.018066 0.99399264 0.00387967
4137.052565 0.99000803 0.00332957
4137.087064 0.99763213 0.00299910
4137.121564 0.99884762 0.00324469
4137.156064 0.99600418 0.00372367
4137.190564 0.99497217 0.00363582
4137.225065 0.99098890 0.00309400
4137.259566 0.99113344 0.00342313
4137.294067 0.99545878 0.00348310
4137.328569 0.99484686 0.00271194
4137.363070 0.99158150 0.00310151
4137.397572 0.98855860 0.00307617
4137.432075 0.98890352 0.00336875
4137.466577 0.99058808 0.00297904
4137.501080 0.99034039 0.00309198
4137.535583 0.99050201 0.00293408
4137.570087 0.99150846 0.00289573
4137.604591 1.00044750 0.00329002
4137.639095 0.99886099 0.00331926
4137.673599 0.99567389 0.00316950
4137.708104 0.99450037 0.00325484
4137.742609 0.99861109 0.00375767
4137.777114 0.99567305 0.00364420
4137.811619 0.99570744 0.00320599
4137.846125 0.99136894 0.00293427
4137.880631 0.98410054 0.00330353
4137.915137 0.98825341 0.00358409
4137.949644 0.98933310 0.00330699
4137.984151 0.99368651 0.00310448
4138.018658 0.98956194 0.00323003
4138.053166 0.99346333 0.00349049
4138.087674 0.99147604 0.00340049
4138.122182 0.99671310 0.00331383
4138.156690 0.99530807 0.00327143
4138.191199 0.99476060 0.00302713
4138.225708 0.99707806 0.00370171
4138.260217 0.99730452 0.00332479
4138.294726 0.99561565 0.00330384
4138.329236 0.99307309 0.00318760
4138.363746 0.98989915 0.00325692
4138.398257 0.99377808 0.00334326
4138.432767 0.99790099 0.00282962
4138.467278 0.99644225 0.00335390
4138.501789 0.99438461 0.00339873
4138.536301 0.99602561 0.00333652
4138.570813 0.99267963 0.00303698
4138.605325 0.99016790 0.00320489
4138.639837 0.98646581 0.00322561
4138.674350 0.98425624 0.00337726
4138.708863 0.99115289 0.00305252
4138.743376 0.99999427 0.00330227
4138.777890 0.99496667 0.00314161
4138.812404 0.99972702 0.00318488
4138.846918 0.99876175 0.00335436
4138.881432 0.99093866 0.00309960
4138.915947 0.99263970 0.00344456
4138.950462 0.99349098 0.00324151
4138.984977 0.99644326 0.00312489
4139.019493 0.99343512 0.00324363
4139.054009 0.99439273 0.00343187
4139.088525 0.99288198 0.00334281
4139.123041 0.98801476 0.00316911
4139.157558 0.99426749 0.00328811
4139.192075 0.98902406 0.00356013
4139.226592 0.98979784 0.00379583
4139.261110 0.99546475 0.00317863
4139.295628 0.99553387 0.00346993
4139.330146 0.98919891 0.00343672
4139.364664 0.99059345 0.00369191
4139.399183 0.99208043 0.00355867
4139.433702 0.99507446 0.00319532
4139.468221 0.98689156 0.00377142
4139.502741 0.99227159 0.00320157
4139.537261 0.99618423 0.00315956
4139.571781 0.98927369 0.00312496
4139.606301 0.98540110 0.00311426
4139.640822 0.98843471 0.00337041
4139.675343 0.99043276 0.00305264
4139.709864 0.99122708 0.00337385
4139.744386 0.98922534 0.00335030
4139.778908 0.98878716 0.00312285
4139.813430 0.99025837 0.00331617
4139.847953 0.98878906 0.00367111
4139.882475 0.99172296 0.00310399
4139.916998 0.99024850 0.00325185
4139.951522 0.99221790 0.00323390
4139.986045 0.98872936 0.00308688
4140.020569 0.99230587 0.00329702
4140.055093 0.98829711 0.00311918
4140.089618 0.99340522 0.00314383
4140.124143 0.99403785 0.00323716
4140.158668 0.99271085 0.00353228
4140.193193 0.99349471 0.00361153
4140.227719 0.99103713 0.00341262
4140.262245 0.98424621 0.00323585
4140.296771 0.98428522 0.00321876
4140.331297 0.98295484 0.00318426
4140.365824 0.98460963 0.00334604
4140.400351 0.98832928 0.00335196
4140.434879 0.98948709 0.00341338
4140.469406 0.98701402 0.00328444
4140.503934 0.98898668 0.00311321
4140.538462 0.98827619 0.00347803
4140.572991 0.98774128 0.00364759
4140.607520 0.99183858 0.00360125
4140.642049 0.99207529 0.00323704
4140.676578 0.98982693 0.00297608
4140.711108 0.98767116 0.00350577
4140.745638 0.98960719 0.00342887
4140.780168 0.99054985 0.00329515
4140.814699 0.98673459 0.00312475
4140.849230 0.99250002 0.00322725
4140.883761 0.99240871 0.00353881
4140.918292 0.99193025 0.00341599
4140.952824 0.99791466 0.00344213
4140.987356 0.99144164 0.00298171
4141.021888 0.99290112 0.00340146
4141.056420 0.99103132 0.00320135
4141.090953 0.99044840 0.00329737
4141.125486 0.99071054 0.00342997
4141.160020 0.99127047 0.00338652
4141.194554 0.98858023 0.00328227
4141.229088 0.99255719 0.00316517
4141.263622 0.99272873 0.00348694
4141.298156 0.99247482 0.00367015
4141.332691 0.98850545 0.00360535
4141.367226 0.99220149 0.00363268
4141.401762 0.98835554 0.00337018
4141.436298 0.99250814 0.00330093
4141.470834 0.99254853 0.00352829
4141.505370 0.99280916 0.00344849
4141.539906 0.98880142 0.00301077
4141.574443 0.99166674 0.00325725
4141.608980 0.99108117 0.00298077
4141.643518 0.99314259 0.00314935
4141.678056 1.00040317 0.00326703
4141.712594 0.99708878 0.00329779
4141.747132 0.99342570 0.00340597
4141.781671 0.99311164 0.00329206
4141.816209 0.99644006 0.00270221
4141.850749 0.99346526 0.00300975
4141.885288 0.99230956 0.00317458
4141.919828 0.99623590 0.00363646
4141.954368 0.99285606 0.00332429
4141.988908 0.98675690 0.00368821
4142.023449 0.99166806 0.00363860
4142.057990 0.99434142 0.00350698
4142.092531 0.98739413 0.00349987
4142.127072 0.99236732 0.00309028
4142.161614 0.99210277 0.00280570
4142.196156 0.99456752 0.00295480
4142.230699 0.98901745 0.00329429
4142.265241 0.99242294 0.00327164
4142.299784 0.99436650 0.00302345
4142.334327 0.99212452 0.00293497
4142.368871 0.99060913 0.00331707
4142.403415 0.98502370 0.00308897
4142.437959 0.98098688 0.00340583
4142.472503 0.98057098 0.00353219
4142.507048 0.97813640 0.00354066
4142.541593 0.96875427 0.00379595
4142.576138 0.97263247 0.00326193
4142.610683 0.96973232 0.00323425
4142.645229 0.97058539 0.00288560
4142.679775 0.96509435 0.00304371
4142.714322 0.95962680 0.00323917
4142.748868 0.96051049 0.00346375
4142.783415 0.94702466 0.00393603
4142.817962 0.94398568 0.00342515
4142.852510 0.94401758 0.00312319
4142.887058 0.94076877 0.00311259
4142.921606 0.93031391 0.00338309
4142.956154 0.92940469 0.00305067
4142.990703 0.92618909 0.00346536
4143.025252 0.92561141 0.00373690
4143.059801 0.92326079 0.00355760
4143.094351 0.91984194 0.00304062
4143.128901 0.91060098 0.00341849
4143.163451 0.90985517 0.00363751
4143.198001 0.90802522 0.00325620
4143.232552 0.90472908 0.00358324
4143.267103 0.90171357 0.00358989
4143.301654 0.89841738 0.00301727
4143.336206 0.89572444 0.00331285
4143.370757 0.89209392 0.00335005
4143.405310 0.89013095 0.00363606
4143.439862 0.88925127 0.00328460
4143.474415 0.88952862 0.00342545
4143.508968 0.88461529 0.00321665
4143.543521 0.88548571 0.00322331
4143.578075 0.88266836 0.00380429
4143.612628 0.88400182 0.00317349
4143.647183 0.88365214 0.00337412
4143.681737 0.88745360 0.00304099
4143.716292 0.88773493 0.00323814
4143.750847 0.88424715 0.00319367
4143.785402 0.88327417 0.00323178
4143.819958 0.88229115 0.00305671
4143.854514 0.88144144 0.00342045
4143.889070 0.88596648 0.00348275
4143.923626 0.88318145 0.00328259
4143.958183 0.88320450 0.00316142
4143.992740 0.88518989 0.00331179
4144.027297 0.88882889 0.00338140
4144.061855 0.89350675 0.00340301
4144.096413 0.89346219 0.00299479
4144.130971 0.89541148 0.00328289
4144.165529 0.88925588 0.00296710
4144.200088 0.89002663 0.00313387
4144.234647 0.90530934 0.00308111
4144.269207 0.90418526 0.00333476
4144.303766 0.90671301 0.00305364
4144.338326 0.91100147 0.00372932
4144.372886 0.91094652 0.00321923
4144.407447 0.91784096 0.00320149
4144.442008 0.91877811 0.00330513
4144.476569 0.91966044 0.00326615
4144.511130 0.92810278 0.00319783
4144.545692 0.92686715 0.00363233
4144.580254 0.92840806 0.00364346
4144.614816 0.93717666 0.00336287
4144.649378 0.94731519 0.00340642
4144.683941 0.94224200 0.00286603
4144.718504 0.94702171 0.00335862
4144.753068 0.95016963 0.00342098
4144.787631 0.95725669 0.00336508
4144.822195 0.96566308 0.00372083
4144.856760 0.96491452 0.00305829
4144.891324 0.96835440 0.00303901
4144.925889 0.97388536 0.00363584
4144.960454 0.97895673 0.00316817
4144.995019 0.97770476 0.00354256
4145.029585 0.98289926 0.00372637
4145.064151 0.98323690 0.00375852
4145.098717 0.98711732 0.00320818
4145.133284 0.98474114 0.00311416
4145.167851 0.98447062 0.00373398
4145.202418 0.98309740 0.00334272
4145.236985 0.99224303 0.00327869
4145.271553 0.99147863 0.00277286
4145.306121 0.99226391 0.00323855
4145.340689 0.98232875 0.00297191
4145.375258 0.98458385 0.00319652
4145.409827 0.99251601 0.00350534
4145.444396 0.99259844 0.00353327
4145.478965 0.98996817 0.00400599
4145.513535 0.99323364 0.00284385
4145.548105 0.99500639 0.00329496
4145.582675 0.99373940 0.00354834
4145.617246 0.99151184 0.00349751
4145.651817 0.99066161 0.00299794
4145.686388 0.99211633 0.00308726
4145.720959 0.99198360 0.00315745
4145.755531 0.99622670 0.00312458
4145.790103 0.99624850 0.00345706
4145.824675 0.99833728 0.00334329
4145.859248 0.99183499 0.00314657
4145.893821 0.98535983 0.00321584
4145.928394 0.98918196 0.00350987
4145.962967 0.98916200 0.00307224
4145.997541 0.99348856 0.00270917
4146.032115 0.99505985 0.00308351
4146.066690 0.99566478 0.00332513
4146.101264 0.99717616 0.00322919
4146.135839 0.99835631 0.00373997
4146.170414 0.99828280 0.00364061
4146.204990 0.99630722 0.00309917
4146.239566 0.99971126 0.00337496
4146.274142 0.99176552 0.00328257
4146.308718 0.98616836 0.00334037
4146.343295 0.98679432 0.00309028
4146.377872 0.99567550 0.00336286
4146.412449 0.99203451 0.00344123
4146.447026 0.99635861 0.00345436
4146.481604 0.99805442 0.00312381
4146.516182 0.99211141 0.00337133
4146.550760 0.99565872 0.00307178
4146.585339 0.99739445 0.00331432
4146.619918 0.99897083 0.00332735
4146.654497 0.99456460 0.00319364
4146.689077 0.99237612 0.00321825
4146.723657 0.99484092 0.00314708
4146.758237 0.99603156 0.00280299
4146.792817 0.99937538 0.00309988
4146.827398 1.00305224 0.00314720
4146.861979 0.99652908 0.00324180
4146.896560 0.99607321 0.00308105
4146.931142 0.99823642 0.00313181
4146.965723 0.99145090 0.00368940
4147.000305 0.99494371 0.00333768
4147.034888 1.00036647 0.00332357
4147.069471 0.99738476 0.00321864
4147.104054 0.99817682 0.00335436
4147.138637 1.00279423 0.00309016
4147.173220 1.00204412 0.00366206
4147.207804 0.99966036 0.00369630
4147.242388 0.99988344 0.00358611
4147.276973 0.99354876 0.00350275
4147.311558 0.99785969 0.00360578
4147.346143 0.99629951 0.00291225
4147.380728 0.99592292 0.00366680
4147.415313 0.99852190 0.00302854
4147.449899 1.00052970 0.00305048
4147.484485 1.00068056 0.00322607
4147.519072 1.00317563 0.00324410
4147.553659 0.99901934 0.00315085
4147.588246 1.00080884 0.00314457
4147.622833 1.00007256 0.00346082
4147.657420 0.99914507 0.00337231
4147.692008 0.99730122 0.00278097
4147.726597 0.99308221 0.00289039
4147.761185 0.99787686 0.00289222
4147.795774 1.00394607 0.00306614
4147.830363 0.99599000 0.00284905
4147.864952 1.00005887 0.00295236
4147.899542 1.00008099 0.00371765
4147.934132 1.00045845 0.00314707
4147.968722 0.99880142 0.00347829
4148.003312 0.99704554 0.00317042
4148.037903 0.99378055 0.00339781
4148.072494 1.00050675 0.00335672
4148.107085 0.99725006 0.00339301
4148.141677 0.99835802 0.00379864
4148.176269 1.00015932 0.00317715
4148.210861 0.99763343 0.00269089
4148.245454 0.99587714 0.00333385
4148.280047 0.99525623 0.00300232
4148.314640 0.99753088 0.00320416
4148.349233 0.99316225 0.00334305
4148.383827 1.00011859 0.00333740
4148.418421 1.00087925 0.00325656
4148.453015 1.00043399 0.00295376
4148.487609 0.99752270 0.00360597
4148.522204 0.99134652 0.00323865
4148.556799 0.99977629 0.00349539
4148.591395 1.00120749 0.00337672
4148.625990 0.99927747 0.00327979
4148.660586 0.99860851 0.00288810
4148.695182 0.99619953 0.00342863
4148.729779 0.99111499 0.00311926
4148.764376 0.99719719 0.00347939
4148.798973 1.00152108 0.00324345
4148.833570 1.00074058 0.00312438
4148.868168 0.99871054 0.00321212
4148.902766 0.99548831 0.00318789
4148.937364 0.99675090 0.00266317
4148.971963 0.99890709 0.00299778
4149.006562 0.99939399 0.00285839
4149.041161 0.99713272 0.00307870
4149.075760 1.00007619 0.00298990
4149.110360 0.99255132 0.00335662
4149.144960 0.99504791 0.00290501
4149.179560 0.99773784 0.00289963
4149.214161 0.99759982 0.00303697
4149.248762 0.99665024 0.00298257
4149.283363 1.00764336 0.00375350
4149.317964 1.00070599 0.00326501
4149.352566 0.99759763 0.00319862
4149.387168 0.99849968 0.00302773
4149.421770 0.99845834 0.00291300
4149.456373 0.99555243 0.00327204
4149.490976 1.00034528 0.00329269
4149.525579 0.99707593 0.00366082
4149.560182 0.99772234 0.00327967
4149.594786 1.00107206 0.00299373
4149.629390 0.99755862 0.00311111
4149.663995 0.99671885 0.00307515
4149.698599 0.99832324 0.00291211
4149.733204 0.99817193 0.00311404
4149.767809 0.99535750 0.00341840
4149.802415 0.99766083 0.00321068
4149.837021 0.99733365 0.00332760
4149.871627 0.99841307 0.00375691
4149.906233 0.99713228 0.00329668
4149.940840 0.99985555 0.00336628
4149.975447 0.99960923 0.00332341
4150.010054 0.99908647 0.00320637
4150.044661 1.00424161 0.00304357
4150.079269 1.00083772 0.00292516
4150.113877 0.99872010 0.00304505
4150.148486 0.99708291 0.00352006
4150.183094 0.99258768 0.00297749
4150.217703 0.99625225 0.00328314
4150.252312 0.99710248 0.00362176
4150.286922 0.99921519 0.00325074
4150.321532 0.99838742 0.00322942
4150.356142 0.99828906 0.00314456
4150.390752 0.99537578 0.00338584
4150.425363 1.00117433 0.00313436
4150.459974 1.00281072 0.00291688
4150.494585 0.99845351 0.00381129
4150.529197 1.00097663 0.00348723
4150.563808 1.00140623 0.00316720
4150.598421 0.99828278 0.00312109
4150.633033 1.00105226 0.00328271
4150.667646 1.00334010 0.00313789
4150.702259 1.00067728 0.00322965
4150.736872 0.99778479 0.00347813
4150.771486 0.99388238 0.00295691
4150.806099 0.99396769 0.00291616
4150.840713 0.99095180 0.00317603
4150.875328 0.99698239 0.00324722
4150.909943 1.00072709 0.00338917
4150.944558 0.99885538 0.00354431
4150.979173 1.00286816 0.00318130
4151.013789 0.99874017 0.00343527
4151.048404 1.00107025 0.00287110
4151.083021 1.00263465 0.00337699
4151.117637 0.99864419 0.00331564
4151.152254 0.99694774 0.00328614
4151.186871 0.99807134 0.00350636
4151.221488 0.99465203 0.00360250
4151.256106 0.99908478 0.00333624
4151.290724 0.99942938 0.00323884
4151.325342 0.99690379 0.00343040
4151.359960 0.99368119 0.00327412
4151.394579 0.99299617 0.00351449
4151.429198 0.99525729 0.00318808
4151.463817 0.99345724 0.00289003
4151.498437 0.98675334 0.00367488
4151.533057 0.98761366 0.00350177
4151.567677 0.99408855 0.00309176
4151.602298 0.98940343 0.00304952
4151.636918 0.98571476 0.00302276
4151.671539 0.98643149 0.00363220
4151.706161 0.99114111 0.00321502
4151.740782 0.98724697 0.00291510
4151.775404 0.97939306 0.00330002
4151.810027 0.98476844 0.00311866
4151.844649 0.97613941 0.00339448
4151.879272 0.98146180 0.00315507
4151.913895 0.98183527 0.00287714
4151.948518 0.97765985 0.00322231
4151.983142 0.98186257 0.00350766
4152.017766 0.97516076 0.00308679
4152.052390 0.97275091 0.00302304
4152.087015 0.97505459 0.00314650
4152.121640 0.97760085 0.00339186
4152.156265 0.97334513 0.00329964
4152.190890 0.97300111 0.00291828
4152.225516 0.97248567 0.00318712
4152.260142 0.97568888 0.00298107
4152.294768 0.97156735 0.00299048
4152.329395 0.97064043 0.00341727
4152.364022 0.96652151 0.00324479
4152.398649 0.96731140 0.00350906
4152.433276 0.96650359 0.00318188
4152.467904 0.96137562 0.00344600
4152.502532 0.95982326 0.00341244
4152.537160 0.96434361 0.00296185
4152.571789 0.96255550 0.00325953
4152.606418 0.96495433 0.00315653
4152.641047 0.96242917 0.00352143
4152.675676 0.96697723 0.00318376
4152.710306 0.96939175 0.00334793
4152.744936 0.96612667 0.00290827
4152.779566 0.96234612 0.00302676
4152.814197 0.96378348 0.00316366
4152.848828 0.96227860 0.00332692
4152.883459 0.95662876 0.00347945
4152.918090 0.96356169 0.00358750
4152.952722 0.96114376 0.00322389
4152.987354 0.95905094 0.00370533
4153.021986 0.95453136 0.00356326
4153.056619 0.95987775 0.00354315
4153.091252 0.96664982 0.00307270
4153.125885 0.96402056 0.00326833
4153.160519 0.96530052 0.00325903
4153.195152 0.96102527 0.00350380
4153.229786 0.96770538 0.00318994
4153.264421 0.96663559 0.00330566
4153.299055 0.96696260 0.00338619
4153.333690 0.96519731 0.00328161
4153.368326 0.96306516 0.00293678
4153.402961 0.97189795 0.00322974
4153.437597 0.96788718 0.00328647
4153.472233 0.97194424 0.00327049
4153.506869 0.97370996 0.00322691
4153.541506 0.97735955 0.00340042
4153.576143 0.97839032 0.00383844
4153.610780 0.97938580 0.00319495
4153.645418 0.97752283 0.00303862
4153.680056 0.98044575 0.00327474
4153.714694 0.97885398 0.00302950
4153.749332 0.98403266 0.00318663
4153.783971 0.98276919 0.00304380
4153.818610 0.98185450 0.00290102
4153.853249 0.98514514 0.00292561
4153.887889 0.98279445 0.00350173
4153.922528 0.98503278 0.00338707
4153.957169 0.99136159 0.00302713
4153.991809 0.98838913 0.00304717
4154.026450 0.99257948 0.00341069
4154.061091 0.98850138 0.00343667
4154.095732 0.98862292 0.00312030
4154.130374 0.98669182 0.00346693
4154.165015 0.98875575 0.00337520
4154.199658 0.99476980 0.00329419
4154.234300 0.99252712 0.00357533
4154.268943 0.99186927 0.00335417
4154.303586 0.99045978 0.00330369
4154.338229 0.99592786 0.00323779
4154.372873 0.99622303 0.00277101
4154.407517 0.99595070 0.00362854
4154.442161 0.99601492 0.00337237
4154.476805 0.99165623 0.00323573
4154.511450 0.99537221 0.00347457
4154.546095 0.99561183 0.00352020
4154.580740 0.99537022 0.00344715
4154.615386 0.99632090 0.00325861
4154.650032 0.99738393 0.00298910
4154.684678 0.99511026 0.00315218
4154.719324 0.99935245 0.00318700
4154.753971 0.99771759 0.00358413
4154.788618 0.99760635 0.00356050
4154.823266 0.99266614 0.00362194
4154.857913 0.99272153 0.00336115
4154.892561 0.99600137 0.00353142
4154.927209 0.99893547 0.00340096
4154.961858 0.99616025 0.00336946
4154.996507 0.99817920 0.00312619
4155.031156 0.98896860 0.00327650
4155.065805 0.99012515 0.00286633
4155.100455 0.99635913 0.00312653
4155.135105 1.00139761 0.00349771
4155.169755 1.00186779 0.00354096
4155.204406 1.00296748 0.00323289
4155.239056 0.99547627 0.00298748
4155.273708 0.99410071 0.00320255
4155.308359 0.99604714 0.00339782
4155.343011 0.98956003 0.00343625
4155.377663 0.99007516 0.00330803
4155.412315 0.99240775 0.00349682
4155.446967 0.98970413 0.00312250
4155.481620 0.98665399 0.00346798
4155.516273 0.98555146 0.00317871
4155.550927 0.98577424 0.00308964
4155.585581 0.98605805 0.00332889
4155.620235 0.98083649 0.00280406
4155.654889 0.97801834 0.00323504
4155.689543 0.97264429 0.00337047
4155.724198 0.97326042 0.00267372
4155.758853 0.97928414 0.00276334
4155.793509 0.97254498 0.00323597
4155.828165 0.96882864 0.00319797
4155.862821 0.96940414 0.00323889
4155.897477 0.96680637 0.00286179
4155.932134 0.96430323 0.00316682
4155.966790 0.96645327 0.00302009
4156.001448 0.96013241 0.00343193
4156.036105 0.96112310 0.00332380
4156.070763 0.96698333 0.00338912
4156.105421 0.95346125 0.00334302
4156.140079 0.95302559 0.00316526
4156.174738 0.96003740 0.00350300
4156.209397 0.95609438 0.00303208
4156.244056 0.95547435 0.00310699
4156.278715 0.95774560 0.00288839
4156.313375 0.95098968 0.00303146
4156.348035 0.95671527 0.00302149
4156.382696 0.95382056 0.00256505
4156.417356 0.95060843 0.00318906
4156.452017 0.95479676 0.00329098
4156.486678 0.95201854 0.00335144
4156.521340 0.95182276 0.00368961
4156.556002 0.95574797 0.00351566
4156.590664 0.95174727 0.00337541
4156.625326 0.95157056 0.00311996
4156.659989 0.95550926 0.00306313
4156.694652 0.95279962 0.00331027
4156.729315 0.95995897 0.00351428
4156.763979 0.95440909 0.00309986
4156.798642 0.95612466 0.00288945
4156.833307 0.96072213 0.00332577
4156.867971 0.95633716 0.00303980
4156.902636 0.94887941 0.00316104
4156.937301 0.95404053 0.00312778
4156.971966 0.95329681 0.00313793
4157.006631 0.95941096 0.00325225
4157.041297 0.95995849 0.00325382
4157.075963 0.96113850 0.00329600
4157.110630 0.96031310 0.00283876
4157.145297 0.96040266 0.00322282
4157.179964 0.96383666 0.00326369
4157.214631 0.96756401 0.00318602
4157.249298 0.96372704 0.00315323
4157.283966 0.96277436 0.00338927
4157.318634 0.97231977 0.00346307
4157.353303 0.97550122 0.00295876
4157.387972 0.97082571 0.00337792
4157.422641 0.96894955 0.00345406
4157.457310 0.96784844 0.00329224
4157.491980 0.97514965 0.00339476
4157.526650 0.98152722 0.00328232
4157.561320 0.98865417 0.00319822
4157.595990 0.99008982 0.00317786
4157.630661 0.98579820 0.00298955
4157.665332 0.98976510 0.00320633
4157.700003 0.99035693 0.00296929
4157.734675 0.99249203 0.00333232
4157.769347 0.99601985 0.00313981
4157.804019 0.99354676 0.00311195
4157.838692 0.99886294 0.00342741
4157.873364 1.00099851 0.00284763
4157.908037 0.99623542 0.00316814
4157.942711 0.99837852 0.00273370
4157.977384 0.99483198 0.00319317
4158.012058 1.00042186 0.00347568
4158.046733 0.99291638 0.00311559
4158.081407 0.99575840 0.00332451
4158.116082 0.99798363 0.00313581
4158.150757 0.99831380 0.00327193
4158.185432 0.99898382 0.00301112
4158.220108 1.00350017 0.00316757
4158.254784 1.00011106 0.00324344
4158.289460 0.99596670 0.00370390
4158.324137 0.99880971 0.00394925
4158.358814 1.00150779 0.00335332
4158.393491 0.99985152 0.00273441
4158.428168 0.99757410 0.00281247
4158.462846 0.99733678 0.00296143
4158.497524 0.99879862 0.00348154
4158.532202 1.00242138 0.00335674
4158.566881 1.00092613 0.00310488
4158.601560 1.00450623 0.00309328
4158.636239 1.00054631 0.00291571
4158.670918 0.99819340 0.00316060
4158.705598 0.99643945 0.00317746
4158.740278 1.00213563 0.00318999
4158.774958 0.99972921 0.00325431
4158.809639 1.00050067 0.00327041
4158.844320 1.00183431 0.00344085
4158.879001 1.00012312 0.00338924
4158.913682 0.99959562 0.00361922
4158.948364 1.00308878 0.00281460
4158.983046 0.99873713 0.00328013
4159.017729 1.00159811 0.00317638
4159.052411 1.00098685 0.00304108
4159.087094 1.00838372 0.00405889
4159.121777 1.00558331 0.00318888
4159.156461 0.99527952 0.00260126
4159.191145 0.99608718 0.00295487
4159.225829 0.99712221 0.00337732
4159.260513 0.99492501 0.00276095
4159.295198 0.99732264 0.00327216
4159.329883 0.99902415 0.00361604
4159.364568 0.99518316 0.00299296
4159.399253 0.99779158 0.00351201
4159.433939 1.00005225 0.00320021
4159.468625 1.00059873 0.00333299
4159.503312 0.99503802 0.00360965
4159.537998 0.99446063 0.00293214
4159.572685 1.00074234 0.00329973
4159.607372 1.00191558 0.00292741
4159.642060 0.99769004 0.00303510
4159.676748 0.99832073 0.00308821
4159.711436 1.00378362 0.00312154
4159.746124 1.00063673 0.00292242
4159.780813 0.99866611 0.00309477
4159.815502 0.99614082 0.00331115
4159.850191 0.99917149 0.00318906
4159.884881 0.99901950 0.00326598
4159.919571 0.99302103 0.00283462
4159.954261 0.99871563 0.00285253
4159.988951 0.99654523 0.00306607
4160.023642 0.99374065 0.00341574
4160.058333 1.00053282 0.00315391
4160.093024 1.00020968 0.00349753
4160.127716 0.99742163 0.00310790
4160.162408 0.99822476 0.00334060
4160.197100 0.99800036 0.00313882
4160.231792 0.99898210 0.00329146
4160.266485 1.00404976 0.00315401
4160.301178 1.00119199 0.00282310
4160.335871 0.99890643 0.00342650
4160.370565 1.00134342 0.00335965
4160.405259 1.00358839 0.00290988
4160.439953 1.00388920 0.00304726
4160.474648 0.99821172 0.00365447
4160.509342 0.99639587 0.00314971
4160.544037 0.99765903 0.00322561
4160.578733 0.99675528 0.00329213
4160.613428 0.99579401 0.00334376
4160.648124 0.99416030 0.00326502
4160.682821 0.99379803 0.00308982
4160.717517 0.99770977 0.00334175
4160.752214 0.99694013 0.00290101
4160.786911 0.99572875 0.00337927
4160.821608 0.99921805 0.00282651
4160.856306 0.99670123 0.00345724
4160.891004 0.99673102 0.00324366
4160.925702 0.99651767 0.00336632
4160.960401 1.00264787 0.00299875
4160.995100 0.99829185 0.00305468
4161.029799 0.99621723 0.00343278
4161.064498 0.99562043 0.00286634
4161.099198 0.99778640 0.00344643
4161.133898 0.99881888 0.00356501
4161.168598 0.99931680 0.00322299
4161.203299 0.99588720 0.00338103
4161.237999 0.99281523 0.00343373
4161.272701 0.99411585 0.00309619
4161.307402 0.99640703 0.00333210
4161.342104 0.99753884 0.00345323
4161.376806 0.99616673 0.00346264
4161.411508 0.99607014 0.00329762
4161.446211 0.99347108 0.00371876
4161.480913 0.99876225 0.00330711
4161.515617 0.99790579 0.00368581
4161.550320 0.99485609 0.00317065
4161.585024 0.99204932 0.00310455
4161.619728 0.99545123 0.00315396
4161.654432 0.99943778 0.00332017
4161.689137 0.99679893 0.00344222
4161.723842 0.99733006 0.00330066
4161.758547 0.99582822 0.00286601
4161.793252 0.99383557 0.00341675
4161.827958 0.98708779 0.00365314
4161.862664 0.98729428 0.00328467
4161.897370 0.98981965 0.00345382
4161.932077 0.98935004 0.00324222
4161.966784 0.98351059 0.00312863
4162.001491 0.98197167 0.00334889
4162.036199 0.98469207 0.00353084
4162.070906 0.97943831 0.00397964
4162.105615 0.97351576 0.00315099
4162.140323 0.97065278 0.00328750
4162.175032 0.97306793 0.00330174
4162.209741 0.96758038 0.00335740
4162.244450 0.96797596 0.00387721
4162.279159 0.96574757 0.00328312
4162.313869 0.96599046 0.00342084
4162.348579 0.96834839 0.00316246
4162.383290 0.96273353 0.00342198
4162.418000 0.96108330 0.00346128
4162.452711 0.96064697 0.00350647
4162.487423 0.95699314 0.00319484
4162.522134 0.95597274 0.00297196
4162.556846 0.95356909 0.00315922
4162.591558 0.95289016 0.00328398
4162.626270 0.95689555 0.00359770
4162.660983 0.95754866 0.00327394
4162.695696 0.95858901 0.00347317
4162.730409 0.95687096 0.00300452
4162.765123 0.95467979 0.00339041
4162.799837 0.95053680 0.00353315
4162.834551 0.95671256 0.00321902
4162.869266 0.95482912 0.00324264
4162.903980 0.96069750 0.00340964
4162.938695 0.95307745 0.00373366
4162.973411 0.95130781 0.00323106
4163.008126 0.95540746 0.00332063
4163.042842 0.95334315 0.00338131
4163.077558 0.95193447 0.00336916
4163.112275 0.95510815 0.00358374
4163.146992 0.95786835 0.00281190
4163.181709 0.95407296 0.00285931
4163.216426 0.95883889 0.00323077
4163.251144 0.95742003 0.00327588
4163.285862 0.95574451 0.00321141
4163.320580 0.95577889 0.00367593
4163.355298 0.96134473 0.00322534
4163.390017 0.95701406 0.00291375
4163.424736 0.95768252 0.00339403
4163.459455 0.96402303 0.00330025
4163.494175 0.96528993 0.00326662
4163.528895 0.96370417 0.00323357
4163.563615 0.97099180 0.00305195
4163.598336 0.96439445 0.00336506
4163.633057 0.96553972 0.00321126
4163.667778 0.96372639 0.00324078
4163.702499 0.96842718 0.00314120
4163.737221 0.97142304 0.00340335
4163.771943 0.97123055 0.00308977
4163.806665 0.97275399 0.00310177
4163.841388 0.97297912 0.00344284
4163.876110 0.97936636 0.00322337
4163.910834 0.97615351 0.00298284
4163.945557 0.97759892 0.00319509
4163.980281 0.98135157 0.00327009
4164.015005 0.98717455 0.00280299
4164.049729 0.98085995 0.00293395
4164.084454 0.98670797 0.00306295
4164.119179 0.98475200 0.00325983
4164.153904 0.98908600 0.00329178
4164.188629 0.98908080 0.00356399
4164.223355 0.99159161 0.00310993
4164.258081 0.98834632 0.00370263
4164.292807 0.98749590 0.00338701
4164.327534 0.98695095 0.00321421
4164.362261 0.99009419 0.00302689
4164.396988 0.98731789 0.00360010
4164.431715 0.98694235 0.00303706
4164.466443 0.99196580 0.00348046
4164.501171 0.99526346 0.00301642
4164.535900 0.98935215 0.00352980
4164.570628 0.98929223 0.00294826
4164.605357 0.98315017 0.00290466
4164.640086 0.98336735 0.00363116
4164.674816 0.98336348 0.00334512
4164.709546 0.98324851 0.00311049
4164.744276 0.98725266 0.00311384
4164.779006 0.99133519 0.00306824
4164.813737 0.99795808 0.00356136
4164.848468 0.99096708 0.00349991
4164.883199 0.99344368 0.00320934
4164.917930 0.98878941 0.00361071
4164.952662 0.99126337 0.00324108
4164.987394 0.98869847 0.00348977
4165.022127 0.98563314 0.00339673
4165.056860 0.98777885 0.00320878
4165.091592 0.99428239 0.00337242
4165.126326 0.98787420 0.00304759
4165.161059 0.98817110 0.00349201
4165.195793 0.98743671 0.00322574
4165.230527 0.98811007 0.00326591
4165.265262 0.99075459 0.00269039
4165.299996 0.99310965 0.00324984
4165.334731 0.99518630 0.00368675
4165.369467 0.98797179 0.00337445
4165.404202 0.99104282 0.00320248
4165.438938 0.99325936 0.00256616
4165.473674 0.98823603 0.00313177
4165.508411 0.99291532 0.00344663
4165.543148 0.99201887 0.00346146
4165.577885 0.99565316 0.00322595
4165.612622 0.99421051 0.00293364
4165.647360 0.99012314 0.00307550
4165.682097 0.99306781 0.00343159
4165.716836 0.99369795 0.00337227
4165.751574 0.99481579 0.00312306
4165.786313 0.99292991 0.00314825
4165.821052 0.99250345 0.00342396
4165.855791 0.99526251 0.00382068
4165.890531 0.99809603 0.00324461
4165.925271 0.99206991 0.00319279
4165.960011 0.99597955 0.00328478
4165.994752 0.99554933 0.00332366
4166.029492 0.99306712 0.00400837
4166.064234 0.99446975 0.00339680
4166.098975 0.99517839 0.00344365
4166.133717 0.99106845 0.00337316
4166.168459 0.99375931 0.00312745
4166.203201 0.99272714 0.00358529
4166.237943 0.99728264 0.00316818
4166.272686 0.99536027 0.00313373
4166.307429 0.99269657 0.00324525
4166.342173 0.99271896 0.00326374
4166.376916 0.99922919 0.00366759
4166.411660 0.99524655 0.00392315
4166.446405 0.99193971 0.00336102
4166.481149 1.00079666 0.00343567
4166.515894 0.99296550 0.00346237
4166.550639 0.99514951 0.00329422
4166.585385 0.99332308 0.00291092
4166.620130 0.99471526 0.00313688
4166.654876 0.99513302 0.00293835
4166.689623 0.99264173 0.00279851
4166.724369 0.99483157 0.00338178
4166.759116 0.99240760 0.00325431
4166.793863 0.99485273 0.00324015
4166.828611 0.99349404 0.00290762
4166.863359 0.99027026 0.00344327
4166.898107 0.99348147 0.00327952
4166.932855 0.99021455 0.00368402
4166.967604 0.99270351 0.00315476
4167.002353 0.99755976 0.00348056
4167.037102 0.99796419 0.00344175
4167.071851 0.99387636 0.00291095
4167.106601 0.98904907 0.00331508
4167.141351 0.99624845 0.00337093
4167.176101 0.99979390 0.00342114
4167.210852 0.99781497 0.00357678
4167.245603 0.99431483 0.00341116
4167.280354 0.99539027 0.00325836
4167.315106 0.99345843 0.00341777
4167.349858 0.99222583 0.00302151
4167.384610 0.99709710 0.00325544
4167.419362 0.99288363 0.00331225
4167.454115 0.99310137 0.00341745
4167.488868 0.98955450 0.00328087
4167.523621 0.99417071 0.00310399
4167.558375 0.99858894 0.00337662
4167.593128 0.99809400 0.00345360
4167.627883 0.99649178 0.00321543
4167.662637 0.99718613 0.00311996
4167.697392 0.99338948 0.00319600
4167.732147 0.99321378 0.00324815
4167.766902 0.99267252 0.00312766
4167.801658 0.99893881 0.00305275
4167.836413 0.99279204 0.00369353
4167.871170 0.99507485 0.00341774
4167.905926 0.99024692 0.00321835
4167.940683 0.99142215 0.00287421
4167.975440 0.99158102 0.00321836
4168.010197 0.99178311 0.00297265
4168.044955 0.98792537 0.00371402
4168.079713 0.98243603 0.00318641
4168.114471 0.98595502 0.00326925
4168.149229 0.98079852 0.00289271
4168.183988 0.98699936 0.00304975
4168.218747 0.98031707 0.00315704
4168.253506 0.97649778 0.00330955
4168.288266 0.97877611 0.00356011
4168.323026 0.97392196 0.00320032
4168.357786 0.97208818 0.00305100
4168.392547 0.97100300 0.00346018
4168.427308 0.96837676 0.00378102
4168.462069 0.97112310 0.00337745
4168.496830 0.97029355 0.00328362
4168.531592 0.96195610 0.00368851
4168.566354 0.96295126 0.00364876
4168.601116 0.96576001 0.00310637
4168.635878 0.96888565 0.00321110
4168.670641 0.96369483 0.00318315
4168.705404 0.96697497 0.00326535
4168.740168 0.95936130 0.00357356
4168.774931 0.95374578 0.00320260
4168.809695 0.95617865 0.00321395
4168.844460 0.95735316 0.00332247
4168.879224 0.95607868 0.00313926
4168.913989 0.95563785 0.00335550
4168.948754 0.95015697 0.00300799
4168.983520 0.95389500 0.00317479
4169.018285 0.95423645 0.00380658
4169.053051 0.95156285 0.00310345
4169.087818 0.95366113 0.00313880
4169.122584 0.95314813 0.00333916
4169.157351 0.94830142 0.00324703
4169.192118 0.94818409 0.00310338
4169.226886 0.95018655 0.00297069
4169.261654 0.95147342 0.00321044
4169.296422 0.95943031 0.00331804
4169.331190 0.96284372 0.00298991
4169.365959 0.95520991 0.00357447
4169.400728 0.95163310 0.00365346
4169.435497 0.95448385 0.00315177
4169.470266 0.95877241 0.00336776
4169.505036 0.95187082 0.00347791
4169.539806 0.95617142 0.00304682
4169.574576 0.95802095 0.00327084
4169.609347 0.95875549 0.00339273
4169.644118 0.96147780 0.00309675
4169.678889 0.95676088 0.00352485
4169.713661 0.96162600 0.00337519
4169.748433 0.96591203 0.00324283
4169.783205 0.96063267 0.00347932
4169.817977 0.95951168 0.00349594
4169.852750 0.96305772 0.00312815
4169.887523 0.96593500 0.00340280
4169.922296 0.97658713 0.00356632
4169.957070 0.97300348 0.00320784
4169.991843 0.97354103 0.00322192
4170.026618 0.97898930 0.00301445
4170.061392 0.97983112 0.00348372
4170.096167 0.97613943 0.00305765
4170.130942 0.98158498 0.00360409
4170.165717 0.98716634 0.00312139
4170.200493 0.98596287 0.00301440
4170.235268 0.98859105 0.00351322
4170.270045 0.99357060 0.00318255
4170.304821 0.99806693 0.00375734
4170.339598 0.99637126 0.00352561
4170.374375 0.99956251 0.00334787
4170.409152 0.99682877 0.00367799
4170.443930 0.99217370 0.00352043
4170.478708 0.99373301 0.00337749
4170.513486 0.99609774 0.00304957
4170.548264 1.00029032 0.00345976
4170.583043 1.00371087 0.00278815
4170.617822 0.99698048 0.00290102
4170.652602 0.99521390 0.00308203
4170.687381 0.99441406 0.00330773
4170.722161 1.00161264 0.00313619
4170.756941 1.00215287 0.00319580
4170.791722 1.00101130 0.00323517
4170.826503 0.99948870 0.00330369
4170.861284 1.00249195 0.00351313
4170.896065 1.00554975 0.00332448
4170.930847 1.00143503 0.00297168
4170.965629 0.99929855 0.00321070
4171.000411 1.00181976 0.00353410
4171.035194 0.99692386 0.00306044
4171.069976 0.99612387 0.00321936
4171.104760 1.00087923 0.00335765
4171.139543 0.99875049 0.00318671
4171.174327 0.99932928 0.00342721
4171.209111 0.99897150 0.00337854
4171.243895 0.99452872 0.00331878
4171.278680 0.99870085 0.00318426
4171.313464 0.99943032 0.00338859
4171.348250 1.00150418 0.00319166
4171.383035 1.00102702 0.00328533
4171.417821 0.99751508 0.00334130
4171.452607 0.99180698 0.00298487
4171.487393 0.99484576 0.00325936
4171.522180 0.99554108 0.00370596
4171.556967 0.99402485 0.00335677
4171.591754 0.99867842 0.00318632
4171.626541 1.00099416 0.00283486
4171.661329 1.00275348 0.00306459
4171.696117 0.99873940 0.00317249
4171.730905 0.99279320 0.00305874
4171.765694 0.99161590 0.00320013
4171.800483 0.99371700 0.00305395
4171.835272 0.99613758 0.00322458
4171.870062 0.99388528 0.00315925
4171.904852 0.99947315 0.00314244
4171.939642 0.99157363 0.00334569
4171.974432 0.99923710 0.00303696
4172.009223 0.99885096 0.00294973
4172.044014 0.99628878 0.00306629
4172.078805 0.99470096 0.00307856
4172.113596 0.99501168 0.00343069
4172.148388 0.99403190 0.00332353
4172.183180 0.99120962 0.00288928
4172.217973 0.99513487 0.00280295
4172.252765 0.99774604 0.00286798
4172.287558 0.99270539 0.00322994
4172.322352 0.99643166 0.00302773
4172.357145 0.99814098 0.00300729
4172.391939 0.99962977 0.00322176
4172.426733 0.99492963 0.00334908
4172.461528 0.99539751 0.00309342
4172.496322 0.99992567 0.00365802
4172.531117 0.99544200 0.00321550
4172.565913 0.99620395 0.00327116
4172.600708 0.99705984 0.00360901
4172.635504 0.99805012 0.00342798
4172.670300 0.99685895 0.00321933
4172.705097 0.99604314 0.00340027
4172.739894 1.00172994 0.00269844
4172.774691 0.99381007 0.00321616
4172.809488 0.99616344 0.00314415
4172.844286 0.99839265 0.00320980
4172.879084 0.99567215 0.00314851
4172.913882 1.00278650 0.00308485
4172.948680 0.99735185 0.00333010
4172.983479 0.99885327 0.00333057
4173.018278 0.99429039 0.00345029
4173.053078 1.00084744 0.00332029
4173.087877 0.99745068 0.00299686
4173.122677 0.99731490 0.00324762
4173.157477 0.99515220 0.00293264
4173.192278 0.99214478 0.00281853
4173.227079 0.99029858 0.00313656
4173.261880 0.99508543 0.00325334
4173.296681 0.99679901 0.00317825
4173.331483 0.98997114 0.00318635
4173.366285 0.99172423 0.00281197
4173.401087 0.99525030 0.00325457
4173.435890 0.99291932 0.00336377
4173.470693 0.99305601 0.00335059
4173.505496 0.99482821 0.00317646
4173.540299 0.99346003 0.00334917
4173.575103 0.99296692 0.00309205
4173.609907 0.99351569 0.00304951
4173.644711 0.98880235 0.00310044
4173.679516 0.98395809 0.00313594
4173.714321 0.99257934 0.00257846
4173.749126 0.99495789 0.00371422
4173.783931 0.99040403 0.00331374
4173.818737 0.98885122 0.00303441
4173.853543 0.99245404 0.00346837
4173.888350 0.98707956 0.00354787
4173.923156 0.98772251 0.00339178
4173.957963 0.99011627 0.00362903
4173.992770 0.99338289 0.00336056
4174.027578 0.98412011 0.00314260
4174.062386 0.98667364 0.00328419
4174.097194 0.99073077 0.00348067
4174.132002 0.98945847 0.00319215
4174.166811 0.99571698 0.00355748
4174.201620 0.99241656 0.00374845
4174.236429 0.98851163 0.00305003
4174.271238 0.98860311 0.00309626
4174.306048 0.98668889 0.00345586
4174.340858 0.99048926 0.00325722
4174.375669 0.98388233 0.00330317
4174.410479 0.98135804 0.00310448
4174.445290 0.99227384 0.00320135
4174.480102 0.98795165 0.00308270
4174.514913 0.98866642 0.00284071
4174.549725 0.98852955 0.00314228
4174.584537 0.99080311 0.00290165
4174.619350 0.98908712 0.00327671
4174.654162 0.98585603 0.00333705
4174.688975 0.99274935 0.00284607
4174.723789 0.99191716 0.00331121
4174.758602 0.99326376 0.00299554
4174.793416 0.99280140 0.00338635
4174.828230 0.99022868 0.00350504
4174.863045 0.98801413 0.00348197
4174.897860 0.99056114 0.00324374
4174.932675 0.99259644 0.00332845
4174.967490 0.98720394 0.00303316
4175.002306 0.99206708 0.00316524
4175.037122 0.99143763 0.00322470
4175.071938 0.98942527 0.00377912
4175.106754 0.99411108 0.00327774
4175.141571 0.99533233 0.00353119
4175.176388 0.98905653 0.00294761
4175.211205 0.99084737 0.00294193
4175.246023 0.99308484 0.00341963
4175.280841 0.99550029 0.00307333
4175.315659 0.99484092 0.00331300
4175.350478 0.99551058 0.00292758
4175.385297 0.99281217 0.00303264
4175.420116 0.99957075 0.00338672
4175.454935 0.99623891 0.00312055
4175.489755 0.98891128 0.00293089
4175.524575 0.99688185 0.00328514
4175.559395 0.99470115 0.00312672
4175.594216 0.99341957 0.00294985
4175.629037 0.99086759 0.00307124
4175.663858 0.99327086 0.00291885
4175.698679 0.99705756 0.00307479
4175.733501 0.98956158 0.00335476
4175.768323 0.99115632 0.00311188
4175.803145 0.98928025 0.00315905
4175.837968 0.99550649 0.00315094
4175.872791 0.99656853 0.00299204
4175.907614 0.99139777 0.00325394
4175.942437 0.98329392 0.00333088
4175.977261 0.99137756 0.00300031
4176.012085 0.99295722 0.00315377
4176.046909 0.99210049 0.00350606
4176.081734 0.98977890 0.00370151
4176.116559 0.99381867 0.00338606
4176.151384 0.99677896 0.00307944
4176.186210 0.99505002 0.00325413
4176.221035 0.99287151 0.00319714
4176.255862 0.99690844 0.00288341
4176.290688 0.98772076 0.00305772
4176.325515 0.98951815 0.00316188
4176.360342 0.98960464 0.00304511
4176.395169 0.99033327 0.00317813
4176.429996 0.99402262 0.00322147
4176.464824 0.99667415 0.00321463
4176.499652 0.99296471 0.00355864
4176.534481 0.99269994 0.00307656
4176.569309 0.99041396 0.00300462
4176.604138 0.99174058 0.00281121
4176.638968 0.99171621 0.00292608
4176.673797 0.99358164 0.00291962
4176.708627 0.99222226 0.00267272
4176.743457 0.99555894 0.00309865
4176.778288 0.99579208 0.00335072
4176.813118 0.99683229 0.00308079
4176.847949 0.99474112 0.00325067
4176.882781 0.99707876 0.00309149
4176.917612 0.99948954 0.00352622
4176.952444 1.00058751 0.00318729
4176.987276 0.99715244 0.00365989
4177.022109 0.99718867 0.00308938
4177.056942 0.99954244 0.00298651
4177.091775 0.99547394 0.00322007
4177.126608 0.99172883 0.00296664
4177.161442 0.99339718 0.00348822
4177.196276 0.99264575 0.00342542
4177.231110 0.99670283 0.00329651
4177.265944 0.99810469 0.00326549
4177.300779 0.99677374 0.00313606
4177.335614 0.99977529 0.00302264
4177.370449 0.99633958 0.00328129
4177.405285 0.99853190 0.00315182
4177.440121 1.00306902 0.00293732
4177.474957 0.99924370 0.00296758
4177.509794 0.99884941 0.00326435
4177.544631 0.99891963 0.00326445
4177.579468 0.99943608 0.00327325
4177.614305 1.00170066 0.00351158
4177.649143 0.99897454 0.00307965
4177.683981 1.00190074 0.00339850
4177.718819 0.99757308 0.00364090
4177.753658 0.99516011 0.00333743
4177.788497 0.99640178 0.00334105
4177.823336 1.00414864 0.00315375
4177.858175 0.99761742 0.00354515
4177.893015 0.99559495 0.00332441
4177.927855 1.00262580 0.00266793
4177.962695 1.00490099 0.00296806
4177.997536 0.99882717 0.00316094
4178.032377 0.99692142 0.00323651
4178.067218 0.99456682 0.00326490
4178.102059 0.99398859 0.00358191
4178.136901 0.99445234 0.00328853
4178.171743 1.00072368 0.00290193
4178.206586 0.99818265 0.00356720
4178.241428 0.99598848 0.00315535
4178.276271 0.99877699 0.00288869
4178.311114 0.99648505 0.00325097
4178.345958 0.99471920 0.00347417
4178.380802 0.99394209 0.00339242
4178.415646 0.99300724 0.00307536
4178.450490 0.99953443 0.00299393
4178.485335 0.99727928 0.00322610
4178.520180 1.00110070 0.00305749
4178.555025 0.99731722 0.00330912
4178.589871 1.00080272 0.00326979
4178.624716 0.99417242 0.00338465
4178.659563 0.99616750 0.00364118
4178.694409 0.99588760 0.00330615
4178.729256 0.99581250 0.00314078
4178.764103 0.99891315 0.00324247
4178.798950 0.99852196 0.00309726
4178.833798 0.99811815 0.00298954
4178.868645 1.00010135 0.00294378
4178.903494 1.00087684 0.00351462
4178.938342 0.99517453 0.00329842
4178.973191 0.99910153 0.00336926
4179.008040 0.99691794 0.00317988
4179.042889 0.99686856 0.00323257
4179.077739 0.99588933 0.00364465
4179.112589 0.99857702 0.00318567
4179.147439 1.00174437 0.00293318
4179.182289 0.99897926 0.00343271
4179.217140 0.99450303 0.00350544
4179.251991 1.00018909 0.00321064
4179.286843 0.99970433 0.00314782
4179.321694 0.99799457 0.00311009
4179.356546 0.99914014 0.00292886
4179.391398 1.00325925 0.00288798
4179.426251 1.00014340 0.00309008
4179.461104 0.99598570 0.00328321
4179.495957 0.99512790 0.00340507
4179.530810 0.99539657 0.00317327
4179.565664 0.99888651 0.00357870
4179.600518 0.99791183 0.00364060
4179.635372 0.99934478 0.00322622
4179.670227 0.99958379 0.00334210
4179.705081 1.00186114 0.00307927
4179.739937 0.99673711 0.00296079
4179.774792 0.99680224 0.00359034
4179.809648 0.99844226 0.00385324
4179.844504 0.99458429 0.00332042
4179.879360 0.99801046 0.00321810
4179.914217 0.99749773 0.00346190
4179.949073 0.99671411 0.00373886
4179.983931 0.99330248 0.00302050
4180.018788 0.99828197 0.00316432
4180.053646 0.99727957 0.00346175
4180.088504 0.99753287 0.00329684
4180.123362 0.99653302 0.00328012
4180.158221 0.99855033 0.00288365
4180.193080 0.99561913 0.00368036
4180.227939 0.99414592 0.00366025
4180.262798 1.00163816 0.00326520
4180.297658 0.99892559 0.00344321
4180.332518 1.00051508 0.00358438
4180.367379 0.99614373 0.00351044
4180.402239 0.99782562 0.00320172
4180.437100 0.99412983 0.00348623
4180.471962 0.99455424 0.00323358
4180.506823 0.99691521 0.00311950
4180.541685 0.99904797 0.00311505
4180.576547 0.99688292 0.00344602
4180.611409 0.99688317 0.00301764
4180.646272 1.00045783 0.00336421
4180.681135 0.99769919 0.00308208
4180.715998 1.00156964 0.00290880
4180.750862 1.00100948 0.00341050
4180.785726 0.99742191 0.00339855
4180.820590 0.99227799 0.00318925
4180.855454 0.99223326 0.00296679
4180.890319 0.99068791 0.00327148
4180.925184 0.99835690 0.00350407
4180.960049 0.99412132 0.00334902
4180.994915 0.99677740 0.00338252
4181.029781 0.99730776 0.00327669
4181.064647 1.00002853 0.00348496
4181.099514 0.99811408 0.00376906
4181.134380 1.00369615 0.00302575
4181.169247 0.99636431 0.00370654
4181.204115 0.99724429 0.00320234
4181.238982 1.00668478 0.00333174
4181.273850 0.99725624 0.00332608
4181.308718 0.99821479 0.00356498
4181.343587 0.99877124 0.00351557
4181.378456 0.99728725 0.00327629
4181.413325 0.99652655 0.00303174
4181.448194 0.99144067 0.00318822
4181.483064 1.00000174 0.00299011
4181.517934 1.00164915 0.00339004
4181.552804 0.99657163 0.00326009
4181.587675 0.99759216 0.00314226
4181.622546 0.99721646 0.00337337
4181.657417 0.99578857 0.00318574
4181.692288 0.99360864 0.00348861
4181.727160 0.99475037 0.00348325
4181.762032 0.99987909 0.00315864
4181.796904 1.00445245 0.00342315
4181.831777 1.00310685 0.00309997
4181.866649 0.99763837 0.00308603
4181.901523 0.99434523 0.00337938
4181.936396 0.99445048 0.00321495
4181.971270 1.00013423 0.00310398
4182.006144 1.00273727 0.00290407
4182.041018 0.99387243 0.00302298
4182.075893 0.99823073 0.00355791
4182.110768 0.99764611 0.00342993
4182.145643 0.99939944 0.00285997
4182.180518 1.00229853 0.00315695
4182.215394 0.99913592 0.00349042
4182.250270 0.99102906 0.00302725
4182.285147 0.99316165 0.00321732
4182.320023 0.98885655 0.00337887
4182.354900 0.99412642 0.00334900
4182.389777 1.00137611 0.00344646
4182.424655 0.99985906 0.00324593
4182.459533 0.99644627 0.00364687
4182.494411 0.99813862 0.00349245
4182.529289 0.99988648 0.00316925
4182.564168 0.99951037 0.00331801
4182.599047 1.00271922 0.00341360
4182.633926 0.99510437 0.00365851
4182.668806 0.99816989 0.00328701
4182.703686 0.99908086 0.00325408
4182.738566 0.99460181 0.00305265
4182.773446 0.99506269 0.00334305
4182.808327 0.99732598 0.00309694
4182.843208 0.99874537 0.00318713
4182.878089 0.99163746 0.00386957
4182.912971 0.99564259 0.00294376
4182.947853 0.99223484 0.00288884
4182.982735 0.99882752 0.00327629
4183.017617 0.99791014 0.00306102
4183.052500 0.99638236 0.00276246
4183.087383 0.99519409 0.00356911
4183.122266 0.99555339 0.00309626
4183.157150 1.00381204 0.00298489
4183.192034 0.99689405 0.00365608
4183.226918 0.99436616 0.00363075
4183.261803 1.00138417 0.00328047
4183.296688 0.99526482 0.00328128
4183.331573 0.99463926 0.00332159
4183.366458 0.99627394 0.00364155
4183.401344 1.00050466 0.00360874
4183.436230 0.99698699 0.00330985
4183.471116 0.99957377 0.00338031
4183.506002 0.99133738 0.00296601
4183.540889 0.99390373 0.00305157
4183.575776 0.99259359 0.00336244
4183.610664 0.99104858 0.00331725
4183.645551 0.98890808 0.00321833
4183.680439 0.99534630 0.00342595
4183.715328 0.99668376 0.00350401
4183.750216 0.99911988 0.00329218
4183.785105 0.99840693 0.00325056
4183.819994 0.99461537 0.00354484
4183.854884 0.99492903 0.00325904
4183.889774 0.99154145 0.00369602
4183.924664 0.99472841 0.00315473
4183.959554 0.99646056 0.00359528
4183.994444 0.99538724 0.00360267
4184.029335 0.99174421 0.00274168
4184.064227 0.99639046 0.00340587
4184.099118 0.99962483 0.00364558
4184.134010 0.99212578 0.00326835
4184.168902 0.99441905 0.00321083
4184.203794 0.99101027 0.00349862
4184.238687 0.98646180 0.00349175
4184.273580 0.98449211 0.00305412
4184.308473 0.98466585 0.00276638
4184.343367 0.98627272 0.00372805
4184.378260 0.97956756 0.00322448
4184.413155 0.97355059 0.00328529
4184.448049 0.97437100 0.00330095
4184.482944 0.97268962 0.00327937
4184.517839 0.97004890 0.00277851
4184.552734 0.96871859 0.00326189
4184.587629 0.96367409 0.00337649
4184.622525 0.96079774 0.00296635
4184.657421 0.96114341 0.00316354
4184.692318 0.95628443 0.00347911
4184.727215 0.95610732 0.00307324
4184.762112 0.95150069 0.00288690
4184.797009 0.95335174 0.00336746
4184.831906 0.95131120 0.00329092
4184.866804 0.94925020 0.00319981
4184.901703 0.95140167 0.00340234
4184.936601 0.95044449 0.00356186
4184.971500 0.95154061 0.00320770
4185.006399 0.94246283 0.00323450
4185.041298 0.94395987 0.00313865
4185.076198 0.94943804 0.00335079
4185.111098 0.94778474 0.00339046
4185.145998 0.94938675 0.00351035
4185.180898 0.94558430 0.00342849
4185.215799 0.94548791 0.00331814
4185.250700 0.94455401 0.00374436
4185.285602 0.94241801 0.00323964
4185.320503 0.94232167 0.00363858
4185.355405 0.94421991 0.00344787
4185.390308 0.93867919 0.00328712
4185.425210 0.94110440 0.00342760
4185.460113 0.93456113 0.00313761
4185.495016 0.93796783 0.00347133
4185.529920 0.93723043 0.00321264
4185.564823 0.94005531 0.00287276
4185.599727 0.94052592 0.00342909
4185.634632 0.94283795 0.00322768
4185.669536 0.94159934 0.00340480
4185.704441 0.94090161 0.00301716
4185.739346 0.94209656 0.00318804
4185.774252 0.93519750 0.00327715
4185.809157 0.93694916 0.00299430
4185.844063 0.93634807 0.00313587
4185.878970 0.92597384 0.00296755
4185.913876 0.92927696 0.00344739
4185.948783 0.92332735 0.00300561
4185.983690 0.92710875 0.00302016
4186.018598 0.91903357 0.00320589
4186.053506 0.92083394 0.00321758
4186.088414 0.92514959 0.00328702
4186.123322 0.91492428 0.00300234
4186.158231 0.91327938 0.00339129
4186.193140 0.91553452 0.00350876
4186.228049 0.91177962 0.00349604
4186.262959 0.90863615 0.00316577
4186.297868 0.91604470 0.00306098
4186.332778 0.91776745 0.00305392
4186.367689 0.91310922 0.00342842
4186.402600 0.91828515 0.00316703
4186.437511 0.91268451 0.00326993
4186.472422 0.91852059 0.00289811
4186.507333 0.92112053 0.00352015
4186.542245 0.91189178 0.00310690
4186.577157 0.92167402 0.00349520
4186.612070 0.92201538 0.00322138
4186.646983 0.92440859 0.00346245
4186.681896 0.92445121 0.00305676
4186.716809 0.92788310 0.00338800
4186.751723 0.92884859 0.00375550
4186.786636 0.92695077 0.00332426
4186.821551 0.92504608 0.00326016
4186.856465 0.92393807 0.00322000
4186.891380 0.92559560 0.00280536
4186.926295 0.92572241 0.00315210
4186.961210 0.92365476 0.00335786
4186.996126 0.92501342 0.00333617
4187.031042 0.92315447 0.00327143
4187.065958 0.92457287 0.00316618
4187.100875 0.92867778 0.00319703
4187.135791 0.93290148 0.00349510
4187.170708 0.92931966 0.00347095
4187.205626 0.92551568 0.00351519
4187.240544 0.92788884 0.00324308
4187.275462 0.93482081 0.00316428
4187.310380 0.93498979 0.00323515
4187.345298 0.94024607 0.00345397
4187.380217 0.93679151 0.00295055
4187.415136 0.94064715 0.00336483
4187.450056 0.94069578 0.00321067
4187.484975 0.94182308 0.00282960
4187.519895 0.93711961 0.00334153
4187.554816 0.95026606 0.00312050
4187.589736 0.95114429 0.00322518
4187.624657 0.94960240 0.00339982
4187.659578 0.94941847 0.00334551
4187.694500 0.95370521 0.00317228
4187.729422 0.95788893 0.00331292
4187.764344 0.96182444 0.00317193
4187.799266 0.96507392 0.00339773
4187.834189 0.96973717 0.00324569
4187.869112 0.96523042 0.00345313
4187.904035 0.96889369 0.00301408
4187.938958 0.96965510 0.00284604
4187.973882 0.97233210 0.00311288
4188.008806 0.98019514 0.00328110
4188.043731 0.98979294 0.00292413
4188.078655 0.99176973 0.00343177
4188.113580 0.98651682 0.00289367
4188.148505 0.98968215 0.00311576
4188.183431 0.99122051 0.00316169
4188.218357 0.99105216 0.00325206
4188.253283 0.99535910 0.00352873
4188.288209 0.99601446 0.00304967
4188.323136 0.99174023 0.00301081
4188.358063 0.99570447 0.00276422
4188.392990 0.99615215 0.00320677
4188.427918 0.99190987 0.00345759
4188.462846 0.99660653 0.00289615
4188.497774 0.99955593 0.00302380
4188.532703 0.99553820 0.00298948
4188.567631 0.99095958 0.00294843
4188.602560 0.99191017 0.00326707
4188.637490 0.98439549 0.00342591
4188.672419 0.98824687 0.00299004
4188.707349 0.97907418 0.00319372
4188.742279 0.97790556 0.00325748
4188.777210 0.97548680 0.00285001
4188.812141 0.97582336 0.00342396
4188.847072 0.97811485 0.00345870
4188.882003 0.96525375 0.00359165
4188.916935 0.96371498 0.00306408
4188.951867 0.96598118 0.00264359
4188.986799 0.96167167 0.00328700
4189.021731 0.95757622 0.00355838
4189.056664 0.95859472 0.00330490
4189.091597 0.96220056 0.00367368
4189.126531 0.95284503 0.00315618
4189.161465 0.94937639 0.00346748
4189.196399 0.94711215 0.00292024
4189.231333 0.94648482 0.00351505
4189.266267 0.95166922 0.00359928
4189.301202 0.94879827 0.00338700
4189.336137 0.93771526 0.00326144
4189.371073 0.94547955 0.00296178
4189.406009 0.94243441 0.00317232
4189.440945 0.94147423 0.00301310
4189.475881 0.94279562 0.00350506
4189.510818 0.93649635 0.00338782
4189.545754 0.93701441 0.00371118
4189.580692 0.93848497 0.00305475
4189.615629 0.93835484 0.00328062
4189.650567 0.93692519 0.00335450
4189.685505 0.93538837 0.00362619
4189.720443 0.93577451 0.00323475
4189.755382 0.93168760 0.00328578
4189.790321 0.93613955 0.00310715
4189.825260 0.93116492 0.00309915
4189.860200 0.93554454 0.00366040
4189.895140 0.93902952 0.00326596
4189.930080 0.94165321 0.00328321
4189.965020 0.93407850 0.00333809
4189.999961 0.93400381 0.00315239
4190.034902 0.93880312 0.00342610
4190.069843 0.93206448 0.00351305
4190.104785 0.93681775 0.00368829
4190.139726 0.93883398 0.00351198
4190.174669 0.94025450 0.00297861
4190.209611 0.94025871 0.00347931
4190.244554 0.94162758 0.00346764
4190.279497 0.94690355 0.00328092
4190.314440 0.94404544 0.00302627
4190.349384 0.95040749 0.00347142
4190.384328 0.94708455 0.00358397
4190.419272 0.94518475 0.00332461
4190.454216 0.94776059 0.00331636
4190.489161 0.95345681 0.00344582
4190.524106 0.95353013 0.00301880
4190.559051 0.95857398 0.00340947
4190.593997 0.96257079 0.00300294
4190.628943 0.96774182 0.00293914
4190.663889 0.96946377 0.00254726
4190.698836 0.96683603 0.00315553
4190.733783 0.97410765 0.00315825
4190.768730 0.97324107 0.00346578
4190.803677 0.97684256 0.00387994
4190.838625 0.98030358 0.00404622
4190.873573 0.98420857 0.00325052
4190.908521 0.98761476 0.00293784
4190.943470 0.99244635 0.00348896
4190.978418 0.99107211 0.00335375
4191.013368 0.99322539 0.00346925
4191.048317 0.99101484 0.00384846
4191.083267 0.99053424 0.00351827
4191.118217 0.99345733 0.00325450
4191.153167 0.99644358 0.00317753
4191.188118 0.99695336 0.00375821
4191.223069 1.00048839 0.00352055
4191.258020 0.99802025 0.00329497
4191.292971 0.99509311 0.00343365
4191.327923 0.99753130 0.00340931
4191.362875 0.99224561 0.00357958
4191.397827 0.99805567 0.00319784
4191.432780 0.99536571 0.00334153
4191.467733 0.99531088 0.00356879
4191.502686 0.99650404 0.00331632
4191.537640 0.99520930 0.00350642
4191.572594 0.99606020 0.00321696
4191.607548 0.99760833 0.00331407
4191.642502 0.99715714 0.00335746
4191.677457 0.99317246 0.00334543
4191.712412 0.99482378 0.00349557
4191.747367 0.99097951 0.00332206
4191.782323 0.98902743 0.00302888
4191.817278 0.98805620 0.00322852
4191.852235 0.99358092 0.00318027
4191.887191 0.99469868 0.00302950
4191.922148 0.99703601 0.00335923
4191.957105 0.99376904 0.00322569
4191.992062 0.99709486 0.00290650
4192.027020 0.98962003 0.00304131
4192.061977 0.98891722 0.00312049
4192.096936 0.99329483 0.00311173
4192.131894 0.98916035 0.00317943
4192.166853 0.99267353 0.00324706
4192.201812 0.99404251 0.00363386
4192.236771 0.99684898 0.00308705
4192.271731 0.98844745 0.00359058
4192.306691 0.99121092 0.00335098
4192.341651 0.98732713 0.00335271
4192.376612 0.98949531 0.00328754
4192.411572 0.98968566 0.00320199
4192.446533 0.98506719 0.00334301
4192.481495 0.98329987 0.00357462
4192.516457 0.98764321 0.00306264
4192.551419 0.98717741 0.00323312
4192.586381 0.99088747 0.00333290
4192.621343 0.98815593 0.00305743
4192.656306 0.98610066 0.00347179
4192.691269 0.98926096 0.00340973
4192.726233 0.98732485 0.00328163
4192.761196 0.98508974 0.00313919
4192.796160 0.98614783 0.00330068
4192.831125 0.98040363 0.00358163
4192.866089 0.98772660 0.00302012
4192.901054 0.99007002 0.00343317
4192.936019 0.97995229 0.00307728
4192.970985 0.98323735 0.00316118
4193.005951 0.99448203 0.00324957
4193.040917 0.99143993 0.00282704
4193.075883 0.99089732 0.00340563
4193.110850 0.99026836 0.00349059
4193.145817 0.98604099 0.00327305
4193.180784 0.98550263 0.00338029
4193.215751 0.98963068 0.00340819
4193.250719 0.99017906 0.00338647
4193.285687 0.99216075 0.00351021
4193.320656 0.99417556 0.00331785
4193.355624 0.98811945 0.00288937
4193.390593 0.99580668 0.00309859
4193.425563 0.98916678 0.00319499
4193.460532 0.99003812 0.00341211
4193.495502 0.99492698 0.00321354
4193.530472 0.99916154 0.00337650
4193.565442 0.98812517 0.00316974
4193.600413 0.98492537 0.00295403
4193.635384 0.99099607 0.00345363
4193.670356 0.99411549 0.00331241
4193.705327 0.99575905 0.00315228
4193.740299 0.99744268 0.00359977
4193.775271 0.99328076 0.00364980
4193.810244 0.99120673 0.00325815
4193.845216 0.98520101 0.00354792
4193.880189 0.99187452 0.00314225
4193.915163 0.99041736 0.00274553
4193.950136 0.99479532 0.00298476
4193.985110 0.98964002 0.00316160
4194.020085 0.99096963 0.00354821
4194.055059 0.99398640 0.00288182
4194.090034 0.99859065 0.00327370
4194.125009 0.99555217 0.00308648
4194.159984 0.98927290 0.00342391
4194.194960 0.99033235 0.00340427
4194.229936 0.99197072 0.00332117
4194.264912 0.99918772 0.00329519
4194.299889 0.99226583 0.00310370
4194.334866 0.98904829 0.00361995
4194.369843 0.99222928 0.00343561
4194.404820 0.99700836 0.00349686
4194.439798 0.99313830 0.00330343
4194.474776 0.98791662 0.00368340
4194.509754 0.98991778 0.00314181
4194.544733 0.99232490 0.00359096
4194.579712 0.98983684 0.00342122
4194.614691 0.98867446 0.00358650
4194.649670 0.98470374 0.00372478
4194.684650 0.99032878 0.00353055
4194.719630 0.98364578 0.00333029
4194.754610 0.98701448 0.00326285
4194.789591 0.98315833 0.00289227
4194.824572 0.98147875 0.00310088
4194.859553 0.98041886 0.00331965
4194.894535 0.98355321 0.00339717
4194.929517 0.98428064 0.00349510
4194.964499 0.97967769 0.00327983
4194.999481 0.98198806 0.00311923
4195.034464 0.98217835 0.00325174
4195.069447 0.97856578 0.00270291
4195.104430 0.98083719 0.00319652
4195.139414 0.97650123 0.00354298
4195.174397 0.97643258 0.00360222
4195.209381 0.97684126 0.00358766
4195.244366 0.97751978 0.00352487
4195.279351 0.97645212 0.00364171
4195.314336 0.97694272 0.00334560
4195.349321 0.97325010 0.00310412
4195.384307 0.97230022 0.00344481
4195.419292 0.97248517 0.00365195
4195.454279 0.97229249 0.00340653
4195.489265 0.96890721 0.00297610
4195.524252 0.97143216 0.00320561
4195.559239 0.97501790 0.00350183
4195.594226 0.96780953 0.00344093
4195.629214 0.97011870 0.00319643
4195.664202 0.96800621 0.00332438
4195.699190 0.96607862 0.00352270
4195.734179 0.96688345 0.00341353
4195.769167 0.96774265 0.00320892
4195.804156 0.96578888 0.00316656
4195.839146 0.97369908 0.00287501
4195.874135 0.96834013 0.00313784
4195.909125 0.96687505 0.00308440
4195.944116 0.96654419 0.00357362
4195.979106 0.96774865 0.00321278
4196.014097 0.96880504 0.00331276
4196.049088 0.97220936 0.00329940
4196.084080 0.96512998 0.00312216
4196.119071 0.96078637 0.00333472
4196.154063 0.96921972 0.00379632
4196.189056 0.96501256 0.00326247
4196.224048 0.96530119 0.00334787
4196.259041 0.96820102 0.00333972
4196.294034 0.96241328 0.00343301
4196.329028 0.96749514 0.00316494
4196.364022 0.96552540 0.00316246
4196.399016 0.96194853 0.00339035
4196.434010 0.96686296 0.00312872
4196.469005 0.96434119 0.00317989
4196.504000 0.96472513 0.00306812
4196.538995 0.96769779 0.00311780
4196.573990 0.96055442 0.00306583
4196.608986 0.96217665 0.00333593
4196.643982 0.96562269 0.00312769
4196.678979 0.96713636 0.00349374
4196.713975 0.96419733 0.00332063
4196.748972 0.96729921 0.00365344
4196.783970 0.96827385 0.00333593
4196.818967 0.96451567 0.00319944
4196.853965 0.96910305 0.00350684
4196.888963 0.96860331 0.00311198
4196.923962 0.96538239 0.00363295
4196.958960 0.96644180 0.00314460
4196.993959 0.96784968 0.00288921
4197.028959 0.96605627 0.00329655
4197.063958 0.96021455 0.00310539
4197.098958 0.96391022 0.00298007
4197.133958 0.96262121 0.00287039
4197.168959 0.96730208 0.00292967
4197.203959 0.96733553 0.00328012
4197.238961 0.96857127 0.00329718
4197.273962 0.97075657 0.00338395
4197.308964 0.96827003 0.00314221
4197.343965 0.95892755 0.00304617
4197.378968 0.96269494 0.00285857
4197.413970 0.95464359 0.00286776
4197.448973 0.96148767 0.00329858
4197.483976 0.96446480 0.00342526
4197.518980 0.96367444 0.00318176
4197.553983 0.96153157 0.00292739
4197.588987 0.96570154 0.00323487
4197.623991 0.95789314 0.00363001
4197.658996 0.95889849 0.00319352
4197.694001 0.95700038 0.00266708
4197.729006 0.95813199 0.00342491
4197.764011 0.96662084 0.00290047
4197.799017 0.96257676 0.00305184
4197.834023 0.96034175 0.00350027
4197.869030 0.95519630 0.00341829
4197.904036 0.95965726 0.00302454
4197.939043 0.95465257 0.00364727
4197.974050 0.95366843 0.00328390
4198.009058 0.95499129 0.00296654
4198.044065 0.95538009 0.00328181
4198.079074 0.95670949 0.00355209
4198.114082 0.95284596 0.00319396
4198.149091 0.94914297 0.00288045
4198.184099 0.95561410 0.00313130
4198.219109 0.95569467 0.00328930
4198.254118 0.95221627 0.00329250
4198.289128 0.95125795 0.00348983
4198.324138 0.95447440 0.00396844
4198.359149 0.95185487 0.00324468
4198.394159 0.95384274 0.00387791
4198.429170 0.95812342 0.00325250
4198.464182 0.95679051 0.00299380
4198.499193 0.94908454 0.00271500
4198.534205 0.95272475 0.00282733
4198.569217 0.94961370 0.00303274
4198.604230 0.94803213 0.00305826
4198.639242 0.94032131 0.00325093
4198.674255 0.94428216 0.00312393
4198.709269 0.94487919 0.00323043
4198.744282 0.94551502 0.00320795
4198.779296 0.94689412 0.00334669
4198.814310 0.93622493 0.00331816
4198.849325 0.94111391 0.00345448
4198.884340 0.93493923 0.00303914
4198.919355 0.93870690 0.00289485
4198.954370 0.94038012 0.00318121
4198.989386 0.94202800 0.00342815
4199.024402 0.93486709 0.00329553
4199.059418 0.93468975 0.00353009
4199.094434 0.93342327 0.00314727
4199.129451 0.93096118 0.00299033
4199.164468 0.93518257 0.00330363
4199.199486 0.92978475 0.00294898
4199.234503 0.93000957 0.00311816
4199.269521 0.92892635 0.00298575
4199.304540 0.93324442 0.00295106
4199.339558 0.93315161 0.00332302
4199.374577 0.92828123 0.00342037
4199.409596 0.92311848 0.00353937
4199.444616 0.92290498 0.00351932
4199.479636 0.92754900 0.00339527
4199.514656 0.93379777 0.00321931
4199.549676 0.92299048 0.00319904
4199.584697 0.92030808 0.00355987
4199.619717 0.92075570 0.00285840
4199.654739 0.91721870 0.00327588
4199.689760 0.91950395 0.00344046
4199.724782 0.92230317 0.00340240
4199.759804 0.91937408 0.00302985
4199.794826 0.91225142 0.00321359
4199.829849 0.91939980 0.00326253
4199.864872 0.92140769 0.00360194
4199.899895 0.91998587 0.00320886
4199.934919 0.92047570 0.00312274
4199.969943 0.91905744 0.00309869
4200.004967 0.92108594 0.00308857
4200.039991 0.92013519 0.00308503
4200.075016 0.92282813 0.00361023
4200.110041 0.92532080 0.00348239
4200.145066 0.92966418 0.00335470
4200.180092 0.92755298 0.00333344
4200.215118 0.92058030 0.00343547
4200.250144 0.92631333 0.00266679
4200.285170 0.92217679 0.00326313
4200.320197 0.92052028 0.00347156
4200.355224 0.92769531 0.00304120
4200.390251 0.92599011 0.00335487
4200.425279 0.92984103 0.00373526
4200.460307 0.93564345 0.00329781
4200.495335 0.92926828 0.00297145
4200.530364 0.92635412 0.00307554
4200.565392 0.92745806 0.00310206
4200.600422 0.92492246 0.00314074
4200.635451 0.93379615 0.00307339
4200.670481 0.93308706 0.00365679
4200.705511 0.93407631 0.00368021
4200.740541 0.93717893 0.00359250
4200.775571 0.93210622 0.00390144
4200.810602 0.93050955 0.00305666
4200.845633 0.93848595 0.00344069
4200.880665 0.93517332 0.00321906
4200.915697 0.93352308 0.00330314
4200.950729 0.93285378 0.00317687
4200.985761 0.94441821 0.00295187
4201.020793 0.95175007 0.00301169
4201.055826 0.94307651 0.00378140
4201.090860 0.94571570 0.00383062
4201.125893 0.94236151 0.00320126
4201.160927 0.94382381 0.00392258
4201.195961 0.94868531 0.00324029
4201.230995 0.95086857 0.00312303
4201.266030 0.94987538 0.00337129
4201.301065 0.95289884 0.00315745
4201.336100 0.94683822 0.00316857
4201.371135 0.95166880 0.00307536
4201.406171 0.95117439 0.00292779
4201.441207 0.95568755 0.00301594
4201.476244 0.95211074 0.00320192
4201.511280 0.95690706 0.00325365
4201.546317 0.95540546 0.00302794
4201.581355 0.95587258 0.00301634
4201.616392 0.95599780 0.00285780
4201.651430 0.95948734 0.00340383
4201.686468 0.95697860 0.00315004
4201.721507 0.95567854 0.00339055
4201.756545 0.95756694 0.00349634
4201.791584 0.95611867 0.00330248
4201.826624 0.95567530 0.00318122
4201.861663 0.95903024 0.00344033
4201.896703 0.96042434 0.00281616
4201.931744 0.96195080 0.00320394
4201.966784 0.96474256 0.00334690
4202.001825 0.96497709 0.00339112
4202.036866 0.95925881 0.00326267
4202.071907 0.96805303 0.00329655
4202.106949 0.97143570 0.00320507
4202.141991 0.97020033 0.00305410
4202.177033 0.96820469 0.00308049
4202.212076 0.96725016 0.00321279
4202.247118 0.97091451 0.00300455
4202.282162 0.97057177 0.00299796
4202.317205 0.96660917 0.00347564
4202.352249 0.97491383 0.00333711
4202.387293 0.97076585 0.00326370
4202.422337 0.97146498 0.00317218
4202.457381 0.96937232 0.00310379
4202.492426 0.96977629 0.00281124
4202.527472 0.97167591 0.00304466
4202.562517 0.97060010 0.00304617
4202.597563 0.97308251 0.00339810
4202.632609 0.97015307 0.00339343
4202.667655 0.97156639 0.00363972
4202.702702 0.97206172 0.00334501
4202.737749 0.96484265 0.00342178
4202.772796 0.97405466 0.00325815
4202.807843 0.97270098 0.00353782
4202.842891 0.97505799 0.00319593
4202.877939 0.97997895 0.00353131
4202.912988 0.97985085 0.00298129
4202.948036 0.97760768 0.00370604
4202.983085 0.97882783 0.00317823
4203.018134 0.97687977 0.00361321
4203.053184 0.97720229 0.00303360
4203.088234 0.98055186 0.00345879
4203.123284 0.98134777 0.00299501
4203.158334 0.98264395 0.00326736
4203.193385 0.98020385 0.00367251
4203.228436 0.97835470 0.00271468
4203.263487 0.97580053 0.00376312
4203.298539 0.97914518 0.00362317
4203.333591 0.98157184 0.00321127
4203.368643 0.97835264 0.00326489
4203.403696 0.98046988 0.00331751
4203.438748 0.98078978 0.00302480
4203.473801 0.97568424 0.00373964
4203.508855 0.98026601 0.00306246
4203.543908 0.98125209 0.00366835
4203.578962 0.97830655 0.00378597
4203.614016 0.97655571 0.00306210
4203.649071 0.97851856 0.00316052
4203.684126 0.98012431 0.00305787
4203.719181 0.98530458 0.00357933
4203.754236 0.98178117 0.00316278
4203.789292 0.98143975 0.00351109
4203.824348 0.98798286 0.00310103
4203.859404 0.98798500 0.00352873
4203.894461 0.98215104 0.00319284
4203.929518 0.98107553 0.00361574
4203.964575 0.98273639 0.00341672
4203.999632 0.98138955 0.00289979
4204.034690 0.98285740 0.00299172
4204.069748 0.98582790 0.00317520
4204.104806 0.98925520 0.00330025
4204.139865 0.98500804 0.00320417
4204.174924 0.99338997 0.00347494
4204.209983 0.98784935 0.00305092
4204.245042 0.98486757 0.00311272
4204.280102 0.98655991 0.00316728
4204.315162 0.98626122 0.00276691
4204.350223 0.98649699 0.00348541
4204.385283 0.98966772 0.00316362
4204.420344 0.98563037 0.00317802
4204.455405 0.98707744 0.00326097
4204.490467 0.98539200 0.00332587
4204.525529 0.99038800 0.00350003
4204.560591 0.98922689 0.00328574
4204.595653 0.98590787 0.00304877
4204.630716 0.98702908 0.00302993
4204.665779 0.98675496 0.00375269
4204.700842 0.98581524 0.00329978
4204.735906 0.98694454 0.00311285
4204.770970 0.98716725 0.00341864
4204.806034 0.98621746 0.00329952
4204.841098 0.98938442 0.00363389
4204.876163 0.98650168 0.00298607
4204.911228 0.98879524 0.00291473
4204.946294 0.99292856 0.00282231
4204.981359 0.98878986 0.00330097
4205.016425 0.98857732 0.00340768
4205.051491 0.98904364 0.00311533
4205.086558 0.98796659 0.00367628
4205.121625 0.98845667 0.00354814
4205.156692 0.99374169 0.00356244
4205.191759 0.98998354 0.00338757
4205.226827 0.98838276 0.00329423
4205.261895 0.99309559 0.00309047
4205.296963 0.99281403 0.00318870
4205.332031 0.98835598 0.00335395
4205.367100 0.98711278 0.00366468
4205.402169 0.98881095 0.00307837
4205.437239 0.99591730 0.00316982
4205.472309 0.99135255 0.00350210
4205.507379 0.99560610 0.00344301
4205.542449 0.99201479 0.00386745
4205.577519 0.98873068 0.00334938
4205.612590 0.98784372 0.00311723
4205.647662 0.98996539 0.00287894
4205.682733 0.99035844 0.00298674
4205.717805 0.99248303 0.00360039
4205.752877 0.99404327 0.00313681
4205.787949 0.98849358 0.00348450
4205.823022 0.98857208 0.00297948
4205.858095 0.99231640 0.00321005
4205.893168 0.99081622 0.00325367
4205.928242 0.99634176 0.00338884
4205.963315 0.99841716 0.00335668
4205.998389 0.99457240 0.00359751
4206.033464 0.98868675 0.00338143
4206.068539 0.99621480 0.00318391
4206.103614 0.99798029 0.00351703
4206.138689 0.99611785 0.00307620
4206.173764 0.99841528 0.00321365
4206.208840 0.99681679 0.00379069
4206.243916 0.99731792 0.00315570
4206.278993 0.99885557 0.00319311
4206.314070 0.99419559 0.00336933
4206.349147 0.99702338 0.00348293
4206.384224 0.99192915 0.00327362
4206.419302 0.99547543 0.00324236
4206.454379 0.99400433 0.00284015
4206.489458 0.99373720 0.00289017
4206.524536 0.99055461 0.00305954
4206.559615 0.99568129 0.00333917
4206.594694 0.99884743 0.00341039
4206.629773 0.99180930 0.00288816
4206.664853 0.99870566 0.00331730
4206.699933 0.99679589 0.00338256
4206.735013 0.99841792 0.00368145
4206.770094 0.99827828 0.00306938
4206.805175 0.99421474 0.00319856
4206.840256 0.99408468 0.00321046
4206.875337 0.99996035 0.00303618
4206.910419 1.00020568 0.00307423
4206.945501 0.99795818 0.00322191
4206.980583 0.99415182 0.00335950
4207.015666 0.99483487 0.00357357
4207.050749 0.99598240 0.00331375
4207.085832 0.99228657 0.00390020
4207.120915 0.99633375 0.00297441
4207.155999 0.99457246 0.00368772
4207.191083 0.99855075 0.00298174
4207.226167 1.00016553 0.00332022
4207.261252 0.99963529 0.00331791
4207.296337 0.99576661 0.00333827
4207.331422 0.99262895 0.00353113
4207.366508 0.99605995 0.00279439
4207.401593 0.98846533 0.00301389
4207.436680 0.99374061 0.00337743
4207.471766 0.99158978 0.00288916
4207.506853 0.99506611 0.00325816
4207.541940 0.99585220 0.00301651
4207.577027 1.00085960 0.00307471
4207.612114 1.00041465 0.00292781
4207.647202 0.99717153 0.00289626
4207.682290 0.99706600 0.00326459
4207.717379 1.00011671 0.00337226
4207.752468 0.99800079 0.00346950
4207.787557 0.99564357 0.00325119
4207.822646 0.99619978 0.00341332
4207.857736 0.99635271 0.00314716
4207.892826 0.99986277 0.00290580
4207.927916 1.00042515 0.00314437
4207.963006 0.99472833 0.00316329
4207.998097 0.99794389 0.00345659
4208.033188 0.99390116 0.00325458
4208.068279 0.99594227 0.00326316
4208.103371 0.99250580 0.00361543
4208.138463 0.99349033 0.00349615
4208.173555 0.99407332 0.00307101
4208.208648 0.99735951 0.00331269
4208.243741 0.99787303 0.00282683
4208.278834 0.99547699 0.00334976
4208.313927 0.99406101 0.00325341
4208.349021 0.99480885 0.00306146
4208.384115 0.99703328 0.00347171
4208.419209 0.99855958 0.00336922
4208.454304 0.99343914 0.00342598
4208.489399 0.99327507 0.00359329
4208.524494 0.99717849 0.00347421
4208.559589 1.00111098 0.00329885
4208.594685 0.99671242 0.00339240
4208.629781 0.99659275 0.00361186
4208.664877 0.99408542 0.00338973
4208.699974 0.99951990 0.00354753
4208.735071 1.00016709 0.00333803
4208.770168 0.99474717 0.00308149
4208.805266 0.99591213 0.00330691
4208.840363 0.99781851 0.00334229
4208.875462 1.00046736 0.00306810
4208.910560 0.99791325 0.00318220
4208.945659 1.00026913 0.00302245
4208.980758 0.99818896 0.00312172
4209.015857 0.99486701 0.00327820
4209.050956 1.00058334 0.00294257
4209.086056 0.99946238 0.00290040
4209.121156 1.00069576 0.00319269
4209.156257 0.99951772 0.00341075
4209.191358 0.99102360 0.00361419
4209.226459 0.99885913 0.00384865
4209.261560 0.99816311 0.00360814
4209.296662 1.00027364 0.00317978
4209.331763 1.00044041 0.00338827
4209.366866 0.99621482 0.00334957
4209.401968 0.99383972 0.00307444
4209.437071 0.99884556 0.00309111
4209.472174 1.00147186 0.00301510
4209.507277 0.99787902 0.00371892
4209.542381 0.99799028 0.00314495
4209.577485 1.00057625 0.00306639
4209.612589 0.99807067 0.00324693
4209.647694 0.99535491 0.00297380
4209.682799 0.99636684 0.00319051
4209.717904 0.99751819 0.00324102
4209.753009 0.99371416 0.00319285
4209.788115 0.99296084 0.00297350
4209.823221 0.99314261 0.00321609
4209.858327 0.99065770 0.00333893
4209.893434 0.99468403 0.00289921
4209.928541 0.99542609 0.00372537
4209.963648 0.99337874 0.00328288
4209.998755 0.99157272 0.00355254
4210.033863 0.99228764 0.00327000
4210.068971 0.99401563 0.00343739
4210.104079 0.99195337 0.00309252
4210.139188 0.99580440 0.00342012
4210.174297 1.00176300 0.00303036
4210.209406 0.99961694 0.00300571
4210.244516 0.99566370 0.00341816
4210.279626 0.99814271 0.00345122
4210.314736 0.99769767 0.00327562
4210.349846 0.99595747 0.00323686
4210.384957 0.99274184 0.00283460
4210.420068 0.99605734 0.00268005
4210.455179 0.99768635 0.00344759
4210.490290 0.99051170 0.00341243
4210.525402 0.99541930 0.00369659
4210.560514 0.99601264 0.00280479
4210.595627 0.99907894 0.00307382
4210.630740 0.99840625 0.00361814
4210.665853 0.99260966 0.00310663
4210.700966 0.99814920 0.00301839
4210.736080 0.99847647 0.00347606
4210.771194 0.99516655 0.00385015
4210.806308 0.99876487 0.00334351
4210.841422 0.99692126 0.00319487
4210.876537 0.99520542 0.00350116
4210.911652 0.99754632 0.00337420
4210.946767 0.99258147 0.00333336
4210.981883 0.99473799 0.00355019
4211.016999 0.99972879 0.00319237
4211.052115 0.99434318 0.00330769
4211.087232 0.99594619 0.00313013
4211.122349 1.00169308 0.00314331
4211.157466 1.00036109 0.00281868
4211.192583 0.99986777 0.00338858
4211.227701 0.99311871 0.00318099
4211.262819 0.99098989 0.00314089
4211.297937 0.98852399 0.00345951
4211.333056 0.99050786 0.00319801
4211.368175 0.99046789 0.00326272
4211.403294 0.98891431 0.00347907
4211.438413 0.98539239 0.00339608
4211.473533 0.98288290 0.00329981
4211.508653 0.98215979 0.00322757
4211.543774 0.98259458 0.00283833
4211.578894 0.97695864 0.00301406
4211.614015 0.97286902 0.00321163
4211.649136 0.97203221 0.00273229
4211.684258 0.97561393 0.00339190
4211.719380 0.97068943 0.00301416
4211.754502 0.96783966 0.00290568
4211.789624 0.96830723 0.00287642
4211.824747 0.96852643 0.00305081
4211.859870 0.96926932 0.00325528
4211.894993 0.96291043 0.00313062
4211.930117 0.96473595 0.00335225
4211.965241 0.96044842 0.00344438
4212.000365 0.95687108 0.00309930
4212.035489 0.96039009 0.00328251
4212.070614 0.96485796 0.00371240
4212.105739 0.96939757 0.00283747
4212.140864 0.96114095 0.00302333
4212.175990 0.95770045 0.00334204
4212.211116 0.96211215 0.00330892
4212.246242 0.96027432 0.00323314
4212.281369 0.95753002 0.00335865
4212.316495 0.96090389 0.00327581
4212.351622 0.95898779 0.00373378
4212.386750 0.96226101 0.00341871
4212.421877 0.96125271 0.00316992
4212.457005 0.95895871 0.00393635
4212.492134 0.95956168 0.00383427
4212.527262 0.96226899 0.00361053
4212.562391 0.96515118 0.00372872
4212.597520 0.96079325 0.00342916
4212.632650 0.95453788 0.00322895
4212.667779 0.95976504 0.00362641
4212.702909 0.96108437 0.00315274
4212.738040 0.96727946 0.00412304
4212.773170 0.95993079 0.00370600
4212.808301 0.96167283 0.00334094
4212.843432 0.96461215 0.00296894
4212.878564 0.96294377 0.00333339
4212.913696 0.96736080 0.00332606
4212.948828 0.96656134 0.00322571
4212.983960 0.96941251 0.00331869
4213.019093 0.96609707 0.00331929
4213.054226 0.97084878 0.00336020
4213.089359 0.97412303 0.00332057
4213.124492 0.97252117 0.00332346
4213.159626 0.97425478 0.00358075
4213.194760 0.97383318 0.00347898
4213.229895 0.97689676 0.00324769
4213.265029 0.97558733 0.00311335
4213.300164 0.97819089 0.00319219
4213.335300 0.97862839 0.00325108
4213.370435 0.98807330 0.00301343
4213.405571 0.98566166 0.00340881
4213.440707 0.99148182 0.00358570
4213.475844 0.99780034 0.00335960
4213.510981 0.98974050 0.00318890
4213.546118 0.99309577 0.00330651
4213.581255 0.99394529 0.00328440
4213.616393 0.99695504 0.00297920
4213.651530 0.99423091 0.00317344
4213.686669 0.99407336 0.00336389
4213.721807 0.99451550 0.00342300
4213.756946 0.99666363 0.00361215
4213.792085 1.00365866 0.00290044
4213.827225 1.00392753 0.00300919
4213.862364 1.00141221 0.00293082
4213.897504 0.99549493 0.00290779
4213.932644 0.99683247 0.00341613
4213.967785 0.99707935 0.00322983
4214.002926 1.00031364 0.00310394
4214.038067 0.99575585 0.00330138
4214.073208 1.00304587 0.00299314
4214.108350 1.00251357 0.00330589
4214.143492 0.99693698 0.00299578
4214.178635 0.99902840 0.00302968
4214.213777 1.00271481 0.00313787
4214.248920 0.99971201 0.00338412
4214.284063 0.99441099 0.00350401
4214.319207 0.99671159 0.00336357
4214.354351 0.99711837 0.00328737
4214.389495 0.99315247 0.00336355
4214.424639 1.00293355 0.00307830
4214.459784 1.00103698 0.00289939
4214.494929 1.00541151 0.00300045
4214.530074 0.99897812 0.00301535
4214.565219 0.99813855 0.00333158
4214.600365 1.00280869 0.00318483
4214.635511 0.99944702 0.00333514
4214.670658 0.99920127 0.00377416
4214.705805 1.00325482 0.00305600
4214.740952 0.99847123 0.00325551
4214.776099 0.99455789 0.00306575
4214.811246 0.99500947 0.00339669
4214.846394 0.99534247 0.00294140
4214.881542 0.99349177 0.00263349
4214.916691 0.99367470 0.00329874
4214.951840 0.99379699 0.00347248
4214.986989 0.99832789 0.00350794
4215.022138 0.99363209 0.00319193
4215.057288 0.99217827 0.00294471
4215.092438 0.99488653 0.00326484
4215.127588 0.99006655 0.00328799
4215.162739 0.99490803 0.00348915
4215.197889 0.98990214 0.00299971
4215.233040 0.99728570 0.00345770
4215.268192 0.99564607 0.00327300
4215.303344 0.99629270 0.00297352
4215.338496 0.99319300 0.00311641
4215.373648 0.99258361 0.00328582
4215.408800 0.99312654 0.00341525
4215.443953 0.98897776 0.00315215
4215.479106 0.99122514 0.00278432
4215.514260 0.99640166 0.00302366
4215.549414 0.99984479 0.00354158
4215.584568 0.98961041 0.00365026
4215.619722 0.99031078 0.00362283
4215.654877 0.99465881 0.00316479
4215.690032 0.99768770 0.00286751
4215.725187 0.99629341 0.00312331
4215.760342 0.99534502 0.00334025
4215.795498 0.99907180 0.00276979
4215.830654 0.99776426 0.00300950
4215.865811 0.99700442 0.00302301
4215.900967 1.00000993 0.00307061
4215.936124 0.99083362 0.00327550
4215.971282 0.99390488 0.00357126
4216.006439 0.99364680 0.00363747
4216.041597 0.99167899 0.00339974
4216.076755 0.99607525 0.00343705
4216.111914 0.99648201 0.00333731
4216.147072 0.99529249 0.00331141
4216.182231 0.99326629 0.00325743
4216.217391 0.99552974 0.00299032
4216.252550 0.99712544 0.00299225
4216.287710 0.99585983 0.00313318
4216.322870 0.99828680 0.00299995
4216.358031 1.00105851 0.00299978
4216.393192 1.00024661 0.00323142
4216.428353 0.99628466 0.00318980
4216.463514 0.99770634 0.00341322
4216.498676 0.99475991 0.00359047
4216.533838 1.00078706 0.00362995
4216.569000 0.99751079 0.00331118
4216.604163 0.99360240 0.00318625
4216.639325 0.99076845 0.00316971
4216.674488 0.99829592 0.00341274
4216.709652 0.99979568 0.00357183
4216.744816 0.99435214 0.00353529
4216.779980 0.99756791 0.00328564
4216.815144 0.99939390 0.00314960
4216.850309 1.00044248 0.00332516
4216.885473 1.00105505 0.00361175
4216.920639 0.99896842 0.00327198
4216.955804 0.99554047 0.00339365
4216.990970 0.99625281 0.00316017
4217.026136 0.99507809 0.00334642
4217.061302 0.99668763 0.00345751
4217.096469 0.99773478 0.00375856
4217.131636 0.99712192 0.00326756
4217.166803 0.99340951 0.00336673
4217.201971 0.99296031 0.00328123
4217.237139 0.99158335 0.00328901
4217.272307 0.99255833 0.00360858
4217.307475 0.99873967 0.00360573
4217.342644 0.99591254 0.00291229
4217.377813 0.99467437 0.00297862
4217.412982 0.99601250 0.00313109
4217.448152 1.00003497 0.00313840
4217.483322 0.99503539 0.00289194
4217.518492 0.99328152 0.00319884
4217.553662 0.99094569 0.00306793
4217.588833 0.99276707 0.00289069
4217.624004 0.99690600 0.00296312
4217.659175 0.99377504 0.00333957
4217.694347 1.00232670 0.00321489
4217.729519 0.99690621 0.00311966
4217.764691 0.99613441 0.00303693
4217.799864 0.99847908 0.00339039
4217.835036 0.99337652 0.00330638
4217.870210 0.99862197 0.00320670
4217.905383 0.99529654 0.00349302
4217.940557 0.99321528 0.00379588
4217.975731 0.99912866 0.00340889
4218.010905 0.99829719 0.00300783
4218.046079 1.00157142 0.00341801
4218.081254 0.99577239 0.00350350
4218.116429 0.99283760 0.00342833
4218.151605 0.99243449 0.00346209
4218.186781 0.99799076 0.00367407
4218.221957 0.99577694 0.00332501
4218.257133 0.99615844 0.00334258
4218.292310 1.00512240 0.00288725
4218.327487 0.99824324 0.00340600
4218.362664 0.99550452 0.00310270
4218.397841 0.99240732 0.00284089
4218.433019 0.99179077 0.00312066
4218.468197 1.00028262 0.00294530
4218.503376 0.99531145 0.00313842
4218.538554 0.99684725 0.00377910
4218.573733 0.99336035 0.00329989
4218.608912 0.99423443 0.00310151
4218.644092 0.99482715 0.00301833
4218.679272 0.99279196 0.00304769
4218.714452 0.99845252 0.00294542
4218.749632 0.99468582 0.00286115
4218.784813 1.00186093 0.00273598
4218.819994 0.99663818 0.00288515
4218.855176 0.99653083 0.00305321
4218.890357 0.99626890 0.00341352
4218.925539 0.99544339 0.00360527
4218.960721 1.00088047 0.00275252
4218.995904 0.99795379 0.00306938
4219.031087 1.00039384 0.00325055
4219.066270 1.00414340 0.00301548
4219.101453 1.00053914 0.00314572
4219.136637 0.99473726 0.00314957
4219.171821 0.99413569 0.00315100
4219.207005 0.99720147 0.00317797
4219.242189 1.00196470 0.00287164
4219.277374 0.99994329 0.00319820
4219.312559 0.99370782 0.00307956
4219.347745 0.99608908 0.00262627
4219.382931 0.99452854 0.00351595
4219.418117 0.99601973 0.00328621
4219.453303 0.98934843 0.00306349
4219.488489 0.99732401 0.00342523
4219.523676 0.99535907 0.00279638
4219.558864 0.99411377 0.00340362
4219.594051 0.99626985 0.00341338
4219.629239 0.99555929 0.00353027
4219.664427 0.99798911 0.00325709
4219.699615 0.99467051 0.00313304
4219.734804 0.99728767 0.00325353
4219.769993 1.00019549 0.00342583
4219.805182 0.99190791 0.00329684
4219.840372 0.99434788 0.00336120
4219.875561 0.99408166 0.00349132
4219.910752 0.99877479 0.00344979
4219.945942 0.99746059 0.00325937
4219.981133 0.99380586 0.00341532
4220.016324 0.99878016 0.00307680
4220.051515 0.99861756 0.00315343
4220.086707 1.00103870 0.00351975
4220.121898 1.00335762 0.00318671
4220.157091 0.99780044 0.00345840
4220.192283 0.99637233 0.00334354
4220.227476 0.99619339 0.00347433
4220.262669 0.99997466 0.00328503
4220.297862 0.99861392 0.00289468
4220.333056 0.99903046 0.00345543
4220.368250 1.00146455 0.00321036
4220.403444 0.99798296 0.00302630
4220.438639 0.99967235 0.00276095
4220.473833 1.00155157 0.00331591
4220.509029 0.99401294 0.00355449
4220.544224 0.99568234 0.00328967
4220.579420 0.99470178 0.00377389
4220.614616 0.99414360 0.00309830
4220.649812 0.99591014 0.00320224
4220.685008 0.99570931 0.00300757
4220.720205 1.00054740 0.00328096
4220.755402 0.99873755 0.00330396
4220.790600 0.99837735 0.00337876
4220.825798 0.99983771 0.00321322
4220.860996 0.99807981 0.00297202
4220.896194 0.99768804 0.00331698
4220.931393 1.00333670 0.00271703
4220.966592 1.00258153 0.00303490
4221.001791 1.00658021 0.00339404
4221.036990 1.00211957 0.00303363
4221.072190 0.99864359 0.00339765
4221.107390 1.00193552 0.00319708
4221.142591 1.00213503 0.00313319
4221.177791 0.99894680 0.00336581
4221.212992 0.99770517 0.00341559
4221.248194 0.99471813 0.00329707
4221.283395 0.99553769 0.00326252
4221.318597 0.99298280 0.00343675
4221.353799 0.98879311 0.00320133
4221.389002 0.99368591 0.00311895
4221.424204 1.00031935 0.00339728
4221.459407 0.99805041 0.00293804
4221.494611 0.99827100 0.00351708
4221.529814 0.99414033 0.00362966
4221.565018 0.99331835 0.00358070
4221.600223 0.99692838 0.00356506
4221.635427 0.99513886 0.00325192
4221.670632 1.00314836 0.00266357
4221.705837 0.99920111 0.00298988
4221.741042 0.99760854 0.00331915
4221.776248 0.99133753 0.00333740
4221.811454 0.99395024 0.00348168
4221.846660 0.99562411 0.00330040
4221.881867 0.99550947 0.00326217
4221.917074 0.99173154 0.00327227
4221.952281 0.99475369 0.00304967
4221.987488 0.99514385 0.00312796
4222.022696 0.99607311 0.00345204
4222.057904 0.99832626 0.00295323
4222.093112 0.99639022 0.00329139
4222.128321 0.99551955 0.00335547
4222.163530 0.99464637 0.00300483
4222.198739 0.99416969 0.00328585
4222.233948 0.99678536 0.00339047
4222.269158 0.99519203 0.00315039
4222.304368 0.99724197 0.00340431
4222.339579 0.99538703 0.00339898
4222.374789 0.99750111 0.00338847
4222.410000 0.99526514 0.00283811
4222.445212 0.99751389 0.00315424
4222.480423 0.99804686 0.00366034
4222.515635 0.99726266 0.00327642
4222.550847 0.99852421 0.00311879
4222.586060 0.99794218 0.00287907
4222.621272 0.99090874 0.00347974
4222.656485 0.99723215 0.00358769
4222.691699 1.00077009 0.00310280
4222.726912 0.99742322 0.00316253
4222.762126 0.99795771 0.00284144
4222.797340 1.00473626 0.00284561
4222.832555 1.00110829 0.00337189
4222.867770 0.99036092 0.00301273
4222.902985 0.99356412 0.00330947
4222.938200 0.99110856 0.00315939
4222.973416 0.99645050 0.00362378
4223.008632 0.99532028 0.00318987
4223.043848 0.99801295 0.00312525
4223.079064 0.99694711 0.00338132
4223.114281 0.99762675 0.00303050
4223.149498 0.99532464 0.00386107
4223.184716 0.98978776 0.00354656
4223.219934 0.99614308 0.00361407
4223.255152 0.99419557 0.00328980
4223.290370 0.99358298 0.00302690
4223.325588 0.99874057 0.00352551
4223.360807 0.99596407 0.00336147
4223.396027 1.00011394 0.00311507
4223.431246 1.00443899 0.00278199
4223.466466 0.99737885 0.00336178
4223.501686 0.99431588 0.00309100
4223.536906 0.99549552 0.00320252
4223.572127 0.99524538 0.00326025
4223.607348 1.00089201 0.00270641
4223.642569 1.00499788 0.00327258
4223.677791 0.99167677 0.00296315
4223.713012 0.99458515 0.00311012
4223.748235 0.99590902 0.00324184
4223.783457 0.99463874 0.00304046
4223.818680 0.99985271 0.00310867
4223.853903 0.99884688 0.00326678
4223.889126 0.99753871 0.00313308
4223.924350 0.99545662 0.00299865
4223.959573 0.99807856 0.00305161
4223.994798 1.00052658 0.00293788
4224.030022 0.99619907 0.00324702
4224.065247 1.00485424 0.00312154
4224.100472 1.00259673 0.00313737
4224.135697 0.99872447 0.00321722
4224.170923 0.99906545 0.00318225
4224.206149 0.99800931 0.00267712
4224.241375 0.99873174 0.00333239
4224.276602 0.99842967 0.00289736
4224.311828 1.00331185 0.00291625
4224.347056 0.99742148 0.00320263
4224.382283 0.99407747 0.00319575
4224.417511 0.99650018 0.00291282
4224.452739 0.99749268 0.00315451
4224.487967 0.99204891 0.00329695
4224.523196 0.99632212 0.00331397
4224.558424 0.99988817 0.00328729
4224.593654 1.00116607 0.00337819
4224.628883 0.99901329 0.00367099
4224.664113 1.00135366 0.00312850
4224.699343 1.00398911 0.00299372
4224.734573 1.00421940 0.00295084
4224.769804 1.00345815 0.00309196
4224.805035 0.99709896 0.00341377
4224.840266 0.99928942 0.00347083
4224.875498 0.99568544 0.00319569
4224.910729 0.99621487 0.00365409
4224.945961 0.99660355 0.00331545
4224.981194 0.99489506 0.00317185
4225.016427 1.00017558 0.00309272
4225.051660 1.00142414 0.00330430
4225.086893 0.99699129 0.00337058
4225.122126 1.00468630 0.00306775
4225.157360 0.99583016 0.00332044
4225.192594 0.99882885 0.00330184
4225.227829 0.99645656 0.00310309
4225.263064 1.00012459 0.00310127
4225.298299 0.99686137 0.00314771
4225.333534 1.00549524 0.00317912
4225.368770 0.99802512 0.00286751
4225.404006 1.00263824 0.00299760
4225.439242 1.00040262 0.00330176
4225.474478 0.99825641 0.00321420
4225.509715 0.99499019 0.00320724
4225.544952 0.99335785 0.00340234
4225.580190 0.99647637 0.00357784
4225.615427 0.99912094 0.00322590
4225.650665 0.99820208 0.00331953
4225.685904 0.99626946 0.00320681
4225.721142 0.99380062 0.00326262
4225.756381 0.99361173 0.00304913
4225.791620 0.99359326 0.00349223
4225.826860 0.99707904 0.00315038
4225.862099 1.00025139 0.00319881
4225.897340 0.99693052 0.00341693
4225.932580 0.99555860 0.00321088
4225.967820 0.99372134 0.00322390
4226.003061 0.99771761 0.00282597
4226.038303 1.00220011 0.00307854
4226.073544 1.00141539 0.00313976
4226.108786 0.99799891 0.00309634
4226.144028 0.99781348 0.00347463
4226.179270 1.00012443 0.00288977
4226.214513 0.99706281 0.00301990
4226.249756 0.99819919 0.00345449
4226.284999 0.99499660 0.00304078
4226.320243 0.99674560 0.00331984
4226.355487 0.99674905 0.00337350
4226.390731 1.00092391 0.00312404
4226.425975 0.99700426 0.00371662
4226.461220 0.99579480 0.00352689
4226.496465 0.99727828 0.00324572
4226.531711 0.99718766 0.00315500
4226.566956 0.99915182 0.00322220
4226.602202 0.99751506 0.00301097
4226.637448 1.00282697 0.00341311
4226.672695 1.00297741 0.00274335
4226.707942 0.99443697 0.00337616
4226.743189 0.99642573 0.00303837
4226.778436 0.99717994 0.00395242
4226.813684 0.99603113 0.00335124
4226.848932 1.00035221 0.00324216
4226.884180 0.99532087 0.00321641
4226.919429 0.99443705 0.00313255
4226.954677 0.99911809 0.00319055
4226.989927 0.99485332 0.00309422
4227.025176 0.99454122 0.00338244
4227.060426 0.99351175 0.00305381
4227.095676 0.99948392 0.00294078
4227.130926 0.99920718 0.00324093
4227.166177 0.99451667 0.00320327
4227.201428 0.98961883 0.00318403
4227.236679 0.99006891 0.00303405
4227.271930 0.99414120 0.00310771
4227.307182 0.99368838 0.00308342
4227.342434 0.99198272 0.00366962
4227.377687 0.99321488 0.00287017
4227.412939 0.99435234 0.00308510
4227.448192 0.98888115 0.00312937
4227.483446 1.00055100 0.00294413
4227.518699 0.99529654 0.00357277
4227.553953 0.99568871 0.00343772
4227.589207 0.99199226 0.00312480
4227.624462 0.99093699 0.00335981
4227.659716 0.99055931 0.00350069
4227.694971 0.99533775 0.00306012
4227.730227 0.99641351 0.00303579
4227.765482 0.99860785 0.00323010
4227.800738 0.99363128 0.00291707
4227.835995 0.99331217 0.00324016
4227.871251 0.99191781 0.00336306
4227.906508 0.99460946 0.00326763
4227.941765 0.99288410 0.00349350
4227.977022 0.99889817 0.00328951
4228.012280 0.99279417 0.00315347
4228.047538 0.98908863 0.00343735
4228.082796 0.99316154 0.00338125
4228.118055 0.99610844 0.00374031
4228.153314 0.99859018 0.00339803
4228.188573 0.99748625 0.00311672
4228.223832 0.99907441 0.00307250
4228.259092 0.99522049 0.00330230
4228.294352 0.99805467 0.00334960
4228.329612 0.99755790 0.00360536
4228.364873 0.99812219 0.00329099
4228.400134 0.99855437 0.00320313
4228.435395 0.99243646 0.00357455
4228.470657 1.00144146 0.00299577
4228.505918 0.99343383 0.00344607
4228.541180 0.99934386 0.00321601
4228.576443 1.00017922 0.00314744
4228.611706 0.99443215 0.00296699
4228.646969 0.99802389 0.00284170
4228.682232 0.99491434 0.00366361
4228.717495 0.99353176 0.00305126
4228.752759 0.99248032 0.00285331
4228.788023 0.99713256 0.00310835
4228.823288 1.00063266 0.00308448
4228.858553 0.99430378 0.00308973
4228.893818 0.99202672 0.00312571
4228.929083 0.98995853 0.00340081
4228.964349 0.99498208 0.00344931
4228.999614 0.99998114 0.00333337
4229.034881 0.99766682 0.00334473
4229.070147 0.99500918 0.00293718
4229.105414 0.99679482 0.00317583
4229.140681 0.99887595 0.00322060
4229.175948 0.99137145 0.00335628
4229.211216 0.99861607 0.00338588
4229.246484 0.99714835 0.00318063
4229.281752 1.00026008 0.00351533
4229.317021 0.99941069 0.00294333
4229.352290 1.00022921 0.00296368
4229.387559 0.99888568 0.00311056
4229.422828 0.99808764 0.00296609
4229.458098 0.99447405 0.00365151
4229.493368 0.99602659 0.00310775
4229.528638 0.99531026 0.00340884
4229.563909 0.99656617 0.00304461
4229.599180 0.99696816 0.00311909
4229.634451 1.00130351 0.00344644
4229.669723 0.99624527 0.00348519
4229.704994 0.99450322 0.00314264
4229.740267 0.99983590 0.00292706
4229.775539 0.99561717 0.00295451
4229.810812 0.99574382 0.00328155
4229.846085 0.99483324 0.00364513
4229.881358 0.99327984 0.00326058
4229.916631 0.99287842 0.00313802
4229.951905 0.99220320 0.00299512
4229.987179 1.00191767 0.00307021
4230.022454 0.99672445 0.00299947
4230.057729 0.99641849 0.00285159
4230.093004 0.99916984 0.00330738
4230.128279 0.99396476 0.00314820
4230.163555 0.99598246 0.00330936
4230.198830 0.99622985 0.00294390
4230.234107 0.99951180 0.00277791
4230.269383 1.00224296 0.00304030
4230.304660 0.99888312 0.00350574
4230.339937 1.00635776 0.00350192
4230.375214 1.00167239 0.00329762
4230.410492 0.99916392 0.00317108
4230.445770 0.99687308 0.00303258
4230.481048 1.00046246 0.00306997
4230.516327 1.00632189 0.00353176
4230.551606 0.99384858 0.00309507
4230.586885 0.99779265 0.00274212
4230.622164 0.99586998 0.00333900
4230.657444 0.99821145 0.00335732
4230.692724 0.99697959 0.00302565
4230.728004 0.99668620 0.00356192
4230.763285 0.99738478 0.00350195
4230.798566 1.00013022 0.00321467
4230.833847 0.99652253 0.00339321
4230.869129 0.99837851 0.00335570
4230.904411 1.00483479 0.00319444
4230.939693 1.00117898 0.00307213
4230.974975 0.99568953 0.00291339
4231.010258 1.00094127 0.00316616
4231.045541 1.00303513 0.00315485
4231.080824 0.99936635 0.00300557
4231.116108 1.00009381 0.00298488
4231.151391 0.99332868 0.00299569
4231.186676 0.99983908 0.00302008
4231.221960 1.00263150 0.00321093
4231.257245 0.99698488 0.00322142
4231.292530 0.99790642 0.00309034
4231.327815 0.99733724 0.00308549
4231.363101 1.00017146 0.00306785
4231.398387 0.99808924 0.00330218
4231.433673 0.99804113 0.00290427
4231.468959 0.99875074 0.00305717
4231.504246 0.99761285 0.00337973
4231.539533 0.99403468 0.00318927
4231.574821 0.99690567 0.00317870
4231.610108 0.99577147 0.00313954
4231.645396 0.99677489 0.00327670
4231.680685 0.99953489 0.00349924
4231.715973 0.99891789 0.00339584
4231.751262 1.00402551 0.00263884
4231.786551 1.00015580 0.00269726
4231.821841 1.00126731 0.00288512
4231.857130 0.99568542 0.00344244
4231.892420 0.99833361 0.00345409
4231.927711 1.00000327 0.00270607
4231.963001 0.99488907 0.00348428
4231.998292 0.99301273 0.00349691
4232.033583 0.99636287 0.00348536
4232.068875 0.99768457 0.00294126
4232.104167 0.99955794 0.00296334
4232.139459 0.99617372 0.00349483
4232.174751 1.00150994 0.00316187
4232.210044 1.00332762 0.00311227
4232.245337 0.99473422 0.00288287
4232.280630 0.99559342 0.00308483
4232.315924 0.99865524 0.00312248
4232.351218 0.99884757 0.00327157
4232.386512 0.99827327 0.00334601
4232.421806 1.00086709 0.00309066
4232.457101 1.00040344 0.00318664
4232.492396 0.99467146 0.00310983
4232.527691 0.99763706 0.00336641
4232.562987 0.99808785 0.00352018
4232.598283 0.99520489 0.00324755
4232.633579 1.00012465 0.00295945
4232.668876 1.00741875 0.00387920
4232.704172 1.00150230 0.00345206
4232.739470 1.00313869 0.00309149
4232.774767 1.00146779 0.00310808
4232.810065 0.99929422 0.00301306
4232.845363 0.99615070 0.00334106
4232.880661 0.99084895 0.00334335
4232.915959 1.00004700 0.00319622
4232.951258 0.99888746 0.00283534
4232.986557 0.99515965 0.00317697
4233.021857 0.99897700 0.00316173
4233.057157 1.00027710 0.00311211
4233.092457 0.99887826 0.00332333
4233.127757 0.99578455 0.00316618
4233.163058 1.00049930 0.00303649
4233.198359 0.99921180 0.00331576
4233.233660 0.99950856 0.00315704
4233.268961 0.99929109 0.00361001
4233.304263 0.99078598 0.00358193
4233.339565 0.99334237 0.00335390
4233.374868 0.99559048 0.00356533
4233.410170 0.99614819 0.00315668
4233.445473 0.99153875 0.00306617
4233.480777 0.99277410 0.00327541
4233.516080 0.99857589 0.00329679
4233.551384 0.99935502 0.00295889
4233.586688 0.99689912 0.00343573
4233.621993 0.99628878 0.00318463
4233.657297 0.99605498 0.00332276
4233.692603 0.99896369 0.00292670
4233.727908 1.00044118 0.00317182
4233.763213 1.00292431 0.00304556
4233.798519 0.99916880 0.00358945
4233.833826 0.99766358 0.00315432
4233.869132 1.00050469 0.00315172
4233.904439 1.00135979 0.00281313
4233.939746 0.99985592 0.00312510
4233.975054 0.99690496 0.00370865
4234.010361 0.99621361 0.00338727
4234.045669 1.00120484 0.00285017
4234.080977 1.00167349 0.00295251
4234.116286 0.99537255 0.00298657
4234.151595 0.99262928 0.00335963
4234.186904 0.99916582 0.00321736
4234.222214 0.99899342 0.00317034
4234.257523 0.99573898 0.00363019
4234.292833 0.99437530 0.00286916
4234.328144 0.99472782 0.00340951
4234.363454 0.99702167 0.00335502
4234.398765 0.99711997 0.00312298
4234.434077 0.99258995 0.00324843
4234.469388 0.99771121 0.00312350
4234.504700 0.99870074 0.00336972
4234.540012 0.99808770 0.00351962
4234.575324 0.99683706 0.00334832
4234.610637 0.99525378 0.00333112
4234.645950 0.99951652 0.00332996
4234.681263 1.00359644 0.00304347
4234.716577 0.99885837 0.00313529
4234.751891 0.99919543 0.00354142
4234.787205 1.00317875 0.00289216
4234.822520 0.99372011 0.00318484
4234.857834 0.99449384 0.00359600
4234.893149 0.99357496 0.00322218
4234.928465 1.00428754 0.00301768
4234.963780 0.99833261 0.00326577
4234.999096 0.99376886 0.00354201
4235.034413 0.99512396 0.00290641
4235.069729 0.99586515 0.00286017
4235.105046 1.00043870 0.00343850
4235.140363 1.00014479 0.00339119
4235.175680 0.99454768 0.00326151
4235.210998 0.99481871 0.00317431
4235.246316 0.99495843 0.00307951
4235.281634 0.99666554 0.00329300
4235.316953 0.99446137 0.00318185
4235.352272 0.99678230 0.00351673
4235.387591 0.99694618 0.00356595
4235.422911 1.00025738 0.00324964
4235.458230 0.99882820 0.00309212
4235.493550 1.00011296 0.00312682
4235.528871 0.99797975 0.00323388
4235.564191 0.99918935 0.00311218
4235.599512 1.00056607 0.00328419
4235.634834 0.99870372 0.00342449
4235.670155 0.99828492 0.00308178
4235.705477 0.99701810 0.00348939
4235.740799 0.99883687 0.00369898
4235.776122 0.99121281 0.00330239
4235.811444 0.99744148 0.00355698
4235.846767 0.99224306 0.00331082
4235.882091 0.99126611 0.00350353
4235.917414 0.99561378 0.00309454
4235.952738 0.99361606 0.00295012
4235.988062 0.99246330 0.00321034
4236.023387 0.99064402 0.00422020
4236.058712 0.99321244 0.00338229
4236.094037 0.99076503 0.00332463
4236.129362 0.99495969 0.00313535
4236.164688 0.99023122 0.00362558
4236.200014 0.98730421 0.00333672
4236.235340 0.98989683 0.00335598
4236.270666 0.99008298 0.00304241
4236.305993 0.98334122 0.00337692
4236.341320 0.98849837 0.00307553
4236.376648 0.99231247 0.00304643
4236.411976 0.98857762 0.00336485
4236.447304 0.98442041 0.00333044
4236.482632 0.98714029 0.00319278
4236.517961 0.98831313 0.00284429
4236.553289 0.99275422 0.00307923
4236.588619 0.98462869 0.00336974
4236.623948 0.98564157 0.00357913
4236.659278 0.98913022 0.00291875
4236.694608 0.98705234 0.00273689
4236.729938 0.98547446 0.00285451
4236.765269 0.98593681 0.00319743
4236.800600 0.98312445 0.00352140
4236.835931 0.98631656 0.00343003
4236.871263 0.98526614 0.00352412
4236.906595 0.98338968 0.00366961
4236.941927 0.98337590 0.00327378
4236.977259 0.98675950 0.00352742
4237.012592 0.98640214 0.00342483
4237.047925 0.98749656 0.00327595
4237.083258 0.98691521 0.00360139
4237.118592 0.98938891 0.00347492
4237.153926 0.98899763 0.00303114
4237.189260 0.99291042 0.00317252
4237.224595 0.99157075 0.00307176
4237.259929 0.98881288 0.00308904
4237.295264 0.98154073 0.00365140
4237.330600 0.98541331 0.00295520
4237.365936 0.98724920 0.00319173
4237.401272 0.98736082 0.00336102
4237.436608 0.98608611 0.00295925
4237.471944 0.98668715 0.00286197
4237.507281 0.98827946 0.00283321
4237.542618 0.98983720 0.00319974
4237.577956 0.98923605 0.00313600
4237.613294 0.99081266 0.00313583
4237.648632 0.99288820 0.00380328
4237.683970 0.99659005 0.00319026
4237.719309 0.99469060 0.00277341
4237.754647 0.99180250 0.00322965
4237.789987 0.99189910 0.00359154
4237.825326 0.99656732 0.00324493
4237.860666 0.99418876 0.00340866
4237.896006 0.99366227 0.00315789
4237.931347 0.98095843 0.00318886
4237.966687 0.98483254 0.00332248
4238.002028 0.99510688 0.00326700
4238.037369 0.99271567 0.00355137
4238.072711 0.98891585 0.00298577
4238.108053 0.99501707 0.00316927
4238.143395 0.99840128 0.00326903
4238.178738 0.99706893 0.00309504
4238.214080 0.99849615 0.00325310
4238.249423 0.99965707 0.00307218
4238.284767 0.99509322 0.00344158
4238.320110 0.99961999 0.00332768
4238.355454 1.00265002 0.00291373
4238.390798 0.99336097 0.00316759
4238.426143 0.99132389 0.00336904
4238.461488 0.99727424 0.00287981
4238.496833 1.00286184 0.00261912
4238.532178 1.00217581 0.00316793
4238.567524 0.99881279 0.00315240
4238.602870 1.00142918 0.00315233
4238.638216 1.00001822 0.00297232
4238.673563 0.99796606 0.00325725
4238.708910 0.99245037 0.00306085
4238.744257 1.00050305 0.00336538
4238.779604 0.99692735 0.00340265
4238.814952 0.99805547 0.00308002
4238.850300 1.00257655 0.00281688
4238.885649 0.99862889 0.00312052
4238.920997 1.00074010 0.00328177
4238.956346 0.99737571 0.00350602
4238.991695 0.99536535 0.00305283
4239.027045 1.00166236 0.00335275
4239.062395 0.99941076 0.00305021
4239.097745 1.00172988 0.00317211
4239.133095 1.00298497 0.00307078
4239.168446 1.00292910 0.00286324
4239.203797 0.99756848 0.00302424
4239.239148 0.99378233 0.00329747
4239.274500 0.99077354 0.00333564
4239.309852 0.99561976 0.00331759
4239.345204 0.99741337 0.00361525
4239.380557 0.99066140 0.00333541
4239.415909 0.99198387 0.00310403
4239.451262 0.99828952 0.00323190
4239.486616 0.99846679 0.00294086
4239.521969 1.00091479 0.00301150
4239.557323 0.99878197 0.00340199
4239.592678 0.99859934 0.00324184
4239.628032 0.99385958 0.00369593
4239.663387 0.99331337 0.00325776
4239.698742 0.99539002 0.00359625
4239.734098 0.99472460 0.00364799
4239.769453 0.99166676 0.00351884
4239.804809 0.99391682 0.00298857
4239.840166 0.99533092 0.00336397
4239.875522 0.99984852 0.00341701
4239.910879 0.99892811 0.00343203
4239.946236 1.00060447 0.00316286
4239.981594 0.99869412 0.00337904
4240.016952 0.99809190 0.00348299
4240.052310 1.00010212 0.00290754
4240.087668 0.99765467 0.00306097
4240.123027 0.98942360 0.00327335
4240.158386 0.99662672 0.00355217
4240.193745 1.00024994 0.00342122
4240.229105 1.00019362 0.00354227
4240.264464 0.99946795 0.00327008
4240.299825 0.99773368 0.00285137
4240.335185 1.00193536 0.00349554
4240.370546 1.00395607 0.00323570
4240.405907 1.00124902 0.00321634
4240.441268 0.99845201 0.00328343
4240.476630 0.99546866 0.00338522
4240.511992 0.99758944 0.00306926
4240.547354 0.99641541 0.00373787
4240.582716 0.99723796 0.00320114
4240.618079 0.99482941 0.00316483
4240.653442 0.98948329 0.00314216
4240.688806 0.98755431 0.00345694
4240.724169 0.99460466 0.00329931
4240.759533 0.99431587 0.00355410
4240.794898 0.98962077 0.00331223
4240.830262 0.98761142 0.00319640
4240.865627 0.98515961 0.00337271
4240.900992 0.98794588 0.00330122
4240.936358 0.98775804 0.00300972
4240.971723 0.99603418 0.00320364
4241.007089 0.98947663 0.00273284
4241.042456 0.98468951 0.00320899
4241.077822 0.98202450 0.00312333
4241.113189 0.98981422 0.00321292
4241.148557 0.98775830 0.00314437
4241.183924 0.99058551 0.00309840
4241.219292 0.98988359 0.00322153
4241.254660 0.98572547 0.00381936
4241.290028 0.98874271 0.00321237
4241.325397 0.98507726 0.00325340
4241.360766 0.98890488 0.00325273
4241.396135 0.98518749 0.00321162
4241.431505 0.98083977 0.00302502
4241.466875 0.98255771 0.00322360
4241.502245 0.98264704 0.00331908
4241.537615 0.98729012 0.00340541
4241.572986 0.97997019 0.00312673
4241.608357 0.98669730 0.00316088
4241.643729 0.98556920 0.00299774
4241.679100 0.98599993 0.00321727
4241.714472 0.98483348 0.00361723
4241.749844 0.99287126 0.00326647
4241.785217 0.98920473 0.00365614
4241.820590 0.98425589 0.00337363
4241.855963 0.98949068 0.00340952
4241.891336 0.99322157 0.00338297
4241.926710 0.98996635 0.00292536
4241.962084 0.98742497 0.00320349
4241.997458 0.98520228 0.00327957
4242.032833 0.98654412 0.00325339
4242.068208 0.98874205 0.00327183
4242.103583 0.98503003 0.00319403
4242.138959 0.98867710 0.00366350
4242.174334 0.98449999 0.00347171
4242.209710 0.98806259 0.00328654
4242.245087 0.99113754 0.00319407
4242.280463 0.98980551 0.00309735
4242.315840 0.99101897 0.00357671
4242.351218 0.98785235 0.00353347
4242.386595 0.98445617 0.00288705
4242.421973 0.98649904 0.00316427
4242.457351 0.98928869 0.00330347
4242.492730 0.99124414 0.00311402
4242.528108 0.99628551 0.00310086
4242.563487 0.98926764 0.00357219
4242.598867 0.98609650 0.00336110
4242.634246 0.98753035 0.00324735
4242.669626 0.99562110 0.00315069
4242.705006 0.99484849 0.00319233
4242.740387 0.99433408 0.00327618
4242.775768 0.99173284 0.00366912
4242.811149 0.99238833 0.00357059
4242.846530 1.00226987 0.00342472
4242.881912 1.00086602 0.00326718
4242.917294 1.00068126 0.00317410
4242.952676 1.00150158 0.00323988
4242.988059 0.99672254 0.00306517
4243.023442 0.99851544 0.00291825
4243.058825 0.99556773 0.00314305
4243.094208 0.99303641 0.00298115
4243.129592 0.99712356 0.00328356
4243.164976 0.99194292 0.00325325
4243.200360 0.99319040 0.00317078
4243.235745 0.99556096 0.00311728
4243.271130 0.98960627 0.00343628
4243.306515 0.99408158 0.00328141
4243.341901 0.99471937 0.00321649
4243.377286 1.00039187 0.00352779
4243.412672 1.00081322 0.00361207
4243.448059 1.00008171 0.00364296
4243.483446 0.99734245 0.00388295
4243.518833 0.99774421 0.00326171
4243.554220 1.00214074 0.00299886
4243.589607 0.99833907 0.00321230
4243.624995 0.99071401 0.00274610
4243.660383 0.99367190 0.00338744
4243.695772 0.99368555 0.00310105
4243.731161 0.99409321 0.00340459
4243.766550 0.99280065 0.00324210
4243.801939 1.00235079 0.00303653
4243.837329 0.99738325 0.00340847
4243.872719 1.00206995 0.00367340
4243.908109 0.99779636 0.00363964
4243.943499 0.99937500 0.00353736
4243.978890 0.99976306 0.00284806
4244.014281 0.99889519 0.00312289
4244.049673 0.99806362 0.00322394
4244.085065 0.99652700 0.00305410
4244.120457 0.99788786 0.00274795
4244.155849 1.00012218 0.00295898
4244.191241 0.99973511 0.00290092
4244.226634 0.99696084 0.00316152
4244.262028 0.99650542 0.00307666
4244.297421 0.99838176 0.00315061
4244.332815 0.99895311 0.00271518
4244.368209 0.99593068 0.00304492
4244.403603 0.99764737 0.00327424
4244.438998 0.98970629 0.00336720
4244.474393 0.99189549 0.00338995
4244.509788 0.99491077 0.00322613
4244.545184 0.99663974 0.00364921
4244.580579 1.00139896 0.00331666
4244.615976 0.99833136 0.00344046
4244.651372 1.00040989 0.00306481
4244.686769 1.00018414 0.00305578
4244.722166 0.99378184 0.00332682
4244.757563 0.99461746 0.00325251
4244.792961 0.99290785 0.00346856
4244.828359 0.99870541 0.00321338
4244.863757 0.99946352 0.00343366
4244.899155 1.00009920 0.00327436
4244.934554 0.99239277 0.00333430
4244.969953 0.99316051 0.00352880
4245.005353 0.99697744 0.00266887
4245.040752 0.99169997 0.00344574
4245.076152 0.99600374 0.00353903
4245.111553 0.99558118 0.00348422
4245.146953 0.99867841 0.00315448
4245.182354 0.99871047 0.00326834
4245.217755 1.00112040 0.00300291
4245.253157 1.00165848 0.00292216
4245.288558 0.99983103 0.00328884
4245.323960 0.99725726 0.00301772
4245.359363 0.99910016 0.00330920
4245.394765 0.99758911 0.00314968
4245.430168 0.99483975 0.00332439
4245.465572 0.99796591 0.00324564
4245.500975 1.00364662 0.00312160
4245.536379 0.99944895 0.00355814
4245.571783 1.00015565 0.00325417
4245.607187 1.00139958 0.00279791
4245.642592 0.99852319 0.00344887
4245.677997 0.99496064 0.00306301
4245.713402 0.99551278 0.00316820
4245.748808 0.99099457 0.00324960
4245.784214 0.99767224 0.00348821
4245.819620 1.00175609 0.00324841
4245.855026 0.99598964 0.00298230
4245.890433 1.00094519 0.00291683
4245.925840 1.00001137 0.00334824
4245.961248 0.99986830 0.00288486
4245.996655 0.99390985 0.00285013
4246.032063 0.99753198 0.00309620
4246.067472 0.99032315 0.00310556
4246.102880 0.99307691 0.00388680
4246.138289 0.99376802 0.00300491
4246.173698 0.99450591 0.00279274
4246.209107 0.99612120 0.00321441
4246.244517 0.99046894 0.00341164
4246.279927 0.99164145 0.00318548
4246.315338 0.99661387 0.00320089
4246.350748 0.99265802 0.00299973
4246.386159 0.99456475 0.00316513
4246.421570 0.99618815 0.00283754
4246.456982 0.99275656 0.00347312
4246.492393 0.99363840 0.00344271
4246.527806 0.99618161 0.00333864
4246.563218 0.99554822 0.00329575
4246.598631 0.99366480 0.00346896
4246.634044 1.00115557 0.00314700
4246.669457 0.99702921 0.00314006
4246.704870 0.99504021 0.00301132
4246.740284 0.99423804 0.00311186
4246.775698 0.99122581 0.00356508
4246.811113 0.99088482 0.00330972
4246.846528 0.99591176 0.00311487
4246.881943 0.99488729 0.00335330
4246.917358 0.99647966 0.00298737
4246.952774 0.99630462 0.00331396
4246.988190 0.99667324 0.00281195
4247.023606 0.99825926 0.00311315
4247.059022 0.99274689 0.00301161
4247.094439 0.99047380 0.00321609
4247.129856 0.99395956 0.00333297
4247.165274 0.99142082 0.00334820
4247.200691 0.98488171 0.00321005
4247.236109 0.99117655 0.00335249
4247.271528 0.99412818 0.00311985
4247.306946 0.99212332 0.00309288
4247.342365 0.99310519 0.00341625
4247.377784 0.99413141 0.00333370
4247.413204 0.99369973 0.00359979
4247.448623 0.99320850 0.00303608
4247.484043 0.99449246 0.00337710
4247.519464 0.99624084 0.00313949
4247.554884 0.99491085 0.00302670
4247.590305 0.99200344 0.00275998
4247.625727 0.99380763 0.00310255
4247.661148 0.99536738 0.00292753
4247.696570 0.99103329 0.00303108
4247.731992 0.99851875 0.00352294
4247.767415 0.99220950 0.00344254
4247.802837 0.99484053 0.00317345
4247.838260 0.98947363 0.00346141
4247.873684 0.99454659 0.00381956
4247.909107 0.99853595 0.00347701
4247.944531 0.99250331 0.00332089
4247.979955 0.99177560 0.00328473
4248.015380 0.99469626 0.00343675
4248.050805 0.99764080 0.00360040
4248.086230 0.98854057 0.00359678
4248.121655 0.99457086 0.00335822
4248.157081 0.99220131 0.00307967
4248.192507 0.98905851 0.00303420
4248.227933 0.99351551 0.00314471
4248.263359 0.99775212 0.00346617
4248.298786 0.99227719 0.00312440
4248.334213 0.99894885 0.00322460
4248.369641 0.99521434 0.00280315
4248.405069 0.99727588 0.00359241
4248.440497 0.99751899 0.00325038
4248.475925 0.99915907 0.00314950
4248.511354 1.00041176 0.00291424
4248.546782 0.99346811 0.00320775
4248.582212 0.99410046 0.00340552
4248.617641 0.99854972 0.00330467
4248.653071 0.99689912 0.00342573
4248.688501 0.99890243 0.00321128
4248.723932 0.99890140 0.00298811
4248.759362 0.99575235 0.00356700
4248.794793 0.99705433 0.00328309
4248.830224 0.99748216 0.00335981
4248.865656 0.99206525 0.00369187
4248.901088 0.99611577 0.00341518
4248.936520 0.99569958 0.00346923
4248.971953 0.99364718 0.00304513
4249.007385 0.99192056 0.00322661
4249.042818 0.99577597 0.00329955
4249.078252 0.99463378 0.00318323
4249.113685 0.99147454 0.00296748
4249.149119 0.99097414 0.00316719
4249.184554 0.99134394 0.00324079
4249.219988 0.98814314 0.00302771
4249.255423 0.98693473 0.00346314
4249.290858 0.98729982 0.00325823
4249.326293 0.98931529 0.00310161
4249.361729 0.98718889 0.00364068
4249.397165 0.98454573 0.00367401
4249.432601 0.98961056 0.00340843
4249.468038 0.99307503 0.00285139
4249.503475 0.99688512 0.00340651
4249.538912 0.99514730 0.00302236
4249.574350 0.99615823 0.00340979
4249.609787 0.99299206 0.00340676
4249.645226 0.98918461 0.00325905
4249.680664 0.99453962 0.00275836
4249.716103 0.99315247 0.00345104
4249.751542 0.99403576 0.00296006
4249.786981 0.99656380 0.00264553
4249.822420 0.98702931 0.00351642
4249.857860 0.98708203 0.00328900
4249.893300 0.98695115 0.00344609
4249.928741 0.98989500 0.00327925
4249.964182 0.99197803 0.00289053
4249.999623 0.99090126 0.00296537
4250.035064 0.99510125 0.00299236
4250.070506 0.99133092 0.00303809
4250.105947 0.98792912 0.00346996
4250.141390 0.98669826 0.00378867
4250.176832 0.99415226 0.00322289
4250.212275 0.99108555 0.00329704
4250.247718 0.99268133 0.00305560
4250.283161 0.99541501 0.00316846
4250.318605 0.99525594 0.00354961
4250.354049 0.99272894 0.00332712
4250.389493 0.99876072 0.00339912
4250.424938 0.99750119 0.00339735
4250.460383 0.99729813 0.00379151
4250.495828 0.99804889 0.00356375
4250.531274 0.99818437 0.00302614
4250.566719 0.99275287 0.00308644
4250.602165 0.99390451 0.00313586
4250.637612 0.99884791 0.00327035
4250.673058 1.00023031 0.00345284
4250.708505 0.99623070 0.00323290
4250.743953 0.99524338 0.00335908
4250.779400 0.99275591 0.00317767
4250.814848 0.99614649 0.00366999
4250.850296 0.99412037 0.00337738
4250.885744 0.99154916 0.00332329
4250.921193 0.99987312 0.00322548
4250.956642 0.99891805 0.00313361
4250.992092 0.99397642 0.00365681
4251.027541 0.99817038 0.00350068
4251.062991 0.99959627 0.00282672
4251.098441 0.99591323 0.00316082
4251.133892 0.99211472 0.00279174
4251.169343 1.00031741 0.00313395
4251.204794 1.00150141 0.00353323
4251.240245 0.99811179 0.00350648
4251.275697 0.99823556 0.00342343
4251.311149 0.99501545 0.00344573
4251.346601 0.99963841 0.00340293
4251.382053 0.99886942 0.00314327
4251.417506 0.99062839 0.00292769
4251.452959 0.99329132 0.00324073
4251.488413 0.99294891 0.00334689
4251.523867 0.99424748 0.00330165
4251.559321 0.99602692 0.00362196
4251.594775 0.99689303 0.00337034
4251.630230 0.99740039 0.00345746
4251.665685 0.99215457 0.00331211
4251.701140 0.99832244 0.00337339
4251.736595 0.99863178 0.00302106
4251.772051 0.99157490 0.00313696
4251.807507 0.99641184 0.00331620
4251.842964 0.99614015 0.00311485
4251.878420 0.99827257 0.00309700
4251.913877 0.99591094 0.00342813
4251.949335 0.99790924 0.00321950
4251.984792 0.99616449 0.00342687
4252.020250 0.99794026 0.00310603
4252.055708 0.99622454 0.00346964
4252.091167 0.99779069 0.00366194
4252.126626 1.00067253 0.00351607
4252.162085 0.99614030 0.00345471
4252.197544 0.99623427 0.00379156
4252.233004 0.99293375 0.00327256
4252.268464 0.99212493 0.00336269
4252.303924 0.99388824 0.00332409
4252.339384 0.99537977 0.00328105
4252.374845 0.98868823 0.00330941
4252.410306 0.99432420 0.00318574
4252.445768 0.99463597 0.00325798
4252.481230 0.99236909 0.00331986
4252.516692 0.99070689 0.00299776
4252.552154 0.98814495 0.00319348
4252.587616 0.99293883 0.00317240
4252.623079 0.99345576 0.00300585
4252.658543 0.99138145 0.00338773
4252.694006 0.98471238 0.00323422
4252.729470 0.98277659 0.00332251
4252.764934 0.98307321 0.00302010
4252.800398 0.98212865 0.00327621
4252.835863 0.98424311 0.00309024
4252.871328 0.98397600 0.00299763
4252.906793 0.98734557 0.00298862
4252.942259 0.99017289 0.00312706
4252.977725 0.98433657 0.00356520
4253.013191 0.98692830 0.00318202
4253.048657 0.98146632 0.00344864
4253.084124 0.98314356 0.00298417
4253.119591 0.98534063 0.00322627
4253.155059 0.98389035 0.00310928
4253.190526 0.98523280 0.00329894
4253.225994 0.98614488 0.00295608
4253.261462 0.98214648 0.00283422
4253.296931 0.97974894 0.00304167
4253.332400 0.97473950 0.00306867
4253.367869 0.97567386 0.00340533
4253.403338 0.97484447 0.00377770
4253.438808 0.97677318 0.00320668
4253.474278 0.98429904 0.00335998
4253.509748 0.98173953 0.00337714
4253.545219 0.98392266 0.00303147
4253.580690 0.98460868 0.00291401
4253.616161 0.97995192 0.00283999
4253.651632 0.98055296 0.00305400
4253.687104 0.97969588 0.00312644
4253.722576 0.97377686 0.00344431
4253.758049 0.97722707 0.00335164
4253.793521 0.97588120 0.00349048
4253.828994 0.97946782 0.00341576
4253.864468 0.98082856 0.00337721
4253.899941 0.97885605 0.00324612
4253.935415 0.98341294 0.00290250
4253.970889 0.98474698 0.00332201
4254.006364 0.98229110 0.00275047
4254.041838 0.97758151 0.00327284
4254.077313 0.98276796 0.00325308
4254.112789 0.97852269 0.00331277
4254.148264 0.97938822 0.00324966
4254.183740 0.98195460 0.00270383
4254.219217 0.99051650 0.00304402
4254.254693 0.98867626 0.00347354
4254.290170 0.98782347 0.00364204
4254.325647 0.98592425 0.00309670
4254.361124 0.98791450 0.00314733
4254.396602 0.99097308 0.00297780
4254.432080 0.99098001 0.00304387
4254.467558 0.99349377 0.00311130
4254.503037 0.99414624 0.00311600
4254.538516 0.99130612 0.00323672
4254.573995 0.99650000 0.00280541
4254.609475 0.99875510 0.00337478
4254.644954 0.99663377 0.00353094
4254.680434 0.99741177 0.00348969
4254.715915 0.99818712 0.00337039
4254.751395 0.99556660 0.00307553
4254.786876 0.99714264 0.00341110
4254.822358 1.00015546 0.00309933
4254.857839 0.99730468 0.00319904
4254.893321 0.99859451 0.00367898
4254.928803 0.99668592 0.00326169
4254.964286 0.99955459 0.00310097
4254.999768 1.00114920 0.00337048
4255.035251 0.99989507 0.00355832
4255.070735 0.99748857 0.00311355
4255.106218 0.99470356 0.00310483
4255.141702 0.99972340 0.00335807
4255.177186 1.00233737 0.00286843
4255.212671 0.99916218 0.00352861
4255.248156 1.00040159 0.00334472
4255.283641 1.00098894 0.00305043
4255.319126 0.99956659 0.00281833
4255.354612 0.99933203 0.00290048
4255.390098 1.00083304 0.00313898
4255.425584 1.00205991 0.00374104
4255.461071 0.99594398 0.00312112
4255.496558 0.99633269 0.00342844
4255.532045 0.99475842 0.00321568
4255.567532 0.99263161 0.00342301
4255.603020 0.99058173 0.00304616
4255.638508 0.99886478 0.00312950
4255.673996 0.99436101 0.00375976
4255.709485 0.99507841 0.00345921
4255.744974 0.99803391 0.00343369
4255.780463 0.99703806 0.00346810
4255.815953 0.99314409 0.00368681
4255.851443 0.99500803 0.00288343
4255.886933 0.99785312 0.00317388
4255.922423 0.99600042 0.00310458
4255.957914 0.99668208 0.00318474
4255.993405 0.99660188 0.00286051
4256.028896 0.99665770 0.00340189
4256.064388 0.99557476 0.00311029
4256.099880 0.99346617 0.00317327
4256.135372 0.99776210 0.00326958
4256.170864 0.99964112 0.00381534
4256.206357 0.99475614 0.00338851
4256.241850 0.99148069 0.00306267
4256.277344 0.99034813 0.00261894
4256.312837 0.99191907 0.00299910
4256.348331 0.99352196 0.00382360
4256.383826 0.99597940 0.00379146
4256.419320 1.00091518 0.00322730
4256.454815 0.99792720 0.00290656
4256.490310 0.99524286 0.00310172
4256.525806 0.99326972 0.00302620
4256.561301 0.99294956 0.00311785
4256.596797 0.99781800 0.00333660
4256.632294 0.99386987 0.00347514
4256.667790 0.99463999 0.00334694
4256.703287 0.99506248 0.00345787
4256.738785 0.99757468 0.00296546
4256.774282 0.99587319 0.00337215
4256.809780 0.99346021 0.00348156
4256.845278 0.99699678 0.00331360
4256.880776 0.99660542 0.00329292
4256.916275 0.99858644 0.00304524
4256.951774 1.00038831 0.00321204
4256.987274 1.00166933 0.00296829
4257.022773 0.99396215 0.00331944
4257.058273 0.99628582 0.00321632
4257.093773 0.99930030 0.00347745
4257.129274 0.99416176 0.00348484
4257.164774 0.99827419 0.00336946
4257.200276 0.99604234 0.00340792
4257.235777 0.98705130 0.00333585
4257.271279 0.99440827 0.00316245
4257.306781 0.99761773 0.00314001
4257.342283 0.99451123 0.00282544
4257.377785 0.99677788 0.00292505
4257.413288 0.99902664 0.00317555
4257.448791 0.99770284 0.00338391
4257.484295 0.99821257 0.00309805
4257.519799 0.99812940 0.00304177
4257.555303 0.99681035 0.00336819
4257.590807 0.99570550 0.00366425
4257.626312 0.99698940 0.00316720
4257.661817 0.99893072 0.00270941
4257.697322 1.00299700 0.00295561
4257.732827 1.00013028 0.00302837
4257.768333 0.99553044 0.00337504
4257.803839 0.99316002 0.00323146
4257.839346 1.00155629 0.00311692
4257.874852 0.99848090 0.00300611
4257.910359 0.99392441 0.00305775
4257.945867 0.99346073 0.00352930
4257.981374 0.99816353 0.00325410
4258.016882 0.99449539 0.00352451
4258.052390 0.99698023 0.00341562
4258.087899 0.99842322 0.00301750
4258.123408 0.99877858 0.00311846
4258.158917 1.00019794 0.00321282
4258.194426 1.00263692 0.00320847
4258.229936 1.00258746 0.00294020
4258.265446 0.99364742 0.00305909
4258.300956 0.99511528 0.00342412
4258.336466 0.99506509 0.00361232
4258.371977 1.00203282 0.00323026
4258.407488 1.00181481 0.00303065
4258.443000 0.99497684 0.00278548
4258.478512 0.99722748 0.00322507
4258.514024 0.99536230 0.00317481
4258.549536 0.99893877 0.00334256
4258.585049 0.99512556 0.00338065
4258.620562 0.99643055 0.00314868
4258.656075 0.99447125 0.00352640
4258.691588 0.99701382 0.00299100
4258.727102 0.99711073 0.00303447
4258.762616 0.99615763 0.00318942
4258.798131 0.99880914 0.00291284
4258.833645 0.99623608 0.00316599
4258.869160 0.99274520 0.00313661
4258.904676 0.99680433 0.00296791
4258.940191 0.99622308 0.00341364
4258.975707 0.99339124 0.00365771
4259.011223 0.99816256 0.00317027
4259.046740 1.00299320 0.00337509
4259.082257 1.00356816 0.00307184
4259.117774 1.00220055 0.00296192
4259.153291 1.00054731 0.00338502
4259.188809 0.99806400 0.00309862
4259.224327 0.99717491 0.00330890
4259.259845 1.00487097 0.00261744
4259.295363 1.00363689 0.00277233
4259.330882 0.99648295 0.00357450
4259.366401 0.99943571 0.00336442
4259.401921 1.00413358 0.00297779
4259.437441 1.00547834 0.00282552
4259.472961 0.99638076 0.00325425
4259.508481 0.99655057 0.00315530
4259.544002 0.99680052 0.00315774
4259.579523 0.99255005 0.00324078
4259.615044 0.99736207 0.00312489
4259.650565 0.99773526 0.00318731
4259.686087 0.99725969 0.00247626
4259.721609 1.00590702 0.00308763
4259.757132 1.00323056 0.00318860
4259.792654 1.00510640 0.00310740
4259.828177 0.99994030 0.00297891
4259.863701 1.00430059 0.00301099
4259.899224 1.00700293 0.00359753
4259.934748 1.00376163 0.00308370
4259.970272 1.00498954 0.00289035
4260.005797 1.00086941 0.00325742
4260.041321 0.99506797 0.00327172
4260.076847 0.99498746 0.00314838
4260.112372 0.99534198 0.00362778
4260.147898 0.99638840 0.00353103
4260.183423 0.99970198 0.00274336
4260.218950 0.99647228 0.00350174
4260.254476 0.99249149 0.00273557
4260.290003 0.99545471 0.00326544
4260.325530 0.99876628 0.00309387
4260.361058 0.99797776 0.00318687
4260.396585 0.99573276 0.00317014
4260.432113 0.99859940 0.00312496
4260.467642 0.99845529 0.00343394
4260.503170 1.00052683 0.00344862
4260.538699 0.99829906 0.00315231
4260.574229 0.99818590 0.00332381
4260.609758 0.99523508 0.00329965
4260.645288 1.00498599 0.00322579
4260.680818 0.99935376 0.00342898
4260.716348 0.99759036 0.00327909
4260.751879 1.00221975 0.00336351
4260.787410 0.99948191 0.00310864
4260.822941 0.99582781 0.00326896
4260.858473 0.99944380 0.00303917
4260.894005 0.99850856 0.00348418
4260.929537 0.99964646 0.00355175
4260.965070 0.99868143 0.00321061
4261.000602 0.99296688 0.00292990
4261.036135 0.99425275 0.00288321
4261.071669 0.99639446 0.00307853
4261.107202 1.00080755 0.00313707
4261.142736 1.00526247 0.00280105
4261.178271 1.00327447 0.00296746
4261.213805 0.99622685 0.00350074
4261.249340 0.99768501 0.00334597
4261.284875 1.00053041 0.00326263
4261.320411 1.00038238 0.00332578
4261.355946 1.00184714 0.00339880
4261.391482 0.99636498 0.00324847
4261.427019 0.99977619 0.00302557
4261.462555 0.99984050 0.00267491
4261.498092 0.99559172 0.00297297
4261.533629 1.00547903 0.00310823
4261.569167 0.99259611 0.00300362
4261.604705 0.99627159 0.00355233
4261.640243 1.00015662 0.00344443
4261.675781 0.99621999 0.00315558
4261.711320 0.99104516 0.00333667
4261.746859 0.99781201 0.00273342
4261.782398 0.99717581 0.00308361
4261.817938 0.99809806 0.00377663
4261.853478 0.99378401 0.00351853
4261.889018 0.99464604 0.00347172
4261.924558 0.99974664 0.00304145
4261.960099 1.00081859 0.00326148
4261.995640 1.00108812 0.00286198
4262.031182 0.99853523 0.00287487
4262.066723 0.99743634 0.00298374
4262.102265 0.99797818 0.00266354
4262.137807 1.00341061 0.00304722
4262.173350 1.00134954 0.00323042
4262.208893 0.99920921 0.00318732
4262.244436 0.99785139 0.00299179
4262.279979 0.99721459 0.00310954
4262.315523 1.00007847 0.00297159
4262.351067 0.99572926 0.00301862
4262.386612 1.00108254 0.00316115
4262.422156 0.99506204 0.00340750
4262.457701 0.99862485 0.00308570
4262.493246 1.00268247 0.00292025
4262.528792 0.99919331 0.00334039
4262.564338 1.00172903 0.00316684
4262.599884 0.99614773 0.00300793
4262.635430 0.99695519 0.00309449
4262.670977 1.00246556 0.00307418
4262.706524 1.00263602 0.00315403
4262.742071 1.00097840 0.00347817
4262.777619 0.99877693 0.00315117
4262.813167 0.99992805 0.00339606
4262.848715 0.99677225 0.00259296
4262.884263 0.99423230 0.00300386
4262.919812 0.99701278 0.00342091
4262.955361 0.99912258 0.00330296
4262.990911 0.99784810 0.00342555
4263.026460 1.00053621 0.00319482
4263.062010 0.99947543 0.00349192
4263.097560 0.98888717 0.00348075
4263.133111 0.99864846 0.00323174
4263.168662 0.99873225 0.00343823
4263.204213 0.99980967 0.00324417
4263.239764 0.99937759 0.00327285
4263.275316 0.99586989 0.00302094
4263.310868 0.99890868 0.00334895
4263.346421 0.99223028 0.00308753
4263.381973 0.99404211 0.00326566
4263.417526 0.99607223 0.00295076
4263.453079 0.99382273 0.00330928
4263.488633 0.99446029 0.00300695
4263.524187 1.00383994 0.00317231
4263.559741 0.99766787 0.00316376
4263.595295 0.99849511 0.00321837
4263.630850 0.99894884 0.00326776
4263.666405 1.00061266 0.00316317
4263.701960 0.99867125 0.00284915
4263.737516 0.99651189 0.00303979
4263.773072 0.99611658 0.00341512
4263.808628 1.00097903 0.00308727
4263.844184 0.99862289 0.00336711
4263.879741 1.00136219 0.00303148
4263.915298 1.00015903 0.00294640
4263.950856 0.99567185 0.00328157
4263.986413 0.99260574 0.00363144
4264.021971 0.99718866 0.00324845
4264.057529 1.00067468 0.00307890
4264.093088 0.99886701 0.00314807
4264.128647 0.99771847 0.00325628
4264.164206 1.00170349 0.00281443
4264.199765 1.00053632 0.00340400
4264.235325 1.00165415 0.00323589
4264.270885 1.00356317 0.00312218
4264.306446 0.99841662 0.00317986
4264.342006 1.00411852 0.00284445
4264.377567 1.00182478 0.00266538
4264.413128 1.00003783 0.00306772
4264.448690 0.99965255 0.00331428
4264.484252 1.00234357 0.00281738
4264.519814 1.00011263 0.00328206
4264.555376 1.00120121 0.00288659
4264.590939 0.99392500 0.00320582
4264.626502 0.98890585 0.00366131
4264.662065 0.99726722 0.00326994
4264.697629 0.99835095 0.00309496
4264.733193 0.99988134 0.00283213
4264.768757 0.99950614 0.00313615
4264.804322 1.00126050 0.00307842
4264.839886 0.99970544 0.00301536
4264.875451 0.99594197 0.00321250
4264.911017 0.99527014 0.00346799
4264.946582 1.00632753 0.00335056
4264.982148 0.99713657 0.00301405
4265.017715 0.99079999 0.00276786
4265.053281 0.99509575 0.00284964
4265.088848 0.99777552 0.00323124
4265.124415 0.99701529 0.00292479
4265.159983 0.99880731 0.00309455
4265.195550 1.00031071 0.00331531
4265.231119 0.99713881 0.00320042
4265.266687 1.00053595 0.00298730
4265.302256 1.00405064 0.00268833
4265.337824 0.99991808 0.00273553
4265.373394 0.99650625 0.00321722
4265.408963 0.99966102 0.00294718
4265.444533 1.00128099 0.00316549
4265.480103 0.99615621 0.00299467
4265.515674 1.00116572 0.00341634
4265.551244 1.00129994 0.00336826
4265.586815 0.99904972 0.00307739
4265.622387 0.99628642 0.00306225
4265.657958 0.99479382 0.00319194
4265.693530 0.99741480 0.00324482
4265.729102 0.99402102 0.00322148
4265.764675 0.99387028 0.00304856
4265.800248 0.98849286 0.00307037
4265.835821 0.99016990 0.00318901
4265.871394 0.98705245 0.00310185
4265.906968 0.98223253 0.00313004
4265.942542 0.98356898 0.00314855
4265.978116 0.98475329 0.00315704
4266.013691 0.97907283 0.00285447
4266.049266 0.97944155 0.00307829
4266.084841 0.97481420 0.00298892
4266.120416 0.97240687 0.00365125
4266.155992 0.96476419 0.00331319
4266.191568 0.96226852 0.00331583
4266.227144 0.96107369 0.00338188
4266.262721 0.96129342 0.00369963
4266.298298 0.95734350 0.00350856
4266.333875 0.95170777 0.00351842
4266.369453 0.94641187 0.00310998
4266.405031 0.94457622 0.00343800
4266.440609 0.94377354 0.00284706
4266.476187 0.94212555 0.00305701
4266.511766 0.94146926 0.00316976
4266.547345 0.94400849 0.00331285
4266.582924 0.93906643 0.00309408
4266.618504 0.93592471 0.00327761
4266.654084 0.92891050 0.00366041
4266.689664 0.92963946 0.00338761
4266.725245 0.93018147 0.00301602
4266.760825 0.92453334 0.00298458
4266.796406 0.92741526 0.00341011
4266.831988 0.92117219 0.00338939
4266.867570 0.92478654 0.00319183
4266.903152 0.92818121 0.00334682
4266.938734 0.92565115 0.00336120
4266.974316 0.92138055 0.00318695
4267.009899 0.92005172 0.00312313
4267.045482 0.92243171 0.00315524
4267.081066 0.91608627 0.00296220
4267.116650 0.91660669 0.00311736
4267.152234 0.92552674 0.00293939
4267.187818 0.92646864 0.00315630
4267.223403 0.92795228 0.00290716
4267.258988 0.92376783 0.00289480
4267.294573 0.92159428 0.00310209
4267.330159 0.92579614 0.00362627
4267.365744 0.92934152 0.00312379
4267.401331 0.93243095 0.00311682
4267.436917 0.92733015 0.00359901
4267.472504 0.93219890 0.00307913
4267.508091 0.93136877 0.00305879
4267.543678 0.93423306 0.00330968
4267.579266 0.93648350 0.00305140
4267.614854 0.93736644 0.00326692
4267.650442 0.93926442 0.00352234
4267.686030 0.93868066 0.00341403
4267.721619 0.94522915 0.00355392
4267.757208 0.94247752 0.00329196
4267.792798 0.94278737 0.00296109
4267.828388 0.95042733 0.00343431
4267.863978 0.95095037 0.00317318
4267.899568 0.95699064 0.00324659
4267.935158 0.96015510 0.00313895
4267.970749 0.96561374 0.00352667
4268.006341 0.96355213 0.00326445
4268.041932 0.97174659 0.00323120
4268.077524 0.97063198 0.00341588
4268.113116 0.97586196 0.00290212
4268.148708 0.97848079 0.00353781
4268.184301 0.97824806 0.00300030
4268.219894 0.97469669 0.00341041
4268.255487 0.98462576 0.00337812
4268.291081 0.98881605 0.00314401
4268.326675 0.99085593 0.00324766
4268.362269 0.99044379 0.00332944
4268.397863 0.99304395 0.00275449
4268.433458 0.99918438 0.00319837
4268.469053 0.99765087 0.00299051
4268.504648 0.99683340 0.00282099
4268.540244 0.99542891 0.00287489
4268.575840 0.99586272 0.00332431
4268.611436 1.00144843 0.00350913
4268.647033 0.99857153 0.00289325
4268.682630 0.99698473 0.00309866
4268.718227 0.99437951 0.00336280
4268.753824 0.99685294 0.00358766
4268.789422 0.99694289 0.00370346
4268.825020 0.99364524 0.00286115
4268.860618 1.00065354 0.00302932
4268.896217 0.99953886 0.00356433
4268.931816 1.00183341 0.00266342
4268.967415 1.00076402 0.00341795
4269.003014 1.00051790 0.00294179
4269.038614 0.99936162 0.00318427
4269.074214 1.00058168 0.00300856
4269.109815 0.99955273 0.00291095
4269.145415 0.99902954 0.00309321
4269.181016 0.99770545 0.00325889
4269.216618 0.99696569 0.00327068
4269.252219 0.99723011 0.00308462
4269.287821 1.00095586 0.00320802
4269.323423 1.00278710 0.00329866
4269.359026 1.00096761 0.00296018
4269.394629 1.00016890 0.00292203
4269.430232 0.99391139 0.00313078
4269.465835 0.99465838 0.00358255
4269.501439 0.99917235 0.00327778
4269.537043 0.99869251 0.00320289
4269.572647 1.00256248 0.00332744
4269.608251 0.99797504 0.00301424
4269.643856 0.99314865 0.00352127
4269.679461 0.99343516 0.00356753
4269.715067 0.98746546 0.00282099
4269.750673 0.99729787 0.00333899
4269.786279 1.00122956 0.00302512
4269.821885 1.00303266 0.00325120
4269.857492 0.99747734 0.00348299
4269.893099 0.99939684 0.00365066
4269.928706 1.00059852 0.00351483
4269.964313 1.00514247 0.00294445
4269.999921 0.99723862 0.00308732
4270.035529 0.99612346 0.00294457
4270.071138 0.99742742 0.00346560
4270.106746 1.00236453 0.00284889
4270.142355 1.00475735 0.00304903
4270.177965 1.00229112 0.00298450
4270.213574 0.99984588 0.00342303
4270.249184 0.99436956 0.00308449
4270.284794 0.99698781 0.00328244
4270.320405 0.99908121 0.00289839
4270.356016 0.99483875 0.00302719
4270.391627 0.99570848 0.00334423
4270.427238 0.99669982 0.00333713
4270.462850 0.99864141 0.00296522
4270.498462 0.99679419 0.00345190
4270.534074 1.00373276 0.00275566
4270.569687 1.00377484 0.00306092
4270.605299 1.00118922 0.00287821
4270.640913 1.00000360 0.00305286
4270.676526 0.99664736 0.00339322
4270.712140 0.99882566 0.00309451
4270.747754 0.99756427 0.00301910
4270.783368 0.99959481 0.00285080
4270.818983 1.00480711 0.00285287
4270.854598 1.00659938 0.00320227
4270.890213 0.99964689 0.00317936
4270.925829 0.99845392 0.00279003
4270.961444 0.99466887 0.00322351
4270.997061 0.99928302 0.00326433
4271.032677 1.00150276 0.00320011
4271.068294 0.99790925 0.00299835
4271.103911 1.00310375 0.00283280
4271.139528 1.00516838 0.00316184
4271.175146 0.99978245 0.00267326
4271.210764 1.00039990 0.00328148
4271.246382 0.99958704 0.00370771
4271.282000 0.99919196 0.00310760
4271.317619 0.99949635 0.00294305
4271.353238 1.00038306 0.00326261
4271.388858 0.99837294 0.00324048
4271.424477 1.00397437 0.00295958
4271.460097 0.99727981 0.00297069
4271.495718 0.99242958 0.00298884
4271.531338 0.99416109 0.00338697
4271.566959 0.99506186 0.00304678
4271.602580 0.99920330 0.00324357
4271.638202 1.00027471 0.00326786
4271.673824 0.99710237 0.00333043
4271.709446 0.99596006 0.00313840
4271.745068 0.99487285 0.00308992
4271.780691 0.99274397 0.00313732
4271.816314 0.99827258 0.00284817
4271.851937 1.00041759 0.00309358
4271.887560 1.00211597 0.00324037
4271.923184 0.99600696 0.00331326
4271.958808 0.99903990 0.00322217
4271.994433 0.99680289 0.00356391
4272.030058 1.00054528 0.00346329
4272.065683 0.99889588 0.00334107
4272.101308 0.99278205 0.00341610
4272.136934 0.99578354 0.00303399
4272.172560 0.99336824 0.00322720
4272.208186 0.99706413 0.00317188
4272.243812 0.99686727 0.00319622
4272.279439 0.99674554 0.00322025
4272.315066 1.00435717 0.00305371
4272.350694 1.00037303 0.00318553
4272.386321 0.99975479 0.00308638
4272.421949 0.99605945 0.00312160
4272.457578 0.99505002 0.00361586
4272.493206 1.00168880 0.00307320
4272.528835 1.00342919 0.00249302
4272.564465 0.99945853 0.00321278
4272.600094 0.99762459 0.00329731
4272.635724 1.00285248 0.00289285
4272.671354 0.99738909 0.00313088
4272.706984 0.99282932 0.00345908
4272.742615 1.00097722 0.00310566
4272.778246 0.99692171 0.00274911
4272.813877 0.99246645 0.00267935
4272.849509 0.99621857 0.00322292
4272.885141 1.00074315 0.00316588
4272.920773 1.00593008 0.00311323
4272.956405 1.00289621 0.00308352
4272.992038 1.00043982 0.00344211
4273.027671 1.00046402 0.00315883
4273.063305 0.99952261 0.00308123
4273.098938 0.99718716 0.00333395
4273.134572 1.00084650 0.00322175
4273.170206 0.99840909 0.00334228
4273.205841 0.99726948 0.00292681
4273.241476 0.99938396 0.00315595
4273.277111 0.99461259 0.00361516
4273.312746 0.99826468 0.00314111
4273.348382 0.98994916 0.00293614
4273.384018 0.99569731 0.00339970
4273.419655 0.99689982 0.00291139
4273.455291 0.99234517 0.00311305
4273.490928 0.99610097 0.00362390
4273.526565 0.99269682 0.00334985
4273.562203 0.99719695 0.00340370
4273.597841 1.00067394 0.00361728
4273.633479 0.99723406 0.00329971
4273.669117 1.00256403 0.00332691
4273.704756 0.99508730 0.00322041
4273.740395 0.99890498 0.00308104
4273.776034 1.00422915 0.00283281
4273.811674 1.00814239 0.00403948
4273.847314 1.00452696 0.00279224
4273.882954 0.99522910 0.00283432
4273.918594 0.98928926 0.00331875
4273.954235 0.99290353 0.00336735
4273.989876 0.99847926 0.00344528
4274.025518 0.99815288 0.00315305
4274.061159 0.99973135 0.00289504
4274.096801 0.99648932 0.00303156
4274.132444 0.99264423 0.00321366
4274.168086 0.99282603 0.00283551
4274.203729 0.99549776 0.00316402
4274.239372 1.00129439 0.00303107
4274.275016 0.99562367 0.00302843
4274.310660 0.99407311 0.00298802
4274.346304 0.99564571 0.00312564
4274.381948 0.99616047 0.00328542
4274.417593 0.99725767 0.00341244
4274.453238 1.00135429 0.00342747
4274.488883 0.99775230 0.00313610
4274.524528 0.99574041 0.00331993
4274.560174 1.00112919 0.00334839
4274.595820 0.99529739 0.00347443
4274.631467 0.99714065 0.00303499
4274.667114 0.99677168 0.00306350
4274.702761 0.99922395 0.00348855
4274.738408 1.00275306 0.00314294
4274.774056 1.00583109 0.00301400
4274.809703 1.00791307 0.00385547
4274.845352 0.99689356 0.00321492
4274.881000 1.00057478 0.00283827
4274.916649 0.99768598 0.00311514
4274.952298 0.99211109 0.00307989
4274.987948 0.99984398 0.00282042
4275.023597 1.00237903 0.00318254
4275.059247 0.99915144 0.00356645
4275.094898 1.00084221 0.00317084
4275.130548 1.00100418 0.00316091
4275.166199 0.99706020 0.00331722
4275.201850 0.99986657 0.00334518
4275.237502 0.99899093 0.00315082
4275.273154 0.99829888 0.00356687
4275.308806 0.99415481 0.00351135
4275.344458 0.99297712 0.00312510
4275.380111 0.99802532 0.00285513
4275.415764 0.99624079 0.00324319
4275.451417 0.99088284 0.00296703
4275.487071 0.99522328 0.00328420
4275.522724 0.99917946 0.00335107
4275.558379 0.99864568 0.00314021
4275.594033 1.00279861 0.00329113
4275.629688 0.99452796 0.00318983
4275.665343 0.99312306 0.00291929
4275.700998 0.99673901 0.00297641
4275.736654 1.00251411 0.00289417
4275.772310 1.00149792 0.00303432
4275.807966 0.99981783 0.00318665
4275.843623 1.00184923 0.00317163
4275.879280 0.99484838 0.00331057
4275.914937 0.99916405 0.00387792
4275.950594 1.00032440 0.00351126
4275.986252 0.99637376 0.00330774
4276.021910 0.99139062 0.00335391
4276.057568 0.99503758 0.00275006
4276.093227 0.99491497 0.00273997
4276.128886 0.99616197 0.00293711
4276.164545 0.99571926 0.00325904
4276.200205 0.99847082 0.00310944
4276.235864 0.99765385 0.00330045
4276.271524 0.99472166 0.00328130
4276.307185 0.99543764 0.00346518
4276.342846 0.99601980 0.00357931
4276.378507 0.99699116 0.00331892
4276.414168 0.99726913 0.00336578
4276.449830 1.00139373 0.00323250
4276.485491 0.99902924 0.00317953
4276.521154 0.99809076 0.00353914
4276.556816 0.99894043 0.00329998
4276.592479 0.99671551 0.00262451
4276.628142 0.99548933 0.00318741
4276.663805 0.99645596 0.00302898
4276.699469 0.99093835 0.00302030
4276.735133 0.99679403 0.00297053
4276.770797 0.99617139 0.00314097
4276.806462 0.99519860 0.00299201
4276.842127 0.99779754 0.00305270
4276.877792 1.00024155 0.00340623
4276.913457 1.00036337 0.00322067
4276.949123 0.99495015 0.00335117
4276.984789 0.99533331 0.00329048
4277.020456 0.99780872 0.00317033
4277.056122 0.99954620 0.00309312
4277.091789 0.99376680 0.00348578
4277.127456 0.99579572 0.00311816
4277.163124 0.99696341 0.00351730
4277.198792 0.99757575 0.00364132
4277.234460 0.99918403 0.00343767
4277.270128 0.99585939 0.00319860
4277.305797 0.99093728 0.00354334
4277.341466 0.99320579 0.00315333
4277.377136 0.99953771 0.00336102
4277.412805 0.99609576 0.00350187
4277.448475 0.99635431 0.00351444
4277.484145 0.99442852 0.00300027
4277.519816 0.99113481 0.00335178
4277.555487 0.99781585 0.00347420
4277.591158 1.00489449 0.00323049
4277.626829 1.00177531 0.00302175
4277.662501 1.00132559 0.00287648
4277.698173 0.99391391 0.00308180
4277.733845 0.99256773 0.00323521
4277.769518 0.99659320 0.00248076
4277.805191 0.99468495 0.00357074
4277.840864 0.99065136 0.00341223
4277.876538 0.99479047 0.00361676
4277.912211 0.99435519 0.00345754
4277.947885 0.99340264 0.00337966
4277.983560 0.99792531 0.00328421
4278.019235 1.00061175 0.00302410
4278.054910 0.99423834 0.00322914
4278.090585 0.99332156 0.00324003
4278.126260 0.99096896 0.00281993
4278.161936 0.99282050 0.00335382
4278.197612 0.99228071 0.00306053
4278.233289 0.99215919 0.00323212
4278.268966 0.99292636 0.00289063
4278.304643 0.99209830 0.00314413
4278.340320 0.99785287 0.00307425
4278.375998 0.99493103 0.00326315
4278.411676 0.99459703 0.00367626
4278.447354 0.98941120 0.00326727
4278.483033 0.98863277 0.00366527
4278.518711 0.99655176 0.00317802
4278.554391 0.99031896 0.00288562
4278.590070 0.99616924 0.00319599
4278.625750 0.99763357 0.00348445
4278.661430 0.99498216 0.00333511
4278.697110 0.99804326 0.00327206
4278.732791 0.99671570 0.00295603
4278.768472 0.99474185 0.00271457
4278.804153 0.99680056 0.00299160
4278.839835 0.99690302 0.00320340
4278.875516 0.99803304 0.00304412
4278.911199 0.99369722 0.00330686
4278.946881 0.99189278 0.00291708
4278.982564 0.98871439 0.00315292
4279.018247 0.99266183 0.00318015
4279.053930 0.99782655 0.00362949
4279.089614 0.99606021 0.00373814
4279.125298 0.99847007 0.00280845
4279.160982 0.99618763 0.00284131
4279.196666 1.00087108 0.00272681
4279.232351 1.00153340 0.00325012
4279.268036 0.99720303 0.00315784
4279.303722 0.99782467 0.00345454
4279.339407 0.99821093 0.00322025
4279.375093 0.99997553 0.00331528
4279.410780 1.00176938 0.00311818
4279.446466 0.99841135 0.00328881
4279.482153 0.99075990 0.00353021
4279.517840 0.99924583 0.00323652
4279.553528 0.99436618 0.00354994
4279.589216 0.99183716 0.00377038
4279.624904 0.99239088 0.00323483
4279.660592 1.00054445 0.00318209
4279.696281 0.99665642 0.00327875
4279.731970 0.99802693 0.00288454
4279.767659 0.99626837 0.00302813
4279.803348 0.99771475 0.00315544
4279.839038 0.99422563 0.00320675
4279.874729 1.00247033 0.00285222
4279.910419 0.99543788 0.00343566
4279.946110 0.99375762 0.00333535
4279.981801 0.99150242 0.00341812
4280.017492 1.00105872 0.00354583
4280.053184 1.00010774 0.00301941
4280.088876 0.99433923 0.00302884
4280.124568 0.99846006 0.00320454
4280.160261 0.99544538 0.00307684
4280.195953 0.99510167 0.00305192
4280.231647 1.00206374 0.00316078
4280.267340 1.00132811 0.00268420
4280.303034 0.99943335 0.00316262
4280.338728 1.00387801 0.00294727
4280.374422 1.00308961 0.00314194
4280.410117 1.00016626 0.00339937
4280.445812 0.99912015 0.00361254
4280.481507 0.99732777 0.00322526
4280.517202 0.99631219 0.00323559
4280.552898 0.99312623 0.00372404
4280.588594 0.99467707 0.00289017
4280.624291 0.99296738 0.00292042
4280.659987 0.99826142 0.00303713
4280.695684 0.99648571 0.00315838
4280.731382 0.99515040 0.00355418
4280.767079 0.99129904 0.00290819
4280.802777 0.99507341 0.00349240
4280.838475 0.99397064 0.00319545
4280.874174 0.99873472 0.00303658
4280.909873 0.99868488 0.00309055
4280.945572 0.99786517 0.00312331
4280.981271 0.99956221 0.00328771
4281.016971 0.99711974 0.00324590
4281.052671 0.99463011 0.00310825
4281.088371 0.99432444 0.00286638
4281.124072 1.00190442 0.00289035
4281.159773 0.99869243 0.00282580
4281.195474 0.99958349 0.00331586
4281.231175 0.99862681 0.00311244
4281.266877 1.00117465 0.00304567
4281.302579 1.00391289 0.00322776
4281.338282 1.00206971 0.00277439
4281.373984 0.99323802 0.00342240
4281.409687 0.99259237 0.00316804
4281.445390 0.99589937 0.00347371
4281.481094 0.99885854 0.00344188
4281.516798 0.99958810 0.00345698
4281.552502 0.99559151 0.00317829
4281.588206 1.00316202 0.00302262
4281.623911 0.99925325 0.00316575
4281.659616 1.00091079 0.00306002
4281.695322 1.00032117 0.00288628
4281.731027 0.99484445 0.00315685
4281.766733 0.99747034 0.00316901
4281.802439 0.99529189 0.00300526
4281.838146 1.00272999 0.00326175
4281.873853 0.99799744 0.00368843
4281.909560 0.99297969 0.00312433
4281.945267 0.99380607 0.00322227
4281.980975 0.99612419 0.00303805
4282.016683 0.99636698 0.00315676
4282.052391 0.99960826 0.00307495
4282.088100 0.99138887 0.00311948
4282.123809 0.99487743 0.00321195
4282.159518 0.99255213 0.00322179
4282.195228 0.99341975 0.00324161
4282.230938 0.99795286 0.00300554
4282.266648 1.00043936 0.00309595
4282.302358 0.99573044 0.00302264
4282.338069 0.99619110 0.00352841
4282.373780 0.99622370 0.00309203
4282.409491 0.99912422 0.00299314
4282.445203 0.99408847 0.00340938
4282.480915 0.99341115 0.00319922
4282.516627 0.99162295 0.00323969
4282.552339 0.99212704 0.00348340
4282.588052 0.99733315 0.00321734
4282.623765 1.00042753 0.00289276
4282.659479 0.99477268 0.00329903
4282.695192 0.99708174 0.00346455
4282.730906 0.99888927 0.00320015
4282.766620 1.00348786 0.00347659
4282.802335 0.99802383 0.00317789
4282.838050 0.99590214 0.00317811
4282.873765 0.99667744 0.00313280
4282.909481 1.00201706 0.00326488
4282.945196 0.99255661 0.00317216
4282.980912 0.99325600 0.00350925
4283.016629 0.99987531 0.00333062
4283.052345 1.00039896 0.00363794
4283.088062 0.99659949 0.00327742
4283.123780 1.00018615 0.00286351
4283.159497 1.00002208 0.00291456
4283.195215 0.99907124 0.00325083
4283.230933 0.99879512 0.00345070
4283.266652 0.99962452 0.00291034
4283.302370 0.99964435 0.00332229
4283.338089 1.00108259 0.00330886
4283.373809 0.99632552 0.00304056
4283.409528 0.99774651 0.00326468
4283.445248 0.99800417 0.00357281
4283.480969 0.99493972 0.00361650
4283.516689 0.99727486 0.00323771
4283.552410 0.99643881 0.00334873
4283.588131 0.99925276 0.00344744
4283.623853 1.00272109 0.00345713
4283.659574 1.00121127 0.00326296
4283.695296 0.99585712 0.00325910
4283.731019 0.99753976 0.00347219
4283.766741 0.99971216 0.00316212
4283.802464 0.99746558 0.00316642
4283.838187 0.99554251 0.00329134
4283.873911 0.99643292 0.00372582
4283.909635 0.99724683 0.00299563
4283.945359 0.99544608 0.00338795
4283.981083 0.99565177 0.00342095
4284.016808 0.99600551 0.00328189
4284.052533 0.99351199 0.00298077
4284.088258 0.99072291 0.00321862
4284.123984 0.99594055 0.00309507
4284.159710 0.98983817 0.00332462
4284.195436 0.98905775 0.00361131
4284.231162 0.98321980 0.00321182
4284.266889 0.98396739 0.00354143
4284.302616 0.98988862 0.00360041
4284.338344 0.98953563 0.00305710
4284.374071 0.98644545 0.00337065
4284.409799 0.99267347 0.00300126
4284.445528 0.99055497 0.00341948
4284.481256 0.98984902 0.00301900
4284.516985 0.98915947 0.00319218
4284.552714 0.98533197 0.00309813
4284.588444 0.98189596 0.00274019
4284.624174 0.99051292 0.00323619
4284.659904 0.98602888 0.00324402
4284.695634 0.98709893 0.00306759
4284.731365 0.98050474 0.00308357
4284.767096 0.98628115 0.00329908
4284.802827 0.98663074 0.00314372
4284.838558 0.98761001 0.00301471
4284.874290 0.98738817 0.00327556
4284.910022 0.98225387 0.00334086
4284.945755 0.98615516 0.00330376
4284.981488 0.98208126 0.00344203
4285.017221 0.98246004 0.00297592
4285.052954 0.98985564 0.00356540
4285.088688 0.98992516 0.00334742
4285.124422 0.99117998 0.00316652
4285.160156 0.99266125 0.00311069
4285.195890 0.99387279 0.00309686
4285.231625 0.99255513 0.00283799
4285.267360 0.99183702 0.00337737
4285.303096 0.98999751 0.00302819
4285.338832 0.98819796 0.00340997
4285.374568 0.98774781 0.00332164
4285.410304 0.99217376 0.00325437
4285.446041 0.98692674 0.00321234
4285.481777 0.99255101 0.00328445
4285.517515 0.99540148 0.00367068
4285.553252 0.98482126 0.00331748
4285.588990 0.98773634 0.00317668
4285.624728 0.98440769 0.00285012
4285.660467 0.98547016 0.00338100
4285.696205 0.99024568 0.00313288
4285.731944 0.99022824 0.00312014
4285.767684 0.99095582 0.00365522
4285.803423 0.99007835 0.00342697
4285.839163 0.99541127 0.00319660
4285.874903 0.98869722 0.00329803
4285.910644 0.99310603 0.00376352
4285.946385 0.99308914 0.00336493
4285.982126 1.00154372 0.00312704
4286.017867 1.00322306 0.00316639
4286.053609 0.99513191 0.00362958
4286.089351 0.99322119 0.00338889
4286.125093 0.99739160 0.00332996
4286.160836 0.99677889 0.00325305
4286.196578 0.99828569 0.00319582
4286.232322 0.99527044 0.00331656
4286.268065 0.99896263 0.00335044
4286.303809 0.99310146 0.00314504
4286.339553 0.99471389 0.00321539
4286.375297 0.99890149 0.00327377
4286.411042 0.99617047 0.00340355
4286.446787 0.99339395 0.00303838
4286.482532 0.99714062 0.00305175
4286.518278 0.99384297 0.00342091
4286.554024 0.99822931 0.00339487
4286.589770 0.99217261 0.00293289
4286.625516 0.99416868 0.00321522
4286.661263 0.99626857 0.00324830
4286.697010 0.99499074 0.00318746
4286.732757 0.99873024 0.00333101
4286.768505 1.00170002 0.00325497
4286.804253 0.99536444 0.00325705
4286.840001 0.99947401 0.00326434
4286.875750 0.99166047 0.00301330
4286.911499 0.99367516 0.00298674
4286.947248 0.99434730 0.00324005
4286.982997 0.99731546 0.00308247
4287.018747 0.99986566 0.00283346
4287.054497 1.00524025 0.00321352
4287.090247 0.99319206 0.00333456
4287.125998 0.99779786 0.00307696
4287.161749 1.00302995 0.00304131
4287.197500 0.99786886 0.00330490
4287.233252 0.99337854 0.00300246
4287.269004 0.99350913 0.00297903
4287.304756 0.99321631 0.00306093
4287.340508 0.99031335 0.00316386
4287.376261 0.99530203 0.00359746
4287.412014 0.99713235 0.00324689
4287.447767 0.99777520 0.00358774
4287.483521 1.00294756 0.00294065
4287.519275 0.99375946 0.00352461
4287.555029 0.99239647 0.00318444
4287.590783 0.99013889 0.00285987
4287.626538 0.99580736 0.00312551
4287.662293 0.99965605 0.00296888
4287.698049 1.00080817 0.00322006
4287.733804 0.99636317 0.00304776
4287.769560 0.99869619 0.00313493
4287.805317 0.99957825 0.00299337
4287.841073 0.99822846 0.00322709
4287.876830 0.99918536 0.00334432
4287.912587 0.99821191 0.00317043
4287.948345 0.99494537 0.00356833
4287.984103 0.99854806 0.00312923
4288.019861 0.99700994 0.00322627
4288.055619 0.99830164 0.00333720
4288.091378 0.99305708 0.00325887
4288.127137 0.99620581 0.00302245
4288.162896 0.99332102 0.00288775
4288.198656 0.99179438 0.00353497
4288.234416 0.99351999 0.00306169
4288.270176 0.99473940 0.00295048
4288.305936 0.99788771 0.00306549
4288.341697 1.00128240 0.00337137
4288.377458 0.99333050 0.00300820
4288.413219 0.99920253 0.00321398
4288.448981 1.00045581 0.00298764
4288.484743 0.99701011 0.00323797
4288.520505 1.00278606 0.00282758
4288.556268 0.99580505 0.00316777
4288.592031 0.99934063 0.00312941
4288.627794 1.00316412 0.00310509
4288.663557 0.99469208 0.00338229
4288.699321 0.99814374 0.00297916
4288.735085 0.99522462 0.00308694
4288.770850 0.99720145 0.00332966
4288.806614 1.00272933 0.00340928
4288.842379 0.99454758 0.00343218
4288.878144 0.99235567 0.00333446
4288.913910 0.99380343 0.00348594
4288.949676 0.99709042 0.00328465
4288.985442 0.99682935 0.00307354
4289.021208 0.99849571 0.00301668
4289.056975 0.99541966 0.00357083
4289.092742 0.99379557 0.00321891
4289.128509 0.99147703 0.00313921
4289.164277 0.99354241 0.00326703
4289.200045 0.99863926 0.00360375
4289.235813 1.00154193 0.00318176
4289.271582 0.99597726 0.00295772
4289.307351 0.99242873 0.00332654
4289.343120 1.00055347 0.00294764
4289.378889 1.00087549 0.00302718
4289.414659 1.00535775 0.00339371
4289.450429 0.99728088 0.00253394
4289.486199 0.99353671 0.00318426
4289.521970 0.99753012 0.00346914
4289.557741 0.99959146 0.00359095
4289.593512 0.99814803 0.00340927
4289.629283 0.99633053 0.00350826
4289.665055 0.99893775 0.00310862
4289.700827 0.99814573 0.00312039
4289.736600 0.99820228 0.00359575
4289.772372 0.99759617 0.00326578
4289.808145 0.99547954 0.00295870
4289.843919 1.00026634 0.00300251
4289.879692 0.99725468 0.00349937
4289.915466 0.99905028 0.00279510
4289.951240 0.99358377 0.00317155
4289.987015 0.99678404 0.00328797
4290.022790 0.99282499 0.00319106
4290.058565 0.99347891 0.00340401
4290.094340 0.99914987 0.00277804
4290.130116 0.99889259 0.00336756
4290.165892 0.99926343 0.00296014
4290.201668 0.99806044 0.00293352
4290.237445 0.99811970 0.00355642
4290.273222 0.99981438 0.00356680
4290.308999 0.99913166 0.00337733
4290.344776 0.99468895 0.00292147
4290.380554 0.99943739 0.00334467
4290.416332 0.99236236 0.00321879
4290.452110 0.99426049 0.00325884
4290.487889 1.00086684 0.00334619
4290.523668 0.99533159 0.00332623
4290.559447 0.99406048 0.00309891
4290.595227 0.99652663 0.00290110
4290.631007 0.99382940 0.00341064
4290.666787 0.99273731 0.00293392
4290.702567 0.99569467 0.00302704
4290.738348 0.99298560 0.00288441
4290.774129 0.99332332 0.00268549
4290.809911 0.99602810 0.00302332
4290.845692 1.00021567 0.00321304
4290.881474 0.99867880 0.00314682
4290.917256 1.00533823 0.00274081
4290.953039 1.00803747 0.00410969
4290.988822 1.00075214 0.00296675
4291.024605 0.99987840 0.00310881
4291.060388 0.99807056 0.00282335
4291.096172 0.99822813 0.00330618
4291.131956 0.99815136 0.00337541
4291.167740 0.99967187 0.00290366
4291.203525 0.99783750 0.00290281
4291.239310 0.99316612 0.00323194
4291.275095 0.99438436 0.00370758
4291.310881 0.99962736 0.00393867
4291.346667 1.00106262 0.00342668
4291.382453 0.99740231 0.00278541
4291.418239 0.99584713 0.00325539
4291.454026 0.99267830 0.00313589
4291.489813 0.99424747 0.00316788
4291.525600 0.99989991 0.00297011
4291.561388 0.99694503 0.00316079
4291.597176 0.99388385 0.00319334
4291.632964 0.99319918 0.00315741
4291.668753 0.99655069 0.00320579
4291.704541 1.00137868 0.00273620
4291.740330 0.99827214 0.00318652
4291.776120 0.99557141 0.00336261
4291.811910 0.99225649 0.00339902
4291.847700 0.99538442 0.00370577
4291.883490 0.99344698 0.00324974
4291.919281 0.99809270 0.00298056
4291.955071 0.99824769 0.00309365
4291.990863 0.99734051 0.00331488
4292.026654 0.99610759 0.00331497
4292.062446 0.99275775 0.00301481
4292.098238 0.99819569 0.00349083
4292.134030 1.00107783 0.00302300
4292.169823 1.00157747 0.00313454
4292.205616 0.99725346 0.00310337
4292.241409 0.99470064 0.00359028
4292.277203 0.99727742 0.00333351
4292.312997 1.00013555 0.00321036
4292.348791 0.99581938 0.00307293
4292.384586 0.99617762 0.00312745
4292.420380 0.99876086 0.00314844
4292.456175 0.99504172 0.00358922
4292.491971 0.99631292 0.00346536
4292.527766 1.00001502 0.00365998
4292.563562 0.99588509 0.00304385
4292.599359 0.99746232 0.00294566
4292.635155 0.99261767 0.00295527
4292.670952 0.99760843 0.00327716
4292.706749 0.99924143 0.00298907
4292.742547 0.99782485 0.00339835
4292.778345 0.99994874 0.00341338
4292.814143 0.99327055 0.00322909
4292.849941 1.00013771 0.00287580
4292.885740 1.00040518 0.00283206
4292.921539 0.99952910 0.00311584
4292.957338 1.00062957 0.00298425
4292.993137 0.99591982 0.00325624
4293.028937 0.99391011 0.00284522
4293.064737 1.00106940 0.00351215
4293.100538 1.00132493 0.00326937
4293.136339 1.00273253 0.00315988
4293.172140 1.00323304 0.00322335
4293.207941 0.99696389 0.00346391
4293.243743 0.99358112 0.00323996
4293.279545 0.99217170 0.00323801
4293.315347 0.99523052 0.00309460
4293.351149 0.99469593 0.00290309
4293.386952 0.99624613 0.00311956
4293.422755 0.99738545 0.00265939
4293.458559 0.99725415 0.00322838
4293.494363 0.99568169 0.00352079
4293.530167 0.99590840 0.00339336
4293.565971 0.99644644 0.00347877
4293.601776 0.99726281 0.00329452
4293.637581 0.99576490 0.00330962
4293.673386 1.00002585 0.00328562
4293.709191 1.00131789 0.00304967
4293.744997 0.99986528 0.00305385
4293.780803 0.99403683 0.00303994
4293.816610 0.99234127 0.00315805
4293.852416 0.99489606 0.00318402
4293.888224 0.99123731 0.00332942
4293.924031 0.99725347 0.00314355
4293.959838 0.99863165 0.00350667
4293.995646 0.99801467 0.00317627
4294.031455 0.99591902 0.00323878
4294.067263 0.99945599 0.00317062
4294.103072 0.99491223 0.00310950
4294.138881 0.99587165 0.00304221
4294.174690 0.99675435 0.00328876
4294.210500 1.00403164 0.00281055
4294.246310 0.99997871 0.00307613
4294.282120 0.99967363 0.00325170
4294.317931 0.99675486 0.00324580
4294.353742 0.99730586 0.00330985
4294.389553 0.99813989 0.00339639
4294.425365 0.99864567 0.00326618
4294.461176 0.99928428 0.00342651
4294.496989 0.99788338 0.00330771
4294.532801 0.99648296 0.00312847
4294.568614 0.99616676 0.00294576
4294.604427 0.99276551 0.00327173
4294.640240 0.99462571 0.00318712
4294.676054 0.99371402 0.00355319
4294.711867 0.99254892 0.00314212
4294.747682 0.99474496 0.00292190
4294.783496 1.00040742 0.00301082
4294.819311 0.99968088 0.00321833
4294.855126 1.00499662 0.00301080
4294.890941 1.00392784 0.00307035
4294.926757 1.00088237 0.00287008
4294.962573 0.99555401 0.00351517
4294.998389 1.00035718 0.00287410
4295.034206 0.99717511 0.00349415
4295.070023 0.99205617 0.00325198
4295.105840 0.99954048 0.00348080
4295.141657 0.99768153 0.00311056
4295.177475 0.99774972 0.00285121
4295.213293 0.99846120 0.00368135
4295.249112 0.99747963 0.00329732
4295.284930 0.99592455 0.00356161
4295.320749 0.99698971 0.00341534
4295.356569 0.99330976 0.00340383
4295.392388 0.99456062 0.00321346
4295.428208 0.99712094 0.00360051
4295.464028 0.99936220 0.00352955
4295.499849 1.00140650 0.00308151
4295.535669 0.99350314 0.00302610
4295.571491 0.99620081 0.00336791
4295.607312 0.99760218 0.00354160
4295.643134 0.99272451 0.00338690
4295.678955 0.99711243 0.00320008
4295.714778 1.00014934 0.00298362
4295.750600 0.99368423 0.00304587
4295.786423 0.99417462 0.00271054
4295.822246 0.99211947 0.00328510
4295.858070 1.00244548 0.00282749
4295.893893 0.99714518 0.00346349
4295.929718 0.99283730 0.00328119
4295.965542 1.00049739 0.00280654
4296.001367 1.00382700 0.00300902
4296.037191 0.99568556 0.00339651
4296.073017 0.99585397 0.00296564
4296.108842 0.98936315 0.00299605
4296.144668 0.99260200 0.00248246
4296.180494 0.99505927 0.00314861
4296.216321 0.99800568 0.00289089
4296.252147 0.99814899 0.00348424
4296.287974 0.99438941 0.00356974
4296.323802 0.99340412 0.00334331
4296.359629 0.99160803 0.00317981
4296.395457 0.99409317 0.00290608
4296.431286 0.99134678 0.00259966
4296.467114 0.98990177 0.00307899
4296.502943 0.99093581 0.00295686
4296.538772 0.99634122 0.00371960
4296.574602 0.99859980 0.00293902
4296.610431 1.00114670 0.00283383
4296.646261 1.00001891 0.00315271
4296.682092 0.99698080 0.00314395
4296.717922 0.99097539 0.00304993
4296.753753 0.99679527 0.00329271
4296.789584 0.99217733 0.00340685
4296.825416 0.99238289 0.00297821
4296.861248 0.99810495 0.00324035
4296.897080 0.99985589 0.00304322
4296.932912 0.99533361 0.00311941
4296.968745 0.99717600 0.00353911
4297.004578 0.99590646 0.00344564
4297.040411 0.99437777 0.00311486
4297.076245 0.99407307 0.00321647
4297.112079 0.99860186 0.00380239
4297.147913 0.99704896 0.00337431
4297.183747 0.99191042 0.00322157
4297.219582 0.99080875 0.00342669
4297.255417 0.99913033 0.00316616
4297.291253 0.99722015 0.00337162
4297.327088 1.00131945 0.00295283
4297.362924 0.99871549 0.00311245
4297.398761 0.99849312 0.00319627
4297.434597 0.99530777 0.00350059
4297.470434 0.99721638 0.00328737
4297.506271 0.99800904 0.00309936
4297.542109 0.99709138 0.00296099
4297.577947 1.00273889 0.00301337
4297.613785 0.99394872 0.00318293
4297.649623 0.99788800 0.00312945
4297.685462 0.99388646 0.00351234
4297.721301 0.99434376 0.00306359
4297.757140 0.99593769 0.00343571
4297.792980 0.99900897 0.00299883
4297.828820 0.99762551 0.00296606
4297.864660 0.99329093 0.00295580
4297.900500 0.99121902 0.00333134
4297.936341 0.99371703 0.00303982
4297.972182 0.99655133 0.00326398
4298.008024 0.99901921 0.00360316
4298.043865 0.99682065 0.00314663
4298.079707 0.99960917 0.00270125
4298.115550 0.99797220 0.00308954
4298.151392 0.99708830 0.00330892
4298.187235 0.99722186 0.00329816
4298.223078 0.99625963 0.00323457
4298.258922 0.99570703 0.00297233
4298.294765 0.99343160 0.00354345
4298.330609 0.99835801 0.00311834
4298.366454 0.99463187 0.00312516
4298.402298 0.99859123 0.00304103
4298.438143 0.99664814 0.00336577
4298.473989 0.99627975 0.00353765
4298.509834 0.99696418 0.00339691
4298.545680 0.99605658 0.00311339
4298.581526 0.99658203 0.00321453
4298.617373 0.99608397 0.00288135
4298.653220 0.99613907 0.00332344
4298.689067 0.99927443 0.00299019
4298.724914 0.99426196 0.00300049
4298.760762 0.99838299 0.00281319
4298.796610 0.99870071 0.00291653
4298.832458 0.99711435 0.00318769
4298.868306 0.99792369 0.00333831
4298.904155 0.99873131 0.00273886
4298.940004 0.99963951 0.00316567
4298.975854 1.00242106 0.00325627
4299.011704 1.00004994 0.00321205
4299.047554 0.99489418 0.00317678
4299.083404 1.00056301 0.00310246
4299.119255 1.00325064 0.00309735
4299.155106 0.99772630 0.00305677
4299.190957 0.99620888 0.00318159
4299.226808 1.00115133 0.00302616
4299.262660 0.99729076 0.00335611
4299.298512 0.99980954 0.00307389
4299.334365 0.99320980 0.00336283
4299.370217 0.99537182 0.00352503
4299.406071 1.00275282 0.00298336
4299.441924 0.99616732 0.00304841
4299.477778 0.99428819 0.00294282
4299.513631 0.99720134 0.00314642
4299.549486 0.99605317 0.00295411
4299.585340 0.99922333 0.00305177
4299.621195 1.00259858 0.00313769
4299.657050 0.99439392 0.00332621
4299.692906 0.99765001 0.00293624
4299.728761 0.99844387 0.00312658
4299.764617 0.99311234 0.00336246
4299.800474 0.99696057 0.00306996
4299.836330 0.99710263 0.00364203
4299.872187 0.99787649 0.00312716
4299.908044 1.00430642 0.00279650
4299.943902 1.00099701 0.00299518
4299.979760 0.99527089 0.00291113
4300.015618 0.99518426 0.00309752
4300.051476 0.99613850 0.00365641
4300.087335 0.99395399 0.00336025
4300.123194 0.99783645 0.00333008
4300.159053 0.99736757 0.00320841
4300.194913 0.99946324 0.00310179
4300.230773 1.00514751 0.00310647
4300.266633 0.99610498 0.00321444
4300.302494 0.99397032 0.00324919
4300.338354 0.98848381 0.00341577
4300.374216 0.99537318 0.00314756
4300.410077 0.99479821 0.00349855
4300.445939 1.00143152 0.00331868
4300.481801 0.99844679 0.00319199
4300.517663 0.99487001 0.00301810
4300.553526 0.99635342 0.00336316
4300.589389 0.99629681 0.00309209
4300.625252 0.99681385 0.00323673
4300.661115 0.99484097 0.00339646
4300.696979 0.99639324 0.00364688
4300.732843 0.99963676 0.00368000
4300.768708 0.99944661 0.00310681
4300.804572 0.99683846 0.00296590
4300.840437 0.99778470 0.00333082
4300.876303 0.99942093 0.00292072
4300.912168 1.00083743 0.00309295
4300.948034 0.99421289 0.00312876
4300.983900 0.99106008 0.00324318
4301.019767 1.00366233 0.00353354
4301.055634 0.99891409 0.00368788
4301.091501 0.99906241 0.00336098
4301.127368 0.99544719 0.00306888
4301.163236 0.99778057 0.00324740
4301.199104 0.99964836 0.00323623
4301.234972 1.00081083 0.00315523
4301.270841 1.00063898 0.00298291
4301.306709 1.00103084 0.00333414
4301.342579 1.00496276 0.00314744
4301.378448 0.99671886 0.00306884
4301.414318 0.99471134 0.00345731
4301.450188 0.99650130 0.00302486
4301.486058 0.99378318 0.00332792
4301.521929 0.99064927 0.00323410
4301.557800 0.99433508 0.00289066
4301.593671 1.00287485 0.00290558
4301.629543 1.00037234 0.00326018
4301.665415 0.99366110 0.00292865
4301.701287 0.99568214 0.00304964
4301.737159 0.99878387 0.00321181
4301.773032 0.99463531 0.00320861
4301.808905 0.99490826 0.00345093
4301.844779 0.99418149 0.00332487
4301.880652 0.99380125 0.00291507
4301.916526 0.99593597 0.00302029
4301.952401 0.99937116 0.00314869
4301.988275 0.99574268 0.00341865
4302.024150 1.00151657 0.00321654
4302.060025 0.99900365 0.00294390
4302.095901 0.99212138 0.00335542
4302.131776 0.99534793 0.00309043
4302.167652 0.99629573 0.00329104
4302.203529 0.99331492 0.00306455
4302.239406 0.99667026 0.00345617
4302.275282 0.99365536 0.00361899
4302.311160 0.99167481 0.00328879
4302.347037 0.99839799 0.00331751
4302.382915 1.00193628 0.00312693
4302.418793 0.99875434 0.00301446
4302.454672 0.99657841 0.00311635
4302.490551 0.99649242 0.00312640
4302.526430 0.99572770 0.00331175
4302.562309 0.99449741 0.00359082
4302.598189 0.99539630 0.00344781
4302.634069 0.99873007 0.00294807
4302.669949 0.99714142 0.00309945
4302.705829 0.99535556 0.00311098
4302.741710 0.99689333 0.00333141
4302.777591 0.99667990 0.00350132
4302.813473 0.99310419 0.00373175
4302.849355 0.99353736 0.00358900
4302.885237 0.99589327 0.00342671
4302.921119 0.99932432 0.00344905
4302.957002 1.00522714 0.00329078
4302.992885 1.00068477 0.00289865
4303.028768 0.99757242 0.00277341
4303.064651 0.99566580 0.00333562
4303.100535 0.99530608 0.00291846
4303.136419 0.99840739 0.00274091
4303.172304 0.99944426 0.00338625
4303.208189 0.99583291 0.00283629
4303.244074 0.99563317 0.00337367
4303.279959 0.99835982 0.00298641
4303.315845 0.99732910 0.00335583
4303.351731 0.98859794 0.00377024
4303.387617 0.99866970 0.00336353
4303.423503 0.99993054 0.00313198
4303.459390 0.99672320 0.00356107
4303.495277 0.99457083 0.00337008
4303.531165 0.99607373 0.00291344
4303.567052 0.99722493 0.00313540
4303.602941 0.99520279 0.00343724
4303.638829 1.00097670 0.00313641
4303.674717 0.99977453 0.00336451
4303.710606 0.99339122 0.00353232
4303.746496 0.99944546 0.00342473
4303.782385 1.00053336 0.00352320
4303.818275 0.99141484 0.00341208
4303.854165 0.99320160 0.00331398
4303.890056 0.99723528 0.00310485
4303.925946 0.99607858 0.00291805
4303.961837 0.99439491 0.00295486
4303.997729 0.99902413 0.00301778
4304.033620 0.99911865 0.00351985
4304.069512 0.99827829 0.00350332
4304.105404 0.99462523 0.00325725
4304.141297 0.99542586 0.00365524
4304.177190 0.99872736 0.00339218
4304.213083 0.99631609 0.00296734
4304.248976 0.99255597 0.00341813
4304.284870 0.98821758 0.00360799
4304.320764 0.99045812 0.00363481
4304.356658 0.99269191 0.00298778
4304.392553 0.99894129 0.00321288
4304.428448 0.99422792 0.00332473
4304.464343 0.99329018 0.00351122
4304.500239 0.99479667 0.00290775
4304.536135 1.00011330 0.00316507
4304.572031 0.99365267 0.00317371
4304.607927 0.99751899 0.00325089
4304.643824 0.99294001 0.00315924
4304.679721 0.99437605 0.00341393
4304.715618 0.99670872 0.00317685
4304.751516 0.99491408 0.00300636
4304.787414 0.99885717 0.00320010
4304.823312 0.99953839 0.00310108
4304.859210 0.99959915 0.00284058
4304.895109 0.99470243 0.00326738
4304.931008 0.99516346 0.00304610
4304.966908 0.99347534 0.00283862
4305.002807 0.99217259 0.00312457
4305.038707 0.99624719 0.00323594
4305.074608 0.99297235 0.00319091
4305.110508 0.99461027 0.00311204
4305.146409 0.99566695 0.00295558
4305.182310 0.99551183 0.00304881
4305.218212 0.99291576 0.00354004
4305.254114 0.99781431 0.00360060
4305.290016 0.99491526 0.00322965
4305.325918 0.99849218 0.00328411
4305.361821 0.99510259 0.00347538
4305.397724 0.99319969 0.00360678
4305.433627 0.99582068 0.00291629
4305.469531 0.99587700 0.00295712
4305.505435 0.99834562 0.00345427
4305.541339 0.99468365 0.00320177
4305.577243 0.99676962 0.00310473
4305.613148 0.99248456 0.00317744
4305.649053 0.99616641 0.00349746
4305.684959 0.99918170 0.00292378
4305.720864 0.99748481 0.00328412
4305.756770 1.00010338 0.00321911
4305.792677 0.99274593 0.00326550
4305.828583 0.99416477 0.00336945
4305.864490 0.99537691 0.00301194
4305.900397 0.99771359 0.00312738
4305.936305 0.99782664 0.00321891
4305.972213 0.99601671 0.00304090
4306.008121 0.98898610 0.00287999
4306.044029 0.99314784 0.00371480
4306.079938 0.99575027 0.00316696
4306.115847 0.99648083 0.00305420
4306.151756 0.99957906 0.00303872
4306.187666 0.99988223 0.00284455
4306.223576 1.00198701 0.00309284
4306.259486 0.99444897 0.00289073
4306.295396 0.99829158 0.00302042
4306.331307 1.00376320 0.00282750
4306.367218 0.99515330 0.00281205
4306.403130 0.99412388 0.00297952
4306.439041 0.99447045 0.00281489
4306.474953 0.99023053 0.00296160
4306.510866 0.99312133 0.00356901
4306.546778 0.99907817 0.00312580
4306.582691 1.00105387 0.00318482
4306.618604 0.99813820 0.00315449
4306.654518 0.99922008 0.00348218
4306.690431 0.99542970 0.00318046
4306.726346 0.99586430 0.00334283
4306.762260 0.99877628 0.00328722
4306.798175 1.00152903 0.00303269
4306.834090 0.99987151 0.00338078
4306.870005 0.99574142 0.00295118
4306.905920 0.99828689 0.00311704
4306.941836 0.99588449 0.00364351
4306.977752 0.99864979 0.00323460
4307.013669 0.99760593 0.00349613
4307.049586 1.00007444 0.00340162
4307.085503 0.99977784 0.00296264
4307.121420 1.00222103 0.00286463
4307.157338 1.00225643 0.00268018
4307.193256 0.99647228 0.00339311
4307.229174 1.00678265 0.00404611
4307.265093 0.99840284 0.00327248
4307.301012 1.00202392 0.00294561
4307.336931 1.00121330 0.00310300
4307.372850 1.00066613 0.00281578
4307.408770 0.99659872 0.00334412
4307.444690 1.00081933 0.00334503
4307.480610 1.00189444 0.00307513
4307.516531 0.99776772 0.00345109
4307.552452 0.99643850 0.00349076
4307.588373 0.99633504 0.00335023
4307.624295 1.00186168 0.00334750
4307.660217 1.00124224 0.00339295
4307.696139 0.99463850 0.00305851
4307.732061 1.00118096 0.00323029
4307.767984 1.00071643 0.00317528
4307.803907 1.00041344 0.00323408
4307.839831 0.99668191 0.00335541
4307.875754 0.99439980 0.00321451
4307.911678 0.99882134 0.00309126
4307.947603 0.99890256 0.00361743
4307.983527 0.99777035 0.00350381
4308.019452 0.99249814 0.00301917
4308.055377 0.99459056 0.00299399
4308.091303 0.99358567 0.00321277
4308.127228 0.99355170 0.00287833
4308.163154 0.99402740 0.00337736
4308.199081 0.98678110 0.00312345
4308.235007 0.98769847 0.00366513
4308.270934 0.99059971 0.00335344
4308.306862 0.99496174 0.00317778
4308.342789 1.00068160 0.00311945
4308.378717 0.99673429 0.00329978
4308.414645 0.99397412 0.00307042
4308.450574 0.99410035 0.00330596
4308.486502 0.99407771 0.00342497
4308.522432 0.99530183 0.00319712
4308.558361 0.99699023 0.00342290
4308.594291 0.99623396 0.00298139
4308.630221 0.99710152 0.00342720
4308.666151 1.00320174 0.00336513
4308.702081 0.99902260 0.00309851
4308.738012 0.99294997 0.00320358
4308.773943 0.99448738 0.00299378
4308.809875 0.99551936 0.00288790
4308.845807 0.99260996 0.00311080
4308.881739 0.99662443 0.00322098
4308.917671 0.99701922 0.00313237
4308.953604 0.99518337 0.00333881
4308.989537 0.99812603 0.00326934
4309.025470 0.99607371 0.00336326
4309.061403 0.99742822 0.00322104
4309.097337 0.99323471 0.00310780
4309.133271 0.98978682 0.00313354
4309.169206 0.99449053 0.00328240
4309.205141 0.99668561 0.00350189
4309.241076 0.99367994 0.00315435
4309.277011 0.99122594 0.00349022
4309.312947 0.99554617 0.00387441
4309.348883 0.99301931 0.00320456
4309.384819 0.99576534 0.00312366
4309.420755 0.99300921 0.00345261
4309.456692 0.99343597 0.00349980
4309.492629 0.99719929 0.00335887
4309.528567 0.98808887 0.00301517
4309.564505 0.99627792 0.00328169
4309.600443 1.00155036 0.00322324
4309.636381 0.99431314 0.00324476
4309.672320 0.99137444 0.00305921
4309.708259 0.98872641 0.00313123
4309.744198 0.99044674 0.00344444
4309.780137 0.99196484 0.00342035
4309.816077 0.98972584 0.00297835
4309.852017 0.99831961 0.00334301
4309.887958 0.99268499 0.00269260
4309.923899 0.99395280 0.00324708
4309.959840 0.99275686 0.00355114
4309.995781 0.99529933 0.00336601
4310.031723 0.99964899 0.00319152
4310.067665 0.99590336 0.00284612
4310.103607 0.99555320 0.00313612
4310.139549 0.99697271 0.00302860
4310.175492 0.99473599 0.00372192
4310.211435 0.99787706 0.00353182
4310.247379 0.99610713 0.00340328
4310.283323 0.99430694 0.00297626
4310.319267 0.99277339 0.00294566
4310.355211 0.99272749 0.00299616
4310.391156 0.99475330 0.00297677
4310.427101 0.99770947 0.00344916
4310.463046 0.99323975 0.00347085
4310.498991 0.99058058 0.00289446
4310.534937 0.99402831 0.00291620
4310.570883 0.99238360 0.00324320
4310.606830 0.99170412 0.00312810
4310.642776 0.99160014 0.00333994
4310.678724 0.99068080 0.00328670
4310.714671 0.98830799 0.00367323
4310.750619 0.99490129 0.00355877
4310.786566 0.99302346 0.00314518
4310.822515 0.99564474 0.00342330
4310.858463 0.99674234 0.00359812
4310.894412 0.99461809 0.00291399
4310.930361 0.99691589 0.00321626
4310.966311 0.99614771 0.00305309
4311.002260 0.99573102 0.00356025
4311.038210 0.99789025 0.00327363
4311.074161 0.99201110 0.00306916
4311.110111 0.99624846 0.00355484
4311.146062 0.99265126 0.00346349
4311.182014 0.99558722 0.00363651
4311.217965 0.99157237 0.00317211
4311.253917 0.99439487 0.00320096
4311.289869 0.99321299 0.00327984
4311.325822 0.99694679 0.00307095
4311.361774 0.99788295 0.00367880
4311.397727 0.99503694 0.00313955
4311.433681 0.99647483 0.00334350
4311.469634 0.99719991 0.00278832
4311.505588 0.99279821 0.00360052
4311.541542 0.99605902 0.00351772
4311.577497 0.99172816 0.00333868
4311.613452 0.99329750 0.00378189
4311.649407 0.99562520 0.00335654
4311.685362 0.99537402 0.00341203
4311.721318 0.99104120 0.00344947
4311.757274 0.99131859 0.00299551
4311.793231 1.00001971 0.00327365
4311.829187 0.99353553 0.00364450
4311.865144 0.99303794 0.00338497
4311.901101 0.99390861 0.00334741
4311.937059 0.99473226 0.00320506
4311.973017 0.99665661 0.00304344
4312.008975 1.00064875 0.00330761
4312.044933 0.99880971 0.00345873
4312.080892 0.99571483 0.00319352
4312.116851 0.99592006 0.00310241
4312.152810 0.99507400 0.00296466
4312.188770 0.99476728 0.00326261
4312.224730 0.99127322 0.00298588
4312.260690 0.99259950 0.00321609
4312.296651 0.99514012 0.00309160
4312.332612 0.99117436 0.00320963
4312.368573 0.99460867 0.00299122
4312.404534 0.99575315 0.00316048
4312.440496 0.98624977 0.00277001
4312.476458 0.99045836 0.00290701
4312.512420 0.99154563 0.00315367
4312.548383 0.99359309 0.00336667
4312.584346 0.99059485 0.00353884
4312.620309 0.99441627 0.00293726
4312.656273 0.99472598 0.00341741
4312.692236 0.98926305 0.00308406
4312.728200 0.99040407 0.00336235
4312.764165 0.99210650 0.00300803
4312.800130 0.98883726 0.00360826
4312.836095 0.98906061 0.00339114
4312.872060 0.99326820 0.00312553
4312.908026 0.99395803 0.00320692
4312.943992 0.99878388 0.00287554
4312.979958 0.99825805 0.00295260
4313.015924 0.99697633 0.00354226
4313.051891 0.99454663 0.00346024
4313.087858 0.99344949 0.00338648
4313.123826 0.98890792 0.00349933
4313.159793 0.98880081 0.00312603
4313.195761 0.99213976 0.00328134
4313.231730 0.98585116 0.00332733
4313.267698 0.99177125 0.00363974
4313.303667 0.99549941 0.00354727
4313.339637 0.99134249 0.00329406
4313.375606 0.98815012 0.00340306
4313.411576 0.99008210 0.00308159
4313.447546 0.99061405 0.00347199
4313.483517 0.98950104 0.00326440
4313.519487 0.98121416 0.00320886
4313.555458 0.98545736 0.00355014
4313.591430 0.98962142 0.00360146
4313.627401 0.98835217 0.00342498
4313.663373 0.98813125 0.00307714
4313.699345 0.99335223 0.00367262
4313.735318 0.99115830 0.00356204
4313.771291 0.99428448 0.00332686
4313.807264 0.99020787 0.00338933
4313.843237 0.98736947 0.00361010
4313.879211 0.98638239 0.00387870
4313.915185 0.98729307 0.00359021
4313.951159 0.98631312 0.00326216
4313.987134 0.98718453 0.00373678
4314.023109 0.98597538 0.00313716
4314.059084 0.98962444 0.00333303
4314.095060 0.99535798 0.00340527
4314.131036 0.99489572 0.00338961
4314.167012 0.98957371 0.00328576
4314.202988 0.98890104 0.00282851
4314.238965 0.98939299 0.00360163
4314.274942 0.99245650 0.00329674
4314.310919 0.99015304 0.00313392
4314.346897 0.98978019 0.00350059
4314.382875 0.99202759 0.00346061
4314.418853 0.99318880 0.00356886
4314.454832 0.98889903 0.00316895
4314.490810 0.98437802 0.00338971
4314.526790 0.98632678 0.00290886
4314.562769 0.98859931 0.00303994
4314.598749 0.98846446 0.00292615
4314.634729 0.98223290 0.00318273
4314.670709 0.98921698 0.00299880
4314.706690 0.98220935 0.00327241
4314.742671 0.98797343 0.00285834
4314.778652 0.99351699 0.00279228
4314.814633 0.99458335 0.00330013
4314.850615 0.98557557 0.00333244
4314.886597 0.99179878 0.00312342
4314.922580 0.99232275 0.00346311
4314.958562 0.98506542 0.00344665
4314.994546 0.98513088 0.00330973
4315.030529 0.98955920 0.00314835
4315.066512 0.98900180 0.00315153
4315.102496 0.98769103 0.00344143
4315.138481 0.98607920 0.00356306
4315.174465 0.98841102 0.00372217
4315.210450 0.99267835 0.00286055
4315.246435 0.99257334 0.00332852
4315.282421 0.99580624 0.00318133
4315.318406 0.99621825 0.00356067
4315.354392 0.99579168 0.00312798
4315.390379 0.99900740 0.00307730
4315.426365 0.99603761 0.00345298
4315.462352 0.99675785 0.00312644
4315.498339 0.99383428 0.00292968
4315.534327 0.99369395 0.00334727
4315.570315 0.99520274 0.00345962
4315.606303 0.99738749 0.00362698
4315.642291 0.99406298 0.00331319
4315.678280 0.99140274 0.00319590
4315.714269 0.99520220 0.00288013
4315.750258 0.99552558 0.00305319
4315.786248 0.99489817 0.00334693
4315.822238 0.99065769 0.00346758
4315.858228 0.99172447 0.00354461
4315.894219 0.99870082 0.00341024
4315.930210 0.99853977 0.00308819
4315.966201 0.99394082 0.00318041
4316.002192 0.99369499 0.00358959
4316.038184 0.99010986 0.00331043
4316.074176 0.99400248 0.00293575
4316.110168 0.98872356 0.00329143
4316.146161 0.98531933 0.00345833
4316.182154 0.98207705 0.00337790
4316.218147 0.98219746 0.00322844
4316.254141 0.98219188 0.00324293
4316.290135 0.97971400 0.00364525
4316.326129 0.97537396 0.00327215
4316.362123 0.97989266 0.00340031
4316.398118 0.97589250 0.00305854
4316.434113 0.98564322 0.00331667
4316.470108 0.97245915 0.00338435
4316.506104 0.96836798 0.00368483
4316.542100 0.97445960 0.00341226
4316.578096 0.97317333 0.00315158
4316.614093 0.97091541 0.00346882
4316.650089 0.96760740 0.00310042
4316.686087 0.96708117 0.00306607
4316.722084 0.97328635 0.00317396
4316.758082 0.96632741 0.00310595
4316.794080 0.97033361 0.00328354
4316.830078 0.96937297 0.00376083
4316.866077 0.96996225 0.00341667
4316.902076 0.96768982 0.00310762
4316.938075 0.97082255 0.00318008
4316.974074 0.97100015 0.00312069
4317.010074 0.97024490 0.00315892
4317.046074 0.96953679 0.00339983
4317.082075 0.96218437 0.00326569
4317.118076 0.96496758 0.00319800
4317.154077 0.96193751 0.00351463
4317.190078 0.96248211 0.00338537
4317.226080 0.96417339 0.00333182
4317.262082 0.96881749 0.00310609
4317.298084 0.96915585 0.00301184
4317.334086 0.96612989 0.00312007
4317.370089 0.96983158 0.00310937
4317.406092 0.96459238 0.00286734
4317.442096 0.97055922 0.00305525
4317.478099 0.96536291 0.00320577
4317.514104 0.97279737 0.00302680
4317.550108 0.97203560 0.00316914
4317.586113 0.96590490 0.00376470
4317.622117 0.96385536 0.00314278
4317.658123 0.97170690 0.00367020
4317.694128 0.97133151 0.00336804
4317.730134 0.97521672 0.00309969
4317.766140 0.97406941 0.00352246
4317.802147 0.97342590 0.00312516
4317.838153 0.97253119 0.00351696
4317.874160 0.97581797 0.00343689
4317.910168 0.98012839 0.00284351
4317.946175 0.97044350 0.00347403
4317.982183 0.97826858 0.00307627
4318.018192 0.97664930 0.00369414
4318.054200 0.98184972 0.00339073
4318.090209 0.98518489 0.00338696
4318.126218 0.98239149 0.00331151
4318.162228 0.98926970 0.00322935
4318.198237 0.98486333 0.00307734
4318.234247 0.98777832 0.00326302
4318.270258 0.99093308 0.00348106
4318.306268 0.99067111 0.00319243
4318.342279 0.99503055 0.00330546
4318.378291 0.99082295 0.00362029
4318.414302 0.99038479 0.00321243
4318.450314 0.98398801 0.00346542
4318.486326 0.98152308 0.00303561
4318.522339 0.98894410 0.00318519
4318.558351 0.98769559 0.00309584
4318.594364 0.98596309 0.00336334
4318.630378 0.98402179 0.00278911
4318.666391 0.97625302 0.00326813
4318.702405 0.97805377 0.00354273
4318.738420 0.98182651 0.00324033
4318.774434 0.98190703 0.00303675
4318.810449 0.97636750 0.00331529
4318.846464 0.97426721 0.00340822
4318.882480 0.97451930 0.00371026
4318.918495 0.97371877 0.00347799
4318.954511 0.96838717 0.00322159
4318.990528 0.96688523 0.00337492
4319.026544 0.96817902 0.00364722
4319.062561 0.96305339 0.00355474
4319.098579 0.96958629 0.00305228
4319.134596 0.96830226 0.00294651
4319.170614 0.96917648 0.00347623
4319.206632 0.96086347 0.00326030
4319.242651 0.96049763 0.00349653
4319.278669 0.96620561 0.00312191
4319.314688 0.96300998 0.00324953
4319.350708 0.95725764 0.00292214
4319.386727 0.95748463 0.00354622
4319.422747 0.95823250 0.00354482
4319.458768 0.96429962 0.00313934
4319.494788 0.96074695 0.00288601
4319.530809 0.95883917 0.00364216
4319.566830 0.96429592 0.00362280
4319.602852 0.96114156 0.00320994
4319.638874 0.96359419 0.00321250
4319.674896 0.96127400 0.00338613
4319.710918 0.95880250 0.00331808
4319.746941 0.95735877 0.00315832
4319.782964 0.96203587 0.00294656
4319.818987 0.96535195 0.00355477
4319.855010 0.96646544 0.00272745
4319.891034 0.95929564 0.00306100
4319.927058 0.96107558 0.00319752
4319.963083 0.96600224 0.00310009
4319.999108 0.96518313 0.00366888
4320.035133 0.96772209 0.00280281
4320.071158 0.96287079 0.00349625
4320.107184 0.96620185 0.00333152
4320.143210 0.96372114 0.00391219
4320.179236 0.96557242 0.00350145
4320.215263 0.97096361 0.00286051
4320.251289 0.96246041 0.00338975
4320.287317 0.96353949 0.00344441
4320.323344 0.97063051 0.00335215
4320.359372 0.97187076 0.00340355
4320.395400 0.96767186 0.00330066
4320.431428 0.96989651 0.00290807
4320.467457 0.97489562 0.00288257
4320.503486 0.97355771 0.00281771
4320.539515 0.98217593 0.00316051
4320.575545 0.98082789 0.00317053
4320.611575 0.98141390 0.00311158
4320.647605 0.98161678 0.00370799
4320.683635 0.98342482 0.00305639
4320.719666 0.98281949 0.00298724
4320.755697 0.98789675 0.00318101
4320.791728 0.98690679 0.00327247
4320.827760 0.98774885 0.00289394
4320.863792 0.98899872 0.00314173
4320.899824 0.99220134 0.00353060
4320.935857 0.99106408 0.00340089
4320.971890 0.98822867 0.00341198
4321.007923 0.98483507 0.00327363
4321.043957 0.99223568 0.00314804
4321.079990 0.99808070 0.00332316
4321.116024 0.98858874 0.00313772
4321.152059 0.98322472 0.00317521
4321.188093 0.99278815 0.00271860
4321.224128 0.98748326 0.00305256
4321.260164 0.99218059 0.00321247
4321.296199 0.98938943 0.00328476
4321.332235 0.99674334 0.00346878
4321.368271 0.99228833 0.00353970
4321.404308 0.99518654 0.00362285
4321.440345 0.99456076 0.00349409
4321.476382 0.99353001 0.00329101
4321.512419 0.99300900 0.00362961
4321.548457 0.98879346 0.00345280
4321.584495 0.99082547 0.00299409
4321.620533 0.98986260 0.00318517
4321.656572 0.99360193 0.00273990
4321.692610 0.99262995 0.00338468
4321.728650 0.99809430 0.00342273
4321.764689 0.99798838 0.00372320
4321.800729 0.99640417 0.00356199
4321.836769 0.99514994 0.00320162
4321.872809 0.99277189 0.00371304
4321.908850 0.99208652 0.00361418
4321.944891 0.99259130 0.00306287
4321.980932 0.99693374 0.00307649
4322.016974 0.98850488 0.00307381
4322.053016 0.99189995 0.00283846
4322.089058 0.99384417 0.00359687
4322.125101 0.99152413 0.00371593
4322.161143 0.99662882 0.00323545
4322.197186 0.98911673 0.00347205
4322.233230 0.99489409 0.00334103
4322.269274 0.99333134 0.00347280
4322.305318 0.99389361 0.00315672
4322.341362 0.98901646 0.00311920
4322.377406 0.98703044 0.00331053
4322.413451 0.99137159 0.00372614
4322.449497 0.98816091 0.00342131
4322.485542 0.99193912 0.00330751
4322.521588 0.99499811 0.00278932
4322.557634 0.99366509 0.00320755
4322.593680 0.98888876 0.00348182
4322.629727 0.98571581 0.00318672
4322.665774 0.99520505 0.00329115
4322.701821 0.99412940 0.00351410
4322.737869 0.99499939 0.00297781
4322.773917 0.99887128 0.00297727
4322.809965 0.99800921 0.00319423
4322.846014 0.99184324 0.00338975
4322.882062 0.99707290 0.00312905
4322.918111 0.99721179 0.00345308
4322.954161 0.99050961 0.00303836
4322.990211 0.99637026 0.00272735
4323.026261 0.99015557 0.00316673
4323.062311 0.99183219 0.00371207
4323.098362 0.99612485 0.00249664
4323.134412 0.99314836 0.00342030
4323.170464 0.99500509 0.00313002
4323.206515 0.99606835 0.00301592
4323.242567 0.99761954 0.00310725
4323.278619 0.99132585 0.00313340
4323.314671 0.99036723 0.00363513
4323.350724 0.99038069 0.00330537
4323.386777 0.99283752 0.00358895
4323.422831 0.99047049 0.00312724
4323.458884 0.99278758 0.00324259
4323.494938 0.98905991 0.00361320
4323.530992 1.00061823 0.00319347
4323.567047 0.99729597 0.00371955
4323.603102 0.99175647 0.00310737
4323.639157 0.98897582 0.00349879
4323.675212 0.99542765 0.00340273
4323.711268 0.99519928 0.00307455
4323.747324 0.99590595 0.00371031
4323.783380 0.98781815 0.00277363
4323.819437 0.99051642 0.00279568
4323.855494 0.99447406 0.00301361
4323.891551 0.99603026 0.00280412
4323.927609 0.99295299 0.00298035
4323.963666 0.98939224 0.00327395
4323.999724 0.99501241 0.00326136
4324.035783 0.99492582 0.00363934
4324.071842 0.99209630 0.00345472
4324.107901 0.99461141 0.00319292
4324.143960 0.99531212 0.00338303
4324.180020 0.98889573 0.00318062
4324.216080 0.99183563 0.00351254
4324.252140 0.98946039 0.00322762
4324.288200 0.98974223 0.00324885
4324.324261 0.98803641 0.00304517
4324.360322 0.98871066 0.00307231
4324.396384 0.98940706 0.00330520
4324.432445 0.99119081 0.00312682
4324.468507 0.98792887 0.00333043
4324.504570 0.98649998 0.00265113
4324.540632 0.99063306 0.00305216
4324.576695 0.98873018 0.00297343
4324.612759 0.98294361 0.00314038
4324.648822 0.97862874 0.00362943
4324.684886 0.98165107 0.00314908
4324.720950 0.98334547 0.00308018
4324.757015 0.97338716 0.00310069
4324.793079 0.97818571 0.00301760
4324.829144 0.97643861 0.00347446
4324.865210 0.97732806 0.00388943
4324.901275 0.97456796 0.00334510
4324.937341 0.96854850 0.00336015
4324.973408 0.97412062 0.00342554
4325.009474 0.97496660 0.00347882
4325.045541 0.97265406 0.00289251
4325.081608 0.96791429 0.00296732
4325.117676 0.96759361 0.00303331
4325.153743 0.96372959 0.00348163
4325.189811 0.96999215 0.00340751
4325.225880 0.97260441 0.00306280
4325.261948 0.97508558 0.00349044
4325.298017 0.97535895 0.00347568
4325.334087 0.96824329 0.00309931
4325.370156 0.97251618 0.00345719
4325.406226 0.97642276 0.00309798
4325.442296 0.96569136 0.00299726
4325.478367 0.96444148 0.00345156
4325.514437 0.96614573 0.00339073
4325.550508 0.96467275 0.00326487
4325.586580 0.96328286 0.00297434
4325.622651 0.96744601 0.00309540
4325.658723 0.96987578 0.00299039
4325.694796 0.96463934 0.00306376
4325.730868 0.96666168 0.00382555
4325.766941 0.96981952 0.00297504
4325.803014 0.96760559 0.00335375
4325.839088 0.96066477 0.00311820
4325.875161 0.96051796 0.00353301
4325.911236 0.96865788 0.00341954
4325.947310 0.97182946 0.00328129
4325.983385 0.97020569 0.00364168
4326.019460 0.97157272 0.00362761
4326.055535 0.96899067 0.00359168
4326.091610 0.96914907 0.00374609
4326.127686 0.96744282 0.00369680
4326.163762 0.97008752 0.00277507
4326.199839 0.96711628 0.00346450
4326.235916 0.96856317 0.00356758
4326.271993 0.96796192 0.00364612
4326.308070 0.97238603 0.00333599
4326.344148 0.97655637 0.00361651
4326.380226 0.97005165 0.00345954
4326.416304 0.96987930 0.00318814
4326.452383 0.97412179 0.00334285
4326.488461 0.96731934 0.00339226
4326.524541 0.96719463 0.00308590
4326.560620 0.96594400 0.00289956
4326.596700 0.96922223 0.00346855
4326.632780 0.97010745 0.00343928
4326.668860 0.97096996 0.00327656
4326.704941 0.97058668 0.00264641
4326.741022 0.97045032 0.00308062
4326.777103 0.97065226 0.00365895
4326.813185 0.97176155 0.00355527
4326.849267 0.96778248 0.00331244
4326.885349 0.97107524 0.00338599
4326.921432 0.97063475 0.00300823
4326.957514 0.96753274 0.00307266
4326.993597 0.96571174 0.00359964
4327.029681 0.96660639 0.00363143
4327.065764 0.96902542 0.00337523
4327.101848 0.96941815 0.00344842
4327.137933 0.97064632 0.00298708
4327.174017 0.96505069 0.00346738
4327.210102 0.96776213 0.00295034
4327.246187 0.96802473 0.00371563
4327.282273 0.96535998 0.00303018
4327.318359 0.96726153 0.00297928
4327.354445 0.96601398 0.00312209
4327.390531 0.96374667 0.00314114
4327.426618 0.96288690 0.00340040
4327.462705 0.96056643 0.00324163
4327.498792 0.95952729 0.00325661
4327.534880 0.95334317 0.00372541
4327.570968 0.95737034 0.00321399
4327.607056 0.95551623 0.00362229
4327.643145 0.95363696 0.00376934
4327.679233 0.95395670 0.00315726
4327.715322 0.95909707 0.00353497
4327.751412 0.95659941 0.00344570
4327.787502 0.95427207 0.00354766
4327.823592 0.95458484 0.00302125
4327.859682 0.95305551 0.00354287
4327.895772 0.95368960 0.00334450
4327.931863 0.95599549 0.00328840
4327.967955 0.95195852 0.00287915
4328.004046 0.95286938 0.00303175
4328.040138 0.95077621 0.00329325
4328.076230 0.95236195 0.00326121
4328.112323 0.95404989 0.00328170
4328.148415 0.95396719 0.00268989
4328.184508 0.96122215 0.00328877
4328.220602 0.95307939 0.00339415
4328.256695 0.95504169 0.00304335
4328.292789 0.95047840 0.00346364
4328.328883 0.95947908 0.00322293
4328.364978 0.95300589 0.00337727
4328.401073 0.95468060 0.00321702
4328.437168 0.95964356 0.00334632
4328.473263 0.95920892 0.00362620
4328.509359 0.96360476 0.00322423
4328.545455 0.96354928 0.00346707
4328.581551 0.95978295 0.00326892
4328.617648 0.95697546 0.00339259
4328.653745 0.96134174 0.00345406
4328.689842 0.95967317 0.00323894
4328.725940 0.96390210 0.00326902
4328.762038 0.95834691 0.00297070
4328.798136 0.96102770 0.00318549
4328.834234 0.96519969 0.00337627
4328.870333 0.96521803 0.00345362
4328.906432 0.96338084 0.00332056
4328.942531 0.96491514 0.00330463
4328.978631 0.96410260 0.00330959
4329.014731 0.96594190 0.00359902
4329.050831 0.96433276 0.00354273
4329.086932 0.96883043 0.00365962
4329.123033 0.97109961 0.00348507
4329.159134 0.97654360 0.00295662
4329.195235 0.97172607 0.00346421
4329.231337 0.97570389 0.00308269
4329.267439 0.97264314 0.00333089
4329.303541 0.97367289 0.00362368
4329.339644 0.97045996 0.00341254
4329.375747 0.96727272 0.00339726
4329.411850 0.97118744 0.00335247
4329.447954 0.97064867 0.00322223
4329.484058 0.97330702 0.00400129
4329.520162 0.97320269 0.00389598
4329.556266 0.97367524 0.00354867
4329.592371 0.97250762 0.00306856
4329.628476 0.97790376 0.00321062
4329.664581 0.97740378 0.00375061
4329.700687 0.97462434 0.00378552
4329.736793 0.96785265 0.00323682
4329.772899 0.97181582 0.00357886
4329.809006 0.97437600 0.00352033
4329.845113 0.97620653 0.00367980
4329.881220 0.97860331 0.00304911
4329.917327 0.97312029 0.00300077
4329.953435 0.97476799 0.00310437
4329.989543 0.97785599 0.00330614
4330.025652 0.97436555 0.00358688
4330.061760 0.97486751 0.00355162
4330.097869 0.97110959 0.00334407
4330.133979 0.97166325 0.00344305
4330.170088 0.97128135 0.00351891
4330.206198 0.96704169 0.00371221
4330.242308 0.96913713 0.00356980
4330.278419 0.97097279 0.00338918
4330.314529 0.97135855 0.00343582
4330.350641 0.96488509 0.00348615
4330.386752 0.96993096 0.00357524
4330.422864 0.96560478 0.00341679
4330.458976 0.96646392 0.00317811
4330.495088 0.96497383 0.00374570
4330.531200 0.95984501 0.00335073
4330.567313 0.96812768 0.00375962
4330.603427 0.96800768 0.00323170
4330.639540 0.96759520 0.00300173
4330.675654 0.96784104 0.00335535
4330.711768 0.96635784 0.00324476
4330.747882 0.96511074 0.00330823
4330.783997 0.96658832 0.00342327
4330.820112 0.96025100 0.00306492
4330.856227 0.96092009 0.00320532
4330.892343 0.96205077 0.00317050
4330.928459 0.95873704 0.00365893
4330.964575 0.95267700 0.00324256
4331.000692 0.96033608 0.00354198
4331.036808 0.95826316 0.00364837
4331.072926 0.95821223 0.00329072
4331.109043 0.95309992 0.00328511
4331.145161 0.95518311 0.00313606
4331.181279 0.95767585 0.00338576
4331.217397 0.94685201 0.00338028
4331.253516 0.95009076 0.00312069
4331.289634 0.95668875 0.00334538
4331.325754 0.95009081 0.00353199
4331.361873 0.95379809 0.00312885
4331.397993 0.95537475 0.00355811
4331.434113 0.95241421 0.00354063
4331.470234 0.95426302 0.00368360
4331.506354 0.95288523 0.00322024
4331.542475 0.94964216 0.00308559
4331.578597 0.95204376 0.00358251
4331.614718 0.95041509 0.00358615
4331.650840 0.94844425 0.00369363
4331.686962 0.94817695 0.00336077
4331.723085 0.94778820 0.00350897
4331.759208 0.94678011 0.00358119
4331.795331 0.94641282 0.00352704
4331.831454 0.94617686 0.00374671
4331.867578 0.94682300 0.00331478
4331.903702 0.94274120 0.00337095
4331.939827 0.94309626 0.00321550
4331.975951 0.94489700 0.00321731
4332.012076 0.94587105 0.00348682
4332.048201 0.94347803 0.00364471
4332.084327 0.94334439 0.00330496
4332.120453 0.94674219 0.00340583
4332.156579 0.94828831 0.00370780
4332.192705 0.94811501 0.00343821
4332.228832 0.94524083 0.00381133
4332.264959 0.94373742 0.00401988
4332.301086 0.94178028 0.00352039
4332.337214 0.94913463 0.00339371
4332.373342 0.94576477 0.00354548
4332.409470 0.94749165 0.00348895
4332.445599 0.94185046 0.00329121
4332.481728 0.94861750 0.00303451
4332.517857 0.94631538 0.00339138
4332.553986 0.94270480 0.00302775
4332.590116 0.94477294 0.00317913
4332.626246 0.94434446 0.00319552
4332.662377 0.94496876 0.00344134
4332.698507 0.94926776 0.00327451
4332.734638 0.95038626 0.00314272
4332.770769 0.94804039 0.00342446
4332.806901 0.95236777 0.00324102
4332.843033 0.95216576 0.00320250
4332.879165 0.94422703 0.00352947
4332.915298 0.94796475 0.00302544
4332.951430 0.94339697 0.00319635
4332.987563 0.93743774 0.00361561
4333.023697 0.94531973 0.00321586
4333.059830 0.94739615 0.00361560
4333.095964 0.94693188 0.00329640
4333.132099 0.94731516 0.00325047
4333.168233 0.94813365 0.00318588
4333.204368 0.94481505 0.00315976
4333.240503 0.94520259 0.00338659
4333.276639 0.94139919 0.00321731
4333.312775 0.94129834 0.00323581
4333.348911 0.94848308 0.00331438
4333.385047 0.94673603 0.00310807
4333.421184 0.94524380 0.00333502
4333.457321 0.93966877 0.00326854
4333.493458 0.94159480 0.00331006
4333.529596 0.94558895 0.00363278
4333.565734 0.94213627 0.00363063
4333.601872 0.94358710 0.00344340
4333.638010 0.94263789 0.00386294
4333.674149 0.93720153 0.00346744
4333.710288 0.93552637 0.00388361
4333.746428 0.93492276 0.00339774
4333.782567 0.93520275 0.00345900
4333.818707 0.93931830 0.00297365
4333.854848 0.93641568 0.00315180
4333.890988 0.93562620 0.00350552
4333.927129 0.93403918 0.00384633
4333.963270 0.93567478 0.00374213
4333.999412 0.93434863 0.00303945
4334.035554 0.93782359 0.00325703
4334.071696 0.93761468 0.00318362
4334.107838 0.93835101 0.00328282
4334.143981 0.92935620 0.00349098
4334.180124 0.92618368 0.00308978
4334.216267 0.92984293 0.00286553
4334.252411 0.93231379 0.00289461
4334.288555 0.93278833 0.00320268
4334.324699 0.92592297 0.00396251
4334.360844 0.92500961 0.00328956
4334.396988 0.92620320 0.00322006
4334.433134 0.92894065 0.00365027
4334.469279 0.92516635 0.00356335
4334.505425 0.92758051 0.00306800
4334.541571 0.92518909 0.00346315
4334.577717 0.91842819 0.00370635
4334.613864 0.92487426 0.00354034
4334.650011 0.92817889 0.00354340
4334.686158 0.92332933 0.00329148
4334.722305 0.92013379 0.00315049
4334.758453 0.91962116 0.00340377
4334.794601 0.91757872 0.00332629
4334.830750 0.91943182 0.00365631
4334.866899 0.91458067 0.00351386
4334.903048 0.91684094 0.00355099
4334.939197 0.91886086 0.00351988
4334.975347 0.91551619 0.00330563
4335.011497 0.91170519 0.00341194
4335.047647 0.91282012 0.00362601
4335.083797 0.90726717 0.00345203
4335.119948 0.91017613 0.00400098
4335.156099 0.90962700 0.00354011
4335.192251 0.90881162 0.00322684
4335.228403 0.90708371 0.00312301
4335.264555 0.90819185 0.00356201
4335.300707 0.90751771 0.00354905
4335.336860 0.90392957 0.00328683
4335.373013 0.89735698 0.00333278
4335.409166 0.89728974 0.00344482
4335.445320 0.89839123 0.00343556
4335.481473 0.90100306 0.00340892
4335.517628 0.90222969 0.00326248
4335.553782 0.90821685 0.00313901
4335.589937 0.90064917 0.00316579
4335.626092 0.89652046 0.00308164
4335.662247 0.89234925 0.00316002
4335.698403 0.89337773 0.00324274
4335.734559 0.89513256 0.00299986
4335.770715 0.89411893 0.00322538
4335.806872 0.88623391 0.00354951
4335.843029 0.88920386 0.00329301
4335.879186 0.89097860 0.00331139
4335.915343 0.89186966 0.00311719
4335.951501 0.88771348 0.00316763
4335.987659 0.88441571 0.00335602
4336.023818 0.88383378 0.00375887
4336.059976 0.88352659 0.00341750
4336.096135 0.87792471 0.00372455
4336.132295 0.87493509 0.00357155
4336.168454 0.87581344 0.00336591
4336.204614 0.87386858 0.00356551
4336.240774 0.87731202 0.00321465
4336.276935 0.87130233 0.00322060
4336.313096 0.86808382 0.00316362
4336.349257 0.87130133 0.00348248
4336.385418 0.86925953 0.00339869
4336.421580 0.86801781 0.00329510
4336.457742 0.86700695 0.00370610
4336.493904 0.86501918 0.00337357
4336.530067 0.85930500 0.00360570
4336.566230 0.85558089 0.00344581
4336.602393 0.85299802 0.00302083
4336.638557 0.85579749 0.00327575
4336.674720 0.85174404 0.00372025
4336.710885 0.84861091 0.00306592
4336.747049 0.85248118 0.00333397
4336.783214 0.84969203 0.00354656
4336.819379 0.85611763 0.00343234
4336.855544 0.84498851 0.00343520
4336.891710 0.84618278 0.00374984
4336.927876 0.84229667 0.00348606
4336.964042 0.83970922 0.00382192
4337.000208 0.83949537 0.00334373
4337.036375 0.83872270 0.00315765
4337.072542 0.83305728 0.00324332
4337.108710 0.83702588 0.00319271
4337.144878 0.83937508 0.00360896
4337.181046 0.83296972 0.00359940
4337.217214 0.82746532 0.00307028
4337.253383 0.82742523 0.00333106
4337.289552 0.82607006 0.00366912
4337.325721 0.82012132 0.00356173
4337.361890 0.82281346 0.00354947
4337.398060 0.81547695 0.00314007
4337.434230 0.81362353 0.00345661
4337.470401 0.81167345 0.00311912
4337.506572 0.80888338 0.00307352
4337.542743 0.80893364 0.00323213
4337.578914 0.80905243 0.00298705
4337.615086 0.80664642 0.00331946
4337.651258 0.80514089 0.00321390
4337.687430 0.79954509 0.00363481
4337.723603 0.79773800 0.00381544
4337.759775 0.79736872 0.00334957
4337.795949 0.79601775 0.00319491
4337.832122 0.79390695 0.00350609
4337.868296 0.78663710 0.00346388
4337.904470 0.78264562 0.00336754
4337.940644 0.78301721 0.00364460
4337.976819 0.78052673 0.00352332
4338.012994 0.78266531 0.00374342
4338.049169 0.77356261 0.00334743
4338.085345 0.77645680 0.00336832
4338.121521 0.77409444 0.00353293
4338.157697 0.76644133 0.00317256
4338.193873 0.76644670 0.00351023
4338.230050 0.76426146 0.00365649
4338.266227 0.75704754 0.00333605
4338.302405 0.75609773 0.00312439
4338.338582 0.75049614 0.00374648
4338.374760 0.74839275 0.00390021
4338.410939 0.74392846 0.00339782
4338.447117 0.74425519 0.00396003
4338.483296 0.73953547 0.00310253
4338.519475 0.73727767 0.00369670
4338.555655 0.72824192 0.00312080
4338.591835 0.73352077 0.00285448
4338.628015 0.73033673 0.00317057
4338.664195 0.72112269 0.00387342
4338.700376 0.72039507 0.00334330
4338.736557 0.71328801 0.00291445
4338.772738 0.71265166 0.00335766
4338.808920 0.70832274 0.00353503
4338.845102 0.70235128 0.00352457
4338.881284 0.70137788 0.00276748
4338.917467 0.69771634 0.00319489
4338.953649 0.69608900 0.00330960
4338.989833 0.69293280 0.00340689
4339.026016 0.68297226 0.00318679
4339.062200 0.67338021 0.00399686
4339.098384 0.66737462 0.00327263
4339.134568 0.66384917 0.00325202
4339.170753 0.66465746 0.00340884
4339.206938 0.66287873 0.00322860
4339.243123 0.65947023 0.00348216
4339.279308 0.65859138 0.00340796
4339.315494 0.65133150 0.00361490
4339.351680 0.64420982 0.00378382
4339.387867 0.63776450 0.00353109
4339.424054 0.62806054 0.00300816
4339.460241 0.63182702 0.00324228
4339.496428 0.62601162 0.00320773
4339.532616 0.62133994 0.00317938
4339.568804 0.61697462 0.00337929
4339.604992 0.61190734 0.00364430
4339.641180 0.60968144 0.00354125
4339.677369 0.60390779 0.00348133
4339.713559 0.59698267 0.00307212
4339.749748 0.59247217 0.00395512
4339.785938 0.59065656 0.00352940
4339.822128 0.58885225 0.00299670
4339.858318 0.58869849 0.00333849
4339.894509 0.58380269 0.00348332
4339.930700 0.58096826 0.00351318
4339.966891 0.57871987 0.00336664
4340.003083 0.57540053 0.00314690
4340.039275 0.56793918 0.00331718
4340.075467 0.56962778 0.00337799
4340.111659 0.56426664 0.00337076
4340.147852 0.57026609 0.00350853
4340.184045 0.56685625 0.00341643
4340.220239 0.56077027 0.00376101
4340.256432 0.55643559 0.00364092
4340.292626 0.55282159 0.00329072
4340.328820 0.55320613 0.00313219
4340.365015 0.55362703 0.00323946
4340.401210 0.55801914 0.00335364
4340.437405 0.56569437 0.00327943
4340.473601 0.55927042 0.00359060
4340.509796 0.55320004 0.00358816
4340.545993 0.55233406 0.00331892
4340.582189 0.55568885 0.00379884
4340.618386 0.55545358 0.00343931
4340.654583 0.55573932 0.00373528
4340.690780 0.55764716 0.00304511
4340.726978 0.56170495 0.00323954
4340.763176 0.56111179 0.00357350
4340.799374 0.56937393 0.00365597
4340.835572 0.57077533 0.00351357
4340.871771 0.56649788 0.00366596
4340.907970 0.57067644 0.00338308
4340.944170 0.57543856 0.00348347
4340.980369 0.58107954 0.00375666
4341.016569 0.57863474 0.00339845
4341.052770 0.58050763 0.00307719
4341.088970 0.58841223 0.00324165
4341.125171 0.58678695 0.00360971
4341.161373 0.58263399 0.00342865
4341.197574 0.59250946 0.00332383
4341.233776 0.59966108 0.00346571
4341.269978 0.60649103 0.00323806
4341.306181 0.61152807 0.00325795
4341.342383 0.61328690 0.00315873
4341.378586 0.61975902 0.00314249
4341.414790 0.62848969 0.00287150
4341.450993 0.62893238 0.00301135
4341.487197 0.62909351 0.00329186
4341.523402 0.63543498 0.00324415
4341.559606 0.63832415 0.00337351
4341.595811 0.64355947 0.00358241
4341.632016 0.64611597 0.00367268
4341.668222 0.65147115 0.00379552
4341.704427 0.65616095 0.00353135
4341.740633 0.66220898 0.00360327
4341.776840 0.66555621 0.00351753
4341.813047 0.66791569 0.00338507
4341.849253 0.67470614 0.00336915
4341.885461 0.67920573 0.00316322
4341.921668 0.68720918 0.00315023
4341.957876 0.68421682 0.00347677
4341.994084 0.69018412 0.00355400
4342.030293 0.69835499 0.00360574
4342.066502 0.70148984 0.00286616
4342.102711 0.70090713 0.00285867
4342.138920 0.70919081 0.00311288
4342.175130 0.71368946 0.00329242
4342.211340 0.71538409 0.00381820
4342.247550 0.72374247 0.00345129
4342.283761 0.72603854 0.00315068
4342.319972 0.72816920 0.00316018
4342.356183 0.73765735 0.00374429
4342.392394 0.73623641 0.00361798
4342.428606 0.73878064 0.00297585
4342.464818 0.74113145 0.00307931
4342.501031 0.74892657 0.00329162
4342.537243 0.75376737 0.00347804
4342.573456 0.75387553 0.00321863
4342.609670 0.75789367 0.00280986
4342.645883 0.75986898 0.00386146
4342.682097 0.75770150 0.00337352
4342.718311 0.76471345 0.00360783
4342.754526 0.76586429 0.00370683
4342.790741 0.76831648 0.00325294
4342.826956 0.77062832 0.00366719
4342.863171 0.77545233 0.00320032
4342.899387 0.77795749 0.00327392
4342.935603 0.78385168 0.00334526
4342.971819 0.79036051 0.00313548
4343.008036 0.78644942 0.00336660
4343.044253 0.78984375 0.00342692
4343.080470 0.79191433 0.00300074
4343.116688 0.79793180 0.00326188
4343.152906 0.80313629 0.00331847
4343.189124 0.80304688 0.00318543
4343.225342 0.80506984 0.00283388
4343.261561 0.80845258 0.00338159
4343.297780 0.81034041 0.00359337
4343.333999 0.81010079 0.00315371
4343.370219 0.80967417 0.00336317
4343.406439 0.81012614 0.00323713
4343.442659 0.82107340 0.00362373
4343.478880 0.82446843 0.00323138
4343.515101 0.82620538 0.00350075
4343.551322 0.82712187 0.00303881
4343.587543 0.82632978 0.00332076
4343.623765 0.82759279 0.00372664
4343.659987 0.82309737 0.00295645
4343.696210 0.83294940 0.00300427
4343.732432 0.83638074 0.00320493
4343.768655 0.83351271 0.00318812
4343.804879 0.83810451 0.00350693
4343.841102 0.84328657 0.00338772
4343.877326 0.84192591 0.00366599
4343.913550 0.84489460 0.00339564
4343.949775 0.84585261 0.00381893
4343.985999 0.84723706 0.00337438
4344.022225 0.84732781 0.00358167
4344.058450 0.85539134 0.00371394
4344.094676 0.85913159 0.00349099
4344.130902 0.85068942 0.00376223
4344.167128 0.85284826 0.00339688
4344.203355 0.85674582 0.00324137
4344.239581 0.86567921 0.00353698
4344.275809 0.86888646 0.00323358
4344.312036 0.86198282 0.00359656
4344.348264 0.85994307 0.00361705
4344.384492 0.86050529 0.00350140
4344.420721 0.86693045 0.00340590
4344.456949 0.87108466 0.00357342
4344.493178 0.86604549 0.00361085
4344.529408 0.86904446 0.00367278
4344.565637 0.86597249 0.00334963
4344.601867 0.86849702 0.00320031
4344.638097 0.86753384 0.00294120
4344.674328 0.87004332 0.00322367
4344.710559 0.87339222 0.00358542
4344.746790 0.87474260 0.00301740
4344.783021 0.87509463 0.00300566
4344.819253 0.87366993 0.00335056
4344.855485 0.87243660 0.00331530
4344.891717 0.87608643 0.00314350
4344.927950 0.87502988 0.00358682
4344.964183 0.87392632 0.00329931
4345.000416 0.87791274 0.00332722
4345.036650 0.87761360 0.00306902
4345.072884 0.87981784 0.00334063
4345.109118 0.88425395 0.00326446
4345.145352 0.88558363 0.00331750
4345.181587 0.87745323 0.00358551
4345.217822 0.88435732 0.00342206
4345.254058 0.88553161 0.00361549
4345.290293 0.88964573 0.00332258
4345.326529 0.88812661 0.00337125
4345.362765 0.89208786 0.00341019
4345.399002 0.89215308 0.00316405
4345.435239 0.89476651 0.00348722
4345.471476 0.89014525 0.00326140
4345.507714 0.89154622 0.00295648
4345.543951 0.89076398 0.00336015
4345.580189 0.89004503 0.00351056
4345.616428 0.89178678 0.00327174
4345.652667 0.89169928 0.00322602
4345.688906 0.88896726 0.00312913
4345.725145 0.89679931 0.00337255
4345.761384 0.89623130 0.00302862
4345.797624 0.90212262 0.00354866
4345.833865 0.90075584 0.00344488
4345.870105 0.89878864 0.00334028
4345.906346 0.90228647 0.00307004
4345.942587 0.90287927 0.00329603
4345.978828 0.90600717 0.00349573
4346.015070 0.91182380 0.00341947
4346.051312 0.90836932 0.00358230
4346.087554 0.91023847 0.00304641
4346.123797 0.91005672 0.00355083
4346.160040 0.91352927 0.00356608
4346.196283 0.91072231 0.00356487
4346.232527 0.91261932 0.00348240
4346.268771 0.91402982 0.00332300
4346.305015 0.90972399 0.00346634
4346.341259 0.91342930 0.00372907
4346.377504 0.90973149 0.00343117
4346.413749 0.90726229 0.00356578
4346.449994 0.91038789 0.00300007
4346.486240 0.91586420 0.00333359
4346.522486 0.91314825 0.00348055
4346.558732 0.90920244 0.00352988
4346.594979 0.90987107 0.00319390
4346.631225 0.91815187 0.00343737
4346.667473 0.91447705 0.00326375
4346.703720 0.92215430 0.00343245
4346.739968 0.91472759 0.00375993
4346.776216 0.91417197 0.00333043
4346.812464 0.91141000 0.00333519
4346.848713 0.91531961 0.00328299
4346.884962 0.91800423 0.00371094
4346.921211 0.92214704 0.00327195
4346.957461 0.92101340 0.00313559
4346.993711 0.91594249 0.00335838
4347.029961 0.92050506 0.00346186
4347.066211 0.92318963 0.00328560
4347.102462 0.91835751 0.00316491
4347.138713 0.91900956 0.00347176
4347.174965 0.92477288 0.00352532
4347.211216 0.91888469 0.00297789
4347.247468 0.92243389 0.00331121
4347.283720 0.92348253 0.00356243
4347.319973 0.92605794 0.00330441
4347.356226 0.92178252 0.00362064
4347.392479 0.91668539 0.00326364
4347.428733 0.92224443 0.00344224
4347.464986 0.91994429 0.00360273
4347.501241 0.92380587 0.00355373
4347.537495 0.92538617 0.00340894
4347.573750 0.92455680 0.00296775
4347.610005 0.92494863 0.00309720
4347.646260 0.92761104 0.00324386
4347.682516 0.93310517 0.00340907
4347.718772 0.92948568 0.00346522
4347.755028 0.92323455 0.00334318
4347.791284 0.92861300 0.00329551
4347.827541 0.93219653 0.00320332
4347.863798 0.93619087 0.00298068
4347.900056 0.93397405 0.00327716
4347.936313 0.93293230 0.00334281
4347.972571 0.93164717 0.00320341
4348.008830 0.93381411 0.00311116
4348.045088 0.94229375 0.00282285
4348.081347 0.94250441 0.00310702
4348.117607 0.93706808 0.00345958
4348.153866 0.93648027 0.00316446
4348.190126 0.93683308 0.00323087
4348.226386 0.94031574 0.00354083
4348.262647 0.94275277 0.00342059
4348.298907 0.93561528 0.00299564
4348.335168 0.94373261 0.00349724
4348.371430 0.94300304 0.00348141
4348.407692 0.93568144 0.00365478
4348.443953 0.94085785 0.00332289
4348.480216 0.93778445 0.00353061
4348.516478 0.94104969 0.00345377
4348.552741 0.93963767 0.00357221
4348.589004 0.93298574 0.00369891
4348.625268 0.93502357 0.00319215
4348.661532 0.93788375 0.00348502
4348.697796 0.93379274 0.00343925
4348.734060 0.93088430 0.00281153
4348.770325 0.92586487 0.00324156
4348.806590 0.92781314 0.00332463
4348.842855 0.92865545 0.00336730
4348.879121 0.93547632 0.00320014
4348.915387 0.93664672 0.00349299
4348.951653 0.92968581 0.00332945
4348.987919 0.93057917 0.00288536
4349.024186 0.92663122 0.00341684
4349.060453 0.92342130 0.00335667
4349.096721 0.92877267 0.00347689
4349.132988 0.92900203 0.00357918
4349.169256 0.92603754 0.00342996
4349.205525 0.92623671 0.00367136
4349.241793 0.92394909 0.00348666
4349.278062 0.92372060 0.00277886
4349.314331 0.92344474 0.00335850
4349.350601 0.92476719 0.00365433
4349.386871 0.92563742 0.00358775
4349.423141 0.92598228 0.00289540
4349.459411 0.91682874 0.00354392
4349.495682 0.92198255 0.00352594
4349.531953 0.92394105 0.00364116
4349.568224 0.92843338 0.00364295
4349.604496 0.92722139 0.00335032
4349.640768 0.92722282 0.00315771
4349.677040 0.92790209 0.00339402
4349.713313 0.93314444 0.00379007
4349.749586 0.92782000 0.00373131
4349.785859 0.92624281 0.00310113
4349.822132 0.92573038 0.00288540
4349.858406 0.92938785 0.00325996
4349.894680 0.93096786 0.00311356
4349.930955 0.93297540 0.00347586
4349.967229 0.93428262 0.00282968
4350.003504 0.93916880 0.00296382
4350.039779 0.94121377 0.00329167
4350.076055 0.93929583 0.00313440
4350.112331 0.93785747 0.00323588
4350.148607 0.93956269 0.00311054
4350.184884 0.93597891 0.00337813
4350.221160 0.93424118 0.00399684
4350.257437 0.93862317 0.00322627
4350.293715 0.94004913 0.00321468
4350.329993 0.93754205 0.00300560
4350.366271 0.93415184 0.00352152
4350.402549 0.93721127 0.00354397
4350.438827 0.94182099 0.00353113
4350.475106 0.94658365 0.00317592
4350.511386 0.94434536 0.00300695
4350.547665 0.94538967 0.00354438
4350.583945 0.94514986 0.00386142
4350.620225 0.94227874 0.00350154
4350.656505 0.94429398 0.00355979
4350.692786 0.94667201 0.00314498
4350.729067 0.94578696 0.00308950
4350.765349 0.95037485 0.00354856
4350.801630 0.94757583 0.00302378
4350.837912 0.94466607 0.00336063
4350.874194 0.94236595 0.00339939
4350.910477 0.94476012 0.00326881
4350.946760 0.94347892 0.00308796
4350.983043 0.94450566 0.00349754
4351.019326 0.94439086 0.00323808
4351.055610 0.94093792 0.00363873
4351.091894 0.94066891 0.00329116
4351.128178 0.93816503 0.00351955
4351.164463 0.94412341 0.00340859
4351.200748 0.94472528 0.00335707
4351.237033 0.94363508 0.00342630
4351.273319 0.94173219 0.00337202
4351.309605 0.93977561 0.00381110
4351.345891 0.94102557 0.00369218
4351.382177 0.94129285 0.00335669
4351.418464 0.93824785 0.00338851
4351.454751 0.93966903 0.00354408
4351.491039 0.94321400 0.00339921
4351.527326 0.93935487 0.00284171
4351.563614 0.93903323 0.00319994
4351.599903 0.94253310 0.00344931
4351.636191 0.94632475 0.00352610
4351.672480 0.94806161 0.00334200
4351.708769 0.95134451 0.00356664
4351.745059 0.95014582 0.00338886
4351.781349 0.95258252 0.00373136
4351.817639 0.94569050 0.00356814
4351.853929 0.94932717 0.00323861
4351.890220 0.95337682 0.00307354
4351.926511 0.95280708 0.00345030
4351.962802 0.95940379 0.00323243
4351.999094 0.95581890 0.00340995
4352.035386 0.95816283 0.00344290
4352.071678 0.96118196 0.00314314
4352.107970 0.95849131 0.00322209
4352.144263 0.95946108 0.00344601
4352.180556 0.96089749 0.00371755
4352.216850 0.96537471 0.00352039
4352.253143 0.97142091 0.00320127
4352.289437 0.96902333 0.00367625
4352.325732 0.97033844 0.00334361
4352.362026 0.97425736 0.00352429
4352.398321 0.97682422 0.00361102
4352.434617 0.97397322 0.00336482
4352.470912 0.97811654 0.00363179
4352.507208 0.98008101 0.00364713
4352.543504 0.98501802 0.00345426
4352.579801 0.98603021 0.00347491
4352.616097 0.98253868 0.00368673
4352.652394 0.97636307 0.00352193
4352.688692 0.98314445 0.00313864
4352.724990 0.99114676 0.00331403
4352.761287 0.98590108 0.00390122
4352.797586 0.98319682 0.00344650
4352.833884 0.98277848 0.00341888
4352.870183 0.98921393 0.00334969
4352.906482 0.98716804 0.00359818
4352.942782 0.98487731 0.00346194
4352.979082 0.98615503 0.00312698
4353.015382 0.99008196 0.00352655
4353.051682 0.98721569 0.00329120
4353.087983 0.98605766 0.00397636
4353.124284 0.98628887 0.00293302
4353.160585 0.98622395 0.00332138
4353.196887 0.99095445 0.00343377
4353.233189 0.99111139 0.00340350
4353.269491 0.99097577 0.00305160
4353.305793 0.98365943 0.00338904
4353.342096 0.98054286 0.00365651
4353.378399 0.99019426 0.00350093
4353.414703 0.98710680 0.00347555
4353.451006 0.98275514 0.00321113
4353.487310 0.98382430 0.00349844
4353.523615 0.98695702 0.00359866
4353.559919 0.98772452 0.00349865
4353.596224 0.98585130 0.00391680
4353.632530 0.98343693 0.00400159
4353.668835 0.98723393 0.00348716
4353.705141 0.99217178 0.00359486
4353.741447 0.98533647 0.00408980
4353.777754 0.98431186 0.00344123
4353.814060 0.98776511 0.00308826
4353.850367 0.99622222 0.00314408
4353.886675 0.99039431 0.00301386
4353.922982 0.98219568 0.00351349
4353.959290 0.98624666 0.00348807
4353.995599 0.98676383 0.00301796
4354.031907 0.98710708 0.00360009
4354.068216 0.98822458 0.00313566
4354.104525 0.98564006 0.00276431
4354.140835 0.98483163 0.00331301
4354.177144 0.98477413 0.00308172
4354.213455 0.98637603 0.00341601
4354.249765 0.98594009 0.00369626
4354.286076 0.99083817 0.00345987
4354.322387 0.98906145 0.00308441
4354.358698 0.98384039 0.00312755
4354.395009 0.98678678 0.00308633
4354.431321 0.99596042 0.00334888
4354.467634 0.99330760 0.00338063
4354.503946 0.98953905 0.00337854
4354.540259 0.99173981 0.00343291
4354.576572 0.99221879 0.00345615
4354.612885 0.98777393 0.00361066
4354.649199 0.98925882 0.00346782
4354.685513 0.98661417 0.00339166
4354.721827 0.98728883 0.00312028
4354.758142 0.98833039 0.00355414
4354.794457 0.98811059 0.00345537
4354.830772 0.99342011 0.00353316
4354.867088 0.99136346 0.00329456
4354.903404 0.99043828 0.00394687
4354.939720 0.99177791 0.00330523
4354.976036 0.99717221 0.00356642
4355.012353 0.99994687 0.00344317
4355.048670 1.00002495 0.00367173
4355.084987 0.99281789 0.00315536
4355.121305 0.98730835 0.00326242
4355.157623 0.98584651 0.00325289
4355.193941 0.99011418 0.00313406
4355.230260 0.99141269 0.00314832
4355.266579 0.98975920 0.00329249
4355.302898 0.98694106 0.00342651
4355.339217 0.98847220 0.00334135
4355.375537 0.99232565 0.00343029
4355.411857 0.98946329 0.00375669
4355.448177 0.98732611 0.00335314
4355.484498 0.98632704 0.00330882
4355.520819 0.99010682 0.00275612
4355.557140 0.98599727 0.00354949
4355.593462 0.98995446 0.00327674
4355.629784 0.98837816 0.00304353
4355.666106 0.98955805 0.00316819
4355.702429 0.99511856 0.00308905
4355.738751 0.99474879 0.00336955
4355.775074 0.98930015 0.00325129
4355.811398 0.98882561 0.00337944
4355.847722 0.99208258 0.00353039
4355.884046 0.99322642 0.00357792
4355.920370 0.98647632 0.00355853
4355.956695 0.99288472 0.00393218
4355.993019 0.99565039 0.00343774
4356.029345 0.99516796 0.00301743
4356.065670 0.99192981 0.00322559
4356.101996 0.98942809 0.00326535
4356.138322 0.98798523 0.00335945
4356.174649 0.98580775 0.00322188
4356.210975 0.98804262 0.00358688
4356.247302 0.98726215 0.00275536
4356.283630 0.99107480 0.00330797
4356.319957 0.98857082 0.00319963
4356.356285 0.98539536 0.00340742
4356.392614 0.98388757 0.00316686
4356.428942 0.98385917 0.00303367
4356.465271 0.98893453 0.00262779
4356.501600 0.99287741 0.00302879
4356.537930 0.98695841 0.00296493
4356.574259 0.99137029 0.00348087
4356.610589 0.99086016 0.00324662
4356.646920 0.99116245 0.00355151
4356.683251 0.99075344 0.00339134
4356.719581 0.99177406 0.00314399
4356.755913 0.98912987 0.00348534
4356.792244 0.98944647 0.00297776
4356.828576 0.99386965 0.00337743
4356.864908 0.99209042 0.00329259
4356.901241 0.98583498 0.00337432
4356.937574 0.98573729 0.00314617
4356.973907 0.99304716 0.00299751
4357.010240 0.99052819 0.00334964
4357.046574 0.98619641 0.00358514
4357.082908 0.99605849 0.00349795
4357.119242 0.99285925 0.00298918
4357.155577 0.99000506 0.00343780
4357.191912 0.99338278 0.00299134
4357.228247 0.99375690 0.00354346
4357.264583 0.98754743 0.00333509
4357.300918 0.98955200 0.00335899
4357.337254 0.99134934 0.00320170
4357.373591 0.99715922 0.00296612
4357.409928 0.99296084 0.00328862
4357.446265 0.99391908 0.00339192
4357.482602 0.99071728 0.00301849
4357.518940 0.99280918 0.00349442
4357.555278 0.99694416 0.00364570
4357.591616 0.99438890 0.00369023
4357.627954 0.99427743 0.00360139
4357.664293 0.99090539 0.00338338
4357.700632 0.99386917 0.00336947
4357.736972 0.99118548 0.00365707
4357.773312 0.98979376 0.00345903
4357.809652 0.99224341 0.00315123
4357.845992 0.99535918 0.00342205
4357.882333 0.99157903 0.00329791
4357.918674 0.99306663 0.00367864
4357.955015 0.99342378 0.00347506
4357.991357 0.99187700 0.00340330
4358.027699 0.99594540 0.00331329
4358.064041 0.99807339 0.00343458
4358.100383 0.99458228 0.00348645
4358.136726 0.99230422 0.00324561
4358.173069 0.98966642 0.00358918
4358.209413 0.99828136 0.00340519
4358.245756 0.99540473 0.00331655
4358.282100 0.99420577 0.00294923
4358.318445 0.99685958 0.00333847
4358.354789 0.98820025 0.00361015
4358.391134 0.99603631 0.00301587
4358.427479 0.99723540 0.00310395
4358.463825 0.99264485 0.00321936
4358.500171 0.99420431 0.00334758
4358.536517 0.99122718 0.00333795
4358.572863 0.99947541 0.00357331
4358.609210 0.99747093 0.00352618
4358.645557 0.99568314 0.00331985
4358.681904 0.99543127 0.00389176
4358.718252 0.99531601 0.00369216
4358.754600 0.99416125 0.00340539
4358.790948 0.99285477 0.00317487
4358.827297 0.98894232 0.00340285
4358.863646 0.99308625 0.00298565
4358.899995 0.99236167 0.00378626
4358.936344 0.99662850 0.00358442
4358.972694 0.99851822 0.00319807
4359.009044 0.99320237 0.00299528
4359.045394 0.99253141 0.00313704
4359.081745 0.99339748 0.00354695
4359.118096 0.99130925 0.00352363
4359.154447 0.98798269 0.00354772
4359.190799 0.99149221 0.00315111
4359.227151 0.99583141 0.00330389
4359.263503 0.99684621 0.00354614
4359.299856 0.99508451 0.00347894
4359.336208 0.99605544 0.00364809
4359.372561 0.99984802 0.00344301
4359.408915 1.00131941 0.00365116
4359.445269 0.99690620 0.00353791
4359.481623 0.99021082 0.00366503
4359.517977 0.99165060 0.00362454
4359.554332 0.99658334 0.00361348
4359.590686 0.99425827 0.00346943
4359.627042 0.98999921 0.00339362
4359.663397 0.98735318 0.00300813
4359.699753 0.99267469 0.00314652
4359.736109 0.99194251 0.00311924
4359.772466 0.99802779 0.00293775
4359.808822 0.99294229 0.00323156
4359.845179 0.99028482 0.00328250
4359.881537 0.99706951 0.00359795
4359.917894 1.00069102 0.00350603
4359.954252 0.98975192 0.00322724
4359.990611 0.98905190 0.00334495
4360.026969 0.98749160 0.00338779
4360.063328 0.98326473 0.00326838
4360.099687 0.98537443 0.00311936
4360.136047 0.98941722 0.00360852
4360.172406 0.98792688 0.00391168
4360.208766 0.98351890 0.00329807
4360.245127 0.98647318 0.00338345
4360.281488 0.98968140 0.00361894
4360.317849 0.98604793 0.00359422
4360.354210 0.99014952 0.00344315
4360.390571 0.99205562 0.00339994
4360.426933 0.98449636 0.00321077
4360.463296 0.99192621 0.00363924
4360.499658 0.99294549 0.00338183
4360.536021 0.98592191 0.00305427
4360.572384 0.99193638 0.00320121
4360.608747 0.98839742 0.00331797
4360.645111 0.98917767 0.00340888
4360.681475 0.98824838 0.00352753
4360.717839 0.98622064 0.00333997
4360.754204 0.98919911 0.00294278
4360.790569 0.98984291 0.00317875
4360.826934 0.98794099 0.00348511
4360.863300 0.98782517 0.00319181
4360.899666 0.98563378 0.00339812
4360.936032 0.98122442 0.00320188
4360.972398 0.98943461 0.00329308
4361.008765 0.98927781 0.00352216
4361.045132 0.99176124 0.00368843
4361.081499 0.99396346 0.00327254
4361.117867 0.98462959 0.00344007
4361.154235 0.98745474 0.00325450
4361.190603 0.98931333 0.00297298
4361.226972 0.98724722 0.00286893
4361.263341 0.98744320 0.00334708
4361.299710 0.98976783 0.00325270
4361.336079 0.98997370 0.00345806
4361.372449 0.98843723 0.00331439
4361.408819 0.99069635 0.00367005
4361.445189 0.99399494 0.00356264
4361.481560 0.98829281 0.00301805
4361.517931 0.98898211 0.00358377
4361.554302 0.99430513 0.00329677
4361.590674 0.98804523 0.00319630
4361.627046 0.98668051 0.00327594
4361.663418 0.98603571 0.00305118
4361.699791 0.99556670 0.00349200
4361.736163 0.99313715 0.00347326
4361.772537 0.99592424 0.00326238
4361.808910 0.99005460 0.00319242
4361.845284 0.99174206 0.00331824
4361.881658 0.99183039 0.00276253
4361.918032 0.99251610 0.00279908
4361.954407 0.98995874 0.00318407
4361.990782 0.99126398 0.00341108
4362.027157 0.99115889 0.00347368
4362.063532 0.99076017 0.00339586
4362.099908 0.99074786 0.00349040
4362.136284 0.98772794 0.00334994
4362.172661 0.98904943 0.00361557
4362.209038 0.99030395 0.00355186
4362.245415 0.99273814 0.00353072
4362.281792 0.99219126 0.00317681
4362.318170 0.99016610 0.00318362
4362.354548 0.98763818 0.00363429
4362.390926 0.99332729 0.00356245
4362.427305 0.99527244 0.00324907
4362.463683 0.99262838 0.00329703
4362.500063 0.99275995 0.00328672
4362.536442 0.99246785 0.00337477
4362.572822 0.98937827 0.00334267
4362.609202 0.98905228 0.00322005
4362.645582 0.99355827 0.00323291
4362.681963 0.99007536 0.00341854
4362.718344 0.98942680 0.00325474
4362.754725 0.98875026 0.00333907
4362.791107 0.99051765 0.00333251
4362.827489 0.98929063 0.00336719
4362.863871 0.99148841 0.00347432
4362.900254 0.99144436 0.00367104
4362.936636 0.99038326 0.00356978
4362.973020 0.99006589 0.00339442
4363.009403 0.99055859 0.00329548
4363.045787 0.99074932 0.00286506
4363.082171 0.98594547 0.00328678
4363.118555 0.98690516 0.00310308
4363.154940 0.99108740 0.00280620
4363.191325 0.99130807 0.00295765
4363.227710 0.98904297 0.00344266
4363.264096 0.98180459 0.00313089
4363.300481 0.98588872 0.00312544
4363.336868 0.98989993 0.00307891
4363.373254 0.99552271 0.00346044
4363.409641 0.99027133 0.00355137
4363.446028 0.99151038 0.00337349
4363.482415 0.99111521 0.00328832
4363.518803 0.99133494 0.00344084
4363.555191 0.99402205 0.00360040
4363.591579 0.98980874 0.00331014
4363.627968 0.99027094 0.00336463
4363.664357 0.98413096 0.00345863
4363.700746 0.98869571 0.00300766
4363.737135 0.98726128 0.00290558
4363.773525 0.99015410 0.00299554
4363.809915 0.99150127 0.00320810
4363.846306 0.99345760 0.00312754
4363.882696 0.98897443 0.00315695
4363.919087 0.98958851 0.00346931
4363.955479 0.99114555 0.00355231
4363.991870 0.99630088 0.00302685
4364.028262 0.99314004 0.00387262
4364.064655 0.99947484 0.00382625
4364.101047 0.98681119 0.00380956
4364.137440 0.98599537 0.00318549
4364.173833 0.99599848 0.00341332
4364.210226 0.99678019 0.00345499
4364.246620 0.99591319 0.00371209
4364.283014 0.99263712 0.00317436
4364.319409 0.99467981 0.00344174
4364.355803 0.98891926 0.00316601
4364.392198 0.99553337 0.00325580
4364.428594 1.00062592 0.00337136
4364.464989 0.99913560 0.00295457
4364.501385 0.99536195 0.00316207
4364.537781 0.99002620 0.00334695
4364.574178 0.99386031 0.00327667
4364.610574 0.99466488 0.00343207
4364.646971 0.99120118 0.00346005
4364.683369 0.99731578 0.00286135
4364.719767 0.99664789 0.00332919
4364.756165 0.99286850 0.00364977
4364.792563 0.99761710 0.00329608
4364.828961 0.99003926 0.00308113
4364.865360 0.99572880 0.00332570
4364.901760 0.99720158 0.00295869
4364.938159 0.99121652 0.00326838
4364.974559 0.99894521 0.00335082
4365.010959 0.99818199 0.00306770
4365.047359 0.99566589 0.00330054
4365.083760 0.99287524 0.00324624
4365.120161 0.99794379 0.00320024
4365.156563 1.00233319 0.00338837
4365.192964 0.99746040 0.00312896
4365.229366 0.99642196 0.00302041
4365.265768 0.99568805 0.00294604
4365.302171 0.99063937 0.00303031
4365.338574 0.99588411 0.00315943
4365.374977 0.99678608 0.00329838
4365.411380 0.99391616 0.00305758
4365.447784 0.99889765 0.00303316
4365.484188 0.99538216 0.00358067
4365.520593 0.99337497 0.00348303
4365.556997 0.99217712 0.00295613
4365.593402 0.99031297 0.00286855
4365.629808 0.99171936 0.00330499
4365.666213 0.99077100 0.00376354
4365.702619 0.98722504 0.00337400
4365.739025 0.99239970 0.00360651
4365.775432 0.99133644 0.00338430
4365.811839 0.99200026 0.00324672
4365.848246 0.98804414 0.00374258
4365.884653 0.98402896 0.00330310
4365.921061 0.98683862 0.00307395
4365.957469 0.98350872 0.00328314
4365.993877 0.98016402 0.00302055
4366.030286 0.97982059 0.00338247
4366.066695 0.97484630 0.00325373
4366.103104 0.97864950 0.00335599
4366.139513 0.97397192 0.00325673
4366.175923 0.97668643 0.00348196
4366.212333 0.97755134 0.00329438
4366.248744 0.97539196 0.00297946
4366.285155 0.97760372 0.00364574
4366.321566 0.97879264 0.00339083
4366.357977 0.97547465 0.00347903
4366.394389 0.96709908 0.00355392
4366.430801 0.96913679 0.00341436
4366.467213 0.97089074 0.00312996
4366.503625 0.97304343 0.00364509
4366.540038 0.97418535 0.00332889
4366.576451 0.97723686 0.00331329
4366.612865 0.97490475 0.00333950
4366.649279 0.97383225 0.00309312
4366.685693 0.96609173 0.00317810
4366.722107 0.96983961 0.00322932
4366.758522 0.96959590 0.00311056
4366.794937 0.96622813 0.00337018
4366.831352 0.96891643 0.00320307
4366.867768 0.97253807 0.00331693
4366.904184 0.96800825 0.00350699
4366.940600 0.96853525 0.00292402
4366.977016 0.96929426 0.00329262
4367.013433 0.97007392 0.00349154
4367.049850 0.97266162 0.00303563
4367.086268 0.97129416 0.00354763
4367.122686 0.96745426 0.00317092
4367.159104 0.97265469 0.00313263
4367.195522 0.97054523 0.00326769
4367.231941 0.97506889 0.00320902
4367.268359 0.96788601 0.00321678
4367.304779 0.97251193 0.00293316
4367.341198 0.97892399 0.00335964
4367.377618 0.97767818 0.00318967
4367.414038 0.97702076 0.00301837
4367.450459 0.97647614 0.00342960
4367.486880 0.97469188 0.00317814
4367.523301 0.97462021 0.00336854
4367.559722 0.98048485 0.00366205
4367.596144 0.97966951 0.00306294
4367.632566 0.97656268 0.00287544
4367.668988 0.97827797 0.00330955
4367.705411 0.97964958 0.00334740
4367.741833 0.97997763 0.00315047
4367.778257 0.98722559 0.00326126
4367.814680 0.98548027 0.00311690
4367.851104 0.98544263 0.00367388
4367.887528 0.98982690 0.00367151
4367.923952 0.98682818 0.00344851
4367.960377 0.98526182 0.00358840
4367.996802 0.98734208 0.00338245
4368.033228 0.99453164 0.00341188
4368.069653 0.99602855 0.00317373
4368.106079 0.99037027 0.00392237
4368.142505 0.99920648 0.00404682
4368.178932 0.99800391 0.00314412
4368.215359 0.99208283 0.00344087
4368.251786 0.99091855 0.00344774
4368.288213 0.99206039 0.00335023
4368.324641 0.99457145 0.00316718
4368.361069 0.99398765 0.00326397
4368.397497 0.99559767 0.00293192
4368.433926 0.99617785 0.00307335
4368.470355 0.99050811 0.00325224
4368.506784 0.98749712 0.00335375
4368.543214 0.99419405 0.00304657
4368.579644 0.99039587 0.00286827
4368.616074 0.99161822 0.00347728
4368.652505 0.99363541 0.00338825
4368.688935 0.99288639 0.00337116
4368.725366 0.99642546 0.00335824
4368.761798 0.99028443 0.00308998
4368.798230 0.98675248 0.00361826
4368.834662 0.98546515 0.00340179
4368.871094 0.98916760 0.00338113
4368.907526 0.98908206 0.00386902
4368.943959 0.98797682 0.00364891
4368.980393 0.99002371 0.00325965
4369.016826 0.99305139 0.00335164
4369.053260 0.99301748 0.00292233
4369.089694 0.99162082 0.00345733
4369.126129 0.99120091 0.00347633
4369.162563 0.99018568 0.00293500
4369.198998 0.99605462 0.00314114
4369.235434 0.99173178 0.00321087
4369.271869 0.98545365 0.00340240
4369.308305 0.98959065 0.00381780
4369.344742 0.98501529 0.00307958
4369.381178 0.98750755 0.00319183
4369.417615 0.99106106 0.00323949
4369.454052 0.98512950 0.00304312
4369.490490 0.98763569 0.00322732
4369.526927 0.98921745 0.00347232
4369.563365 0.98970188 0.00351969
4369.599804 0.98864396 0.00336182
4369.636243 0.98931315 0.00313805
4369.672682 0.98893049 0.00331827
4369.709121 0.99340589 0.00353781
4369.745560 0.99367070 0.00321927
4369.782000 0.99370517 0.00307076
4369.818441 0.98698313 0.00332645
4369.854881 0.99318003 0.00377017
4369.891322 0.99322940 0.00357560
4369.927763 0.99048397 0.00335458
4369.964204 0.99399528 0.00339158
4370.000646 0.99346442 0.00284509
4370.037088 0.99572166 0.00344610
4370.073531 0.99051836 0.00325712
4370.109973 0.98940565 0.00325680
4370.146416 0.99364524 0.00344947
4370.182859 0.99010190 0.00293356
4370.219303 0.99591861 0.00343122
4370.255747 0.99835076 0.00359976
4370.292191 0.99896913 0.00326620
4370.328635 0.99400826 0.00340367
4370.365080 0.99075794 0.00344831
4370.401525 0.99041304 0.00334017
4370.437971 1.00023976 0.00301417
4370.474416 0.99809798 0.00350986
4370.510862 0.99836239 0.00349836
4370.547309 1.00463788 0.00299458
4370.583755 1.00272259 0.00318627
4370.620202 0.99692632 0.00299293
4370.656649 0.98823786 0.00318803
4370.693097 0.99248078 0.00328211
4370.729545 0.99276253 0.00322873
4370.765993 0.99359610 0.00337673
4370.802441 0.99244501 0.00300465
4370.838890 0.99335776 0.00325229
4370.875339 0.98803595 0.00327356
4370.911788 0.99587880 0.00356513
4370.948238 0.99403822 0.00323539
4370.984688 0.99767571 0.00334546
4371.021138 0.99391871 0.00346082
4371.057589 0.99235550 0.00304843
4371.094039 0.99328306 0.00339014
4371.130491 0.99082499 0.00321120
4371.166942 0.99116476 0.00297798
4371.203394 0.99090769 0.00341833
4371.239846 0.99125388 0.00315267
4371.276298 0.99221557 0.00314298
4371.312751 0.99521304 0.00301230
4371.349204 0.99011173 0.00345624
4371.385657 0.99034920 0.00334276
4371.422111 0.99269944 0.00325429
4371.458565 0.98993132 0.00314430
4371.495019 0.98870034 0.00318608
4371.531473 0.99040965 0.00358450
4371.567928 0.98613236 0.00360991
4371.604383 0.98681831 0.00276672
4371.640839 0.98954429 0.00284444
4371.677294 0.98796676 0.00290702
4371.713750 0.98610556 0.00327494
4371.750207 0.97875903 0.00300597
4371.786663 0.98244614 0.00300407
4371.823120 0.98245618 0.00303291
4371.859577 0.98418352 0.00323050
4371.896035 0.98256994 0.00359240
4371.932493 0.98525006 0.00332989
4371.968951 0.98727584 0.00370605
4372.005409 0.98334779 0.00304597
4372.041868 0.98561072 0.00321200
4372.078327 0.98642660 0.00327272
4372.114787 0.98568978 0.00326418
4372.151246 0.98053883 0.00335191
4372.187706 0.98204757 0.00305610
4372.224167 0.98253039 0.00324531
4372.260627 0.98700812 0.00318550
4372.297088 0.98430095 0.00306550
4372.333549 0.98155713 0.00322039
4372.370011 0.98415735 0.00353939
4372.406472 0.98779302 0.00346392
4372.442935 0.98680827 0.00310901
4372.479397 0.99006688 0.00327254
4372.515860 0.98328324 0.00289732
4372.552323 0.98238151 0.00310849
4372.588786 0.98909332 0.00337483
4372.625250 0.98973402 0.00298989
4372.661714 0.98912785 0.00296680
4372.698178 0.98480230 0.00350779
4372.734642 0.98890876 0.00309015
4372.771107 0.98779036 0.00303071
4372.807572 0.99016116 0.00331856
4372.844038 0.98808149 0.00317802
4372.880503 0.98524793 0.00334087
4372.916969 0.99236484 0.00319021
4372.953436 0.99098379 0.00316303
4372.989902 0.99356686 0.00283559
4373.026369 0.99180646 0.00297464
4373.062837 0.99509795 0.00353332
4373.099304 0.99479626 0.00341715
4373.135772 0.99535181 0.00312274
4373.172240 0.99730559 0.00356541
4373.208709 0.99692573 0.00317230
4373.245178 0.99435686 0.00375309
4373.281647 0.99282639 0.00322232
4373.318116 1.00317651 0.00275746
4373.354586 0.99706113 0.00307328
4373.391056 0.99524940 0.00307443
4373.427526 0.99040582 0.00291140
4373.463997 0.99457153 0.00291940
4373.500468 0.98837511 0.00324383
4373.536939 0.99781777 0.00303441
4373.573410 0.99728035 0.00325725
4373.609882 0.99627705 0.00339384
4373.646354 0.99922806 0.00348810
4373.682827 0.99260626 0.00341081
4373.719300 0.99719019 0.00337011
4373.755773 0.99724250 0.00329376
4373.792246 0.99891759 0.00337516
4373.828720 0.99242039 0.00325088
4373.865194 0.99682595 0.00356320
4373.901668 0.99883604 0.00336862
4373.938142 0.99408066 0.00362841
4373.974617 0.98890999 0.00367535
4374.011092 0.99828755 0.00329405
4374.047568 0.99313521 0.00326703
4374.084044 0.98828168 0.00328513
4374.120520 0.99294764 0.00342062
4374.156996 0.99545597 0.00342790
4374.193473 0.99199518 0.00320807
4374.229950 0.99125945 0.00332213
4374.266427 0.98933064 0.00317033
4374.302905 0.98985354 0.00343191
4374.339383 0.98729138 0.00356143
4374.375861 0.98732838 0.00350161
4374.412339 0.99357277 0.00342555
4374.448818 0.99143963 0.00355602
4374.485297 0.99255624 0.00345642
4374.521777 0.98537664 0.00315241
4374.558257 0.98981135 0.00340831
4374.594737 0.99461987 0.00326263
4374.631217 0.99168643 0.00336038
4374.667698 0.99125912 0.00343391
4374.704179 0.98935200 0.00347129
4374.740660 0.99208055 0.00326314
4374.777141 0.99054844 0.00319406
4374.813623 0.99253908 0.00352084
4374.850105 0.98845666 0.00290485
4374.886588 0.98418536 0.00313952
4374.923071 0.98659672 0.00343473
4374.959554 0.98805431 0.00322941
4374.996037 0.99021818 0.00348681
4375.032521 0.98688231 0.00333311
4375.069005 0.98754209 0.00317125
4375.105489 0.99293503 0.00342560
4375.141974 0.99309731 0.00333783
4375.178459 0.98916850 0.00311129
4375.214944 0.98809909 0.00355810
4375.251429 0.98816733 0.00335370
4375.287915 0.98666127 0.00306384
4375.324401 0.99033168 0.00303031
4375.360888 0.99048497 0.00289749
4375.397374 0.99241666 0.00352708
4375.433861 0.99385901 0.00322349
4375.470349 0.99379649 0.00348611
4375.506836 0.99318783 0.00307406
4375.543324 0.98911090 0.00361242
4375.579813 0.98773473 0.00336705
4375.616301 0.99228155 0.00311009
4375.652790 0.99370570 0.00305381
4375.689279 0.99256410 0.00336415
4375.725769 0.99390094 0.00306286
4375.762259 0.99273203 0.00313836
4375.798749 0.99582748 0.00344790
4375.835239 0.99429428 0.00319589
4375.871730 0.99529413 0.00362155
4375.908221 0.99195093 0.00313555
4375.944712 0.99206475 0.00361302
4375.981204 0.99367772 0.00353304
4376.017695 0.99879961 0.00322441
4376.054188 0.99622344 0.00346306
4376.090680 0.99865611 0.00325914
4376.127173 0.99212717 0.00312515
4376.163666 0.99149131 0.00327537
4376.200160 0.99057152 0.00308656
4376.236653 0.99640431 0.00314969
4376.273147 0.99643814 0.00343698
4376.309642 0.99736373 0.00333647
4376.346136 0.99679067 0.00309559
4376.382631 1.00183857 0.00313273
4376.419127 1.00018581 0.00372770
4376.455622 1.00181759 0.00323704
4376.492118 0.99371055 0.00297821
4376.528614 0.99279762 0.00344238
4376.565111 0.99597428 0.00341967
4376.601607 0.99717939 0.00339903
4376.638104 0.99528156 0.00300440
4376.674602 0.99799324 0.00305996
4376.711100 0.99737669 0.00347044
4376.747598 0.99529763 0.00334437
4376.784096 0.99553224 0.00299820
4376.820594 1.00004784 0.00328154
4376.857093 0.99686122 0.00356913
4376.893593 0.99836424 0.00332101
4376.930092 1.00071945 0.00326450
4376.966592 1.00232976 0.00305896
4377.003092 0.99541195 0.00314777
4377.039592 1.00185262 0.00345066
4377.076093 1.00199986 0.00334147
4377.112594 1.00124803 0.00296031
4377.149096 1.00222721 0.00330008
4377.185597 0.99640803 0.00316953
4377.222099 0.99811057 0.00301774
4377.258601 0.99686440 0.00355235
4377.295104 0.99660987 0.00272214
4377.331607 0.99917790 0.00298241
4377.368110 0.99837417 0.00276226
4377.404613 0.99483102 0.00277247
4377.441117 0.99755536 0.00341137
4377.477621 1.00243298 0.00303407
4377.514126 0.99782909 0.00344358
4377.550630 0.99347966 0.00341918
4377.587135 0.99796519 0.00316551
4377.623641 1.00145378 0.00310020
4377.660146 0.99782703 0.00313626
4377.696652 0.99671178 0.00361588
4377.733158 0.99791275 0.00314392
4377.769665 0.99393354 0.00363315
4377.806172 0.99367290 0.00397291
4377.842679 0.99477227 0.00324167
4377.879186 0.99777873 0.00331128
4377.915694 0.99418588 0.00352233
4377.952202 0.99201055 0.00324456
4377.988710 0.98740784 0.00319327
4378.025219 0.98506780 0.00287761
4378.061728 0.98898196 0.00346096
4378.098237 0.98689092 0.00317371
4378.134747 0.98352567 0.00338995
4378.171257 0.98057117 0.00315524
4378.207767 0.98416956 0.00308810
4378.244277 0.98082221 0.00331013
4378.280788 0.97217775 0.00288151
4378.317299 0.98025432 0.00364363
4378.353811 0.97023706 0.00333624
4378.390322 0.96957925 0.00352167
4378.426834 0.97049637 0.00390328
4378.463347 0.96772081 0.00365726
4378.499859 0.96605600 0.00297448
4378.536372 0.96841672 0.00334441
4378.572885 0.96504480 0.00301187
4378.609399 0.96743469 0.00344227
4378.645913 0.96607802 0.00361358
4378.682427 0.95910794 0.00330937
4378.718941 0.95941048 0.00380549
4378.755456 0.95643438 0.00347721
4378.791971 0.95708554 0.00320727
4378.828486 0.95993854 0.00356366
4378.865002 0.96219403 0.00358603
4378.901518 0.95238856 0.00306454
4378.938034 0.95261369 0.00294899
4378.974551 0.95483712 0.00313022
4379.011068 0.95664973 0.00312790
4379.047585 0.95231661 0.00318609
4379.084102 0.95364144 0.00306961
4379.120620 0.95672748 0.00320584
4379.157138 0.95822935 0.00326522
4379.193657 0.95944082 0.00302371
4379.230175 0.95641176 0.00313290
4379.266694 0.95294592 0.00305565
4379.303214 0.95135533 0.00343811
4379.339733 0.95391922 0.00319565
4379.376253 0.95668035 0.00318046
4379.412773 0.95794759 0.00337888
4379.449294 0.95673460 0.00353312
4379.485815 0.95596253 0.00342759
4379.522336 0.95901137 0.00351974
4379.558857 0.95651980 0.00321615
4379.595379 0.96095535 0.00349367
4379.631901 0.96179256 0.00326778
4379.668423 0.95846716 0.00286672
4379.704946 0.96805597 0.00324301
4379.741469 0.96152939 0.00341438
4379.777992 0.96471020 0.00340463
4379.814516 0.96684873 0.00288197
4379.851040 0.97320909 0.00318531
4379.887564 0.97601744 0.00329970
4379.924088 0.97417130 0.00340340
4379.960613 0.96861005 0.00319144
4379.997138 0.96365516 0.00298233
4380.033664 0.97448510 0.00323110
4380.070189 0.97898972 0.00331038
4380.106715 0.97960444 0.00313970
4380.143242 0.98256615 0.00317019
4380.179768 0.98627080 0.00320050
4380.216295 0.98733726 0.00329434
4380.252822 0.98659705 0.00342446
4380.289350 0.98710642 0.00326819
4380.325878 0.99086985 0.00326409
4380.362406 0.98841802 0.00314915
4380.398934 0.98832198 0.00324772
4380.435463 0.99422809 0.00359775
4380.471992 0.99754177 0.00364243
4380.508522 0.99284575 0.00330405
4380.545051 0.99553841 0.00318648
4380.581581 0.99543353 0.00305466
4380.618111 0.99027343 0.00290470
4380.654642 0.99831919 0.00344168
4380.691173 0.99852468 0.00303420
4380.727704 0.99136841 0.00338425
4380.764236 0.99510937 0.00305451
4380.800767 0.98819455 0.00348078
4380.837299 0.99597719 0.00324852
4380.873832 0.99628162 0.00331141
4380.910365 0.99813064 0.00344625
4380.946898 0.99965491 0.00337483
4380.983431 0.99788929 0.00310252
4381.019965 1.00270280 0.00256499
4381.056498 1.00425313 0.00318280
4381.093033 1.00124049 0.00293626
4381.129567 0.99555488 0.00296623
4381.166102 0.99112921 0.00334517
4381.202637 0.99423689 0.00340465
4381.239173 0.99640443 0.00329642
4381.275708 0.99389582 0.00332057
4381.312244 0.99544174 0.00312720
4381.348781 0.99134107 0.00314079
4381.385318 0.99452656 0.00341626
4381.421854 0.99279477 0.00286509
4381.458392 0.99102051 0.00266782
4381.494929 0.99711326 0.00303266
4381.531467 0.99849199 0.00306520
4381.568005 0.99401907 0.00348352
4381.604544 0.99737329 0.00341076
4381.641083 0.99662990 0.00340639
4381.677622 0.99659692 0.00317215
4381.714161 0.99919159 0.00295458
4381.750701 0.99433768 0.00311803
4381.787241 0.99304052 0.00360480
4381.823781 0.99672246 0.00387362
4381.860322 0.99893084 0.00315736
4381.896863 0.99917506 0.00312272
4381.933404 0.99812176 0.00333638
4381.969946 0.99213759 0.00342125
4382.006487 0.99411952 0.00338666
4382.043030 0.99314837 0.00355565
4382.079572 0.99309175 0.00325955
4382.116115 0.99037402 0.00357893
4382.152658 0.99345909 0.00330624
4382.189201 0.99588866 0.00327003
4382.225745 0.98877515 0.00345265
4382.262289 0.99236267 0.00332654
4382.298833 1.00020762 0.00346445
4382.335378 0.99615632 0.00340358
4382.371923 0.99636454 0.00327030
4382.408468 0.99373259 0.00345474
4382.445013 0.99376553 0.00357511
4382.481559 0.99237988 0.00323502
4382.518105 0.98906017 0.00321489
4382.554652 0.98506162 0.00302065
4382.591199 0.99122901 0.00304470
4382.627746 0.99250538 0.00319699
4382.664293 0.99450662 0.00341296
4382.700841 0.98960025 0.00333288
4382.737388 0.99512839 0.00349300
4382.773937 0.99113396 0.00331662
4382.810485 0.98870735 0.00338174
4382.847034 0.99341103 0.00356338
4382.883583 0.99027122 0.00299110
4382.920133 0.99504613 0.00295257
4382.956683 0.99620872 0.00340251
4382.993233 0.98745853 0.00309442
4383.029783 0.99219631 0.00362939
4383.066334 0.99460729 0.00344732
4383.102885 0.98814384 0.00300166
4383.139436 0.99029538 0.00345840
4383.175988 0.99300156 0.00327644
4383.212539 0.98057673 0.00382831
4383.249092 0.98801902 0.00357346
4383.285644 0.99192135 0.00343052
4383.322197 0.99112087 0.00311681
4383.358750 0.98502938 0.00332078
4383.395304 0.99046605 0.00350326
4383.431857 0.99151079 0.00288235
4383.468411 0.98712633 0.00300355
4383.504966 0.98965430 0.00299416
4383.541520 0.98694100 0.00323443
4383.578075 0.99404480 0.00317948
4383.614631 0.98713014 0.00354489
4383.651186 0.98884907 0.00349653
4383.687742 0.98231370 0.00339535
4383.724298 0.98641190 0.00346890
4383.760855 0.98637488 0.00324616
4383.797411 0.99030588 0.00334585
4383.833968 0.99156685 0.00371583
4383.870526 0.99117217 0.00341660
4383.907084 0.98632512 0.00321721
4383.943642 0.98302978 0.00318726
4383.980200 0.98670192 0.00331386
4384.016759 0.98937025 0.00324512
4384.053317 0.99270780 0.00329269
4384.089877 0.98978003 0.00358611
4384.126436 0.99136653 0.00325924
4384.162996 0.98556485 0.00310079
4384.199556 0.98584041 0.00309023
4384.236117 0.98807462 0.00396907
4384.272677 0.98776060 0.00347265
4384.309238 0.98717679 0.00319763
4384.345800 0.98346342 0.00336388
4384.382361 0.98563354 0.00355757
4384.418923 0.98950984 0.00330436
4384.455486 0.99365379 0.00339964
4384.492048 0.99108464 0.00352235
4384.528611 0.98699575 0.00349782
4384.565174 0.98941257 0.00375405
4384.601738 0.99287159 0.00317349
4384.638302 0.98805043 0.00284207
4384.674866 0.98971762 0.00324269
4384.711430 0.98994672 0.00320225
4384.747995 0.98655075 0.00335667
4384.784560 0.98618210 0.00327704
4384.821125 0.98505420 0.00338854
4384.857691 0.99064971 0.00344408
4384.894257 0.99276073 0.00343767
4384.930823 0.98673694 0.00317551
4384.967389 0.98893878 0.00309730
4385.003956 0.99024296 0.00345345
4385.040523 0.99273351 0.00368676
4385.077091 0.98814348 0.00336064
4385.113659 0.99115234 0.00308746
4385.150227 0.98481205 0.00342070
4385.186795 0.98564041 0.00327532
4385.223364 0.98875944 0.00353537
4385.259933 0.99547194 0.00356787
4385.296502 0.99043697 0.00294651
4385.333072 0.99128830 0.00349849
4385.369641 0.99206835 0.00297706
4385.406212 0.98625998 0.00331415
4385.442782 0.98800496 0.00311100
4385.479353 0.98577214 0.00290773
4385.515924 0.98909560 0.00325909
4385.552496 0.98338645 0.00302285
4385.589067 0.98214867 0.00339367
4385.625639 0.98864767 0.00331505
4385.662212 0.98849747 0.00319425
4385.698784 0.98089359 0.00322516
4385.735357 0.97944181 0.00319281
4385.771930 0.97872886 0.00349150
4385.808504 0.98220437 0.00330487
4385.845078 0.98294838 0.00346712
4385.881652 0.98541102 0.00346039
4385.918227 0.98392959 0.00301276
4385.954801 0.97860259 0.00340015
4385.991376 0.97470348 0.00346594
4386.027952 0.97845792 0.00329280
4386.064527 0.98313070 0.00311202
4386.101103 0.97673909 0.00296113
4386.137680 0.97198766 0.00321571
4386.174256 0.97038000 0.00367855
4386.210833 0.97246307 0.00303892
4386.247410 0.97878608 0.00298043
4386.283988 0.97068857 0.00336757
4386.320566 0.97182725 0.00357484
4386.357144 0.97443310 0.00369398
4386.393722 0.96650876 0.00337689
4386.430301 0.96582057 0.00339025
4386.466880 0.96776108 0.00331214
4386.503459 0.96469272 0.00313572
4386.540039 0.96162474 0.00317568
4386.576619 0.96075128 0.00325540
4386.613199 0.95472996 0.00295229
4386.649780 0.94989022 0.00364450
4386.686361 0.95108719 0.00351622
4386.722942 0.94229700 0.00344207
4386.759523 0.94058729 0.00347894
4386.796105 0.92821323 0.00350575
4386.832687 0.92682085 0.00364659
4386.869270 0.92136339 0.00328591
4386.905852 0.91844551 0.00295074
4386.942435 0.90798208 0.00315583
4386.979019 0.90499089 0.00328341
4387.015602 0.89929465 0.00335268
4387.052186 0.89461512 0.00313937
4387.088771 0.88883241 0.00355942
4387.125355 0.88714785 0.00347024
4387.161940 0.88365418 0.00312850
4387.198525 0.87694685 0.00339660
4387.235111 0.87649176 0.00344999
4387.271696 0.87053565 0.00354731
4387.308282 0.86570448 0.00316530
4387.344869 0.85595238 0.00340034
4387.381455 0.84908861 0.00364738
4387.418042 0.85177475 0.00340994
4387.454630 0.84678671 0.00342818
4387.491217 0.84470306 0.00325539
4387.527805 0.83794773 0.00313168
4387.564393 0.83851705 0.00308414
4387.600982 0.83732813 0.00327804
4387.637571 0.83773464 0.00300668
4387.674160 0.83440345 0.00323829
4387.710749 0.83555067 0.00310466
4387.747339 0.83923967 0.00341059
4387.783929 0.83398337 0.00342080
4387.820519 0.83203575 0.00353844
4387.857110 0.82748694 0.00319054
4387.893701 0.82497864 0.00336007
4387.930292 0.82317247 0.00304488
4387.966884 0.82570899 0.00363223
4388.003475 0.82689871 0.00310397
4388.040068 0.82994054 0.00329484
4388.076660 0.83305839 0.00317248
4388.113253 0.83160181 0.00313954
4388.149846 0.83612040 0.00317051
4388.186439 0.83243458 0.00341184
4388.223033 0.83514746 0.00327950
4388.259627 0.84168386 0.00358913
4388.296221 0.84812694 0.00361209
4388.332816 0.84395256 0.00328799
4388.369411 0.84390310 0.00346603
4388.406006 0.84507423 0.00331991
4388.442602 0.84985914 0.00330909
4388.479197 0.85894022 0.00346921
4388.515794 0.86510170 0.00377738
4388.552390 0.86567064 0.00321252
4388.588987 0.86499803 0.00327230
4388.625584 0.86626737 0.00365043
4388.662181 0.87537125 0.00352838
4388.698779 0.87876849 0.00329151
4388.735377 0.88977391 0.00330906
4388.771975 0.89593872 0.00295400
4388.808574 0.89995367 0.00314018
4388.845172 0.90874251 0.00322138
4388.881772 0.90795987 0.00306915
4388.918371 0.91826708 0.00338341
4388.954971 0.92006139 0.00294273
4388.991571 0.92068788 0.00300513
4389.028171 0.92927003 0.00306932
4389.064772 0.93634427 0.00300015
4389.101373 0.93916193 0.00321426
4389.137974 0.94822037 0.00296827
4389.174576 0.94559535 0.00354231
4389.211178 0.94753132 0.00343591
4389.247780 0.94631744 0.00379304
4389.284383 0.95380641 0.00380282
4389.320986 0.95998285 0.00318925
4389.357589 0.96018312 0.00308538
4389.394192 0.96438646 0.00318723
4389.430796 0.96716963 0.00316869
4389.467400 0.97354909 0.00323282
4389.504004 0.97467040 0.00329514
4389.540609 0.97112586 0.00373977
4389.577214 0.97138572 0.00316017
4389.613819 0.97648107 0.00305499
4389.650425 0.98035918 0.00358017
4389.687031 0.98511516 0.00348102
4389.723637 0.98043863 0.00292829
4389.760244 0.97568968 0.00341159
4389.796850 0.97877860 0.00374342
4389.833457 0.98451219 0.00306247
4389.870065 0.98109834 0.00299116
4389.906673 0.97842048 0.00328339
4389.943281 0.97978933 0.00323134
4389.979889 0.97580451 0.00324683
4390.016498 0.97883186 0.00340417
4390.053107 0.98155647 0.00360539
4390.089716 0.98090310 0.00307408
4390.126325 0.97818671 0.00280300
4390.162935 0.98431493 0.00348372
4390.199545 0.98426402 0.00305780
4390.236156 0.98421358 0.00341219
4390.272767 0.99281114 0.00339132
4390.309378 0.98257885 0.00371032
4390.345989 0.98562126 0.00334948
4390.382601 0.98743456 0.00351587
4390.419213 0.98559758 0.00334433
4390.455825 0.98643079 0.00352345
4390.492438 0.98531321 0.00330628
4390.529051 0.98854629 0.00367008
4390.565664 0.98685044 0.00292027
4390.602277 0.98824777 0.00343505
4390.638891 0.99432234 0.00313911
4390.675505 0.99380430 0.00294313
4390.712120 0.99076986 0.00319586
4390.748735 0.98561371 0.00309728
4390.785350 0.98848586 0.00274287
4390.821965 0.98702576 0.00277084
4390.858581 0.99020397 0.00324403
4390.895197 0.99074345 0.00362510
4390.931813 0.98501029 0.00317320
4390.968430 0.99443080 0.00331773
4391.005046 0.98380448 0.00298526
4391.041664 0.99008063 0.00353909
4391.078281 0.99029966 0.00336495
4391.114899 0.99381850 0.00353478
4391.151517 0.99120923 0.00348025
4391.188135 0.99481508 0.00340780
4391.224754 0.98936890 0.00333857
4391.261373 0.99225726 0.00282900
4391.297993 0.99597239 0.00325531
4391.334612 0.99313333 0.00408667
4391.371232 0.98993921 0.00353443
4391.407852 0.99321079 0.00343809
4391.444473 0.99817043 0.00345308
4391.481094 0.99101353 0.00269993
4391.517715 0.98818100 0.00312887
4391.554336 0.99059135 0.00328202
4391.590958 0.99009161 0.00306523
4391.627580 0.98992413 0.00325851
4391.664203 0.99441358 0.00314411
4391.700825 0.99536764 0.00295294
4391.737448 0.99895505 0.00337341
4391.774072 0.99564268 0.00315264
4391.810695 0.99852416 0.00353107
4391.847319 0.99725146 0.00340936
4391.883943 1.00059046 0.00327100
4391.920568 0.99531013 0.00328361
4391.957193 0.99502863 0.00327819
4391.993818 0.99037683 0.00276680
4392.030443 1.00185009 0.00318689
4392.067069 1.00255191 0.00311932
4392.103695 1.00161542 0.00315928
4392.140321 0.99963207 0.00310794
4392.176948 0.99839637 0.00329941
4392.213575 1.00058859 0.00335273
4392.250202 0.99465593 0.00336758
4392.286830 0.99957968 0.00331890
4392.323458 1.00101570 0.00319531
4392.360086 0.99513315 0.00342963
4392.396714 0.99366978 0.00330277
4392.433343 0.99406109 0.00343416
4392.469972 0.99984350 0.00344883
4392.506602 0.99092907 0.00349241
4392.543231 0.99506546 0.00332819
4392.579862 0.99332611 0.00339328
4392.616492 0.99755938 0.00305726
4392.653122 1.00046209 0.00299596
4392.689753 0.99780779 0.00329939
4392.726385 0.99483972 0.00300344
4392.763016 0.99803217 0.00348636
4392.799648 0.99368373 0.00330840
4392.836280 0.99499224 0.00348576
4392.872913 0.99850901 0.00360083
4392.909545 0.99733020 0.00356121
4392.946179 1.00059197 0.00296614
4392.982812 1.00479179 0.00314421
4393.019446 1.00049447 0.00327019
4393.056080 1.00367851 0.00316149
4393.092714 0.99873717 0.00334634
4393.129348 1.00080896 0.00325838
4393.165983 0.99952550 0.00329719
4393.202619 0.99334946 0.00300951
4393.239254 0.99403532 0.00326708
4393.275890 0.99080198 0.00320056
4393.312526 0.99147123 0.00345895
4393.349162 0.99462893 0.00333026
4393.385799 0.99625199 0.00357090
4393.422436 0.99447814 0.00343030
4393.459074 0.99303496 0.00335259
4393.495711 0.99297213 0.00284733
4393.532349 0.99770704 0.00334384
4393.568988 0.99451957 0.00338382
4393.605626 0.99910752 0.00316797
4393.642265 1.00038747 0.00293471
4393.678904 0.99537530 0.00315161
4393.715544 0.99131330 0.00313595
4393.752183 1.00068531 0.00285186
4393.788824 0.99533582 0.00353175
4393.825464 0.99053181 0.00317464
4393.862105 0.99529115 0.00317705
4393.898746 0.99509863 0.00319779
4393.935387 0.99045756 0.00344890
4393.972029 0.99084021 0.00339142
4394.008671 0.99538476 0.00336818
4394.045313 0.98928470 0.00333277
4394.081955 0.99204409 0.00340860
4394.118598 0.99574333 0.00307148
4394.155241 0.99196808 0.00335318
4394.191885 0.99543512 0.00327949
4394.228529 0.99213363 0.00334150
4394.265173 0.99754445 0.00316609
4394.301817 0.99419443 0.00304607
4394.338462 0.99189815 0.00322735
4394.375107 0.99470718 0.00312701
4394.411752 0.99270939 0.00326704
4394.448398 0.99083765 0.00354940
4394.485044 0.99689884 0.00332822
4394.521690 0.99686836 0.00325608
4394.558336 0.99693529 0.00331876
4394.594983 0.99500749 0.00340652
4394.631630 1.00410867 0.00332886
4394.668278 0.99768643 0.00311003
4394.704925 0.99543783 0.00317722
4394.741573 0.99588729 0.00346119
4394.778222 0.99292126 0.00293526
4394.814870 0.99421002 0.00302312
4394.851519 0.99540806 0.00319186
4394.888169 0.98691839 0.00358367
4394.924818 0.98822098 0.00335328
4394.961468 0.98769221 0.00336324
4394.998118 0.99146028 0.00326965
4395.034769 0.98735539 0.00339263
4395.071420 0.98550388 0.00317549
4395.108071 0.98297036 0.00308026
4395.144722 0.98842414 0.00329885
4395.181374 0.99012229 0.00388576
4395.218026 0.98701385 0.00309403
4395.254678 0.98011365 0.00348499
4395.291331 0.98647419 0.00335528
4395.327984 0.98977113 0.00299541
4395.364637 0.98433301 0.00320177
4395.401291 0.98275813 0.00324414
4395.437944 0.97982887 0.00328251
4395.474599 0.98212810 0.00323688
4395.511253 0.98097991 0.00340212
4395.547908 0.98209318 0.00321091
4395.584563 0.99008509 0.00319310
4395.621218 0.98371436 0.00352300
4395.657874 0.98285851 0.00331522
4395.694530 0.97885440 0.00318383
4395.731186 0.98029759 0.00371349
4395.767843 0.98678286 0.00381178
4395.804500 0.98401747 0.00358422
4395.841157 0.98675022 0.00332364
4395.877815 0.98518342 0.00304574
4395.914472 0.98160526 0.00326339
4395.951130 0.97930430 0.00269615
4395.987789 0.98108262 0.00326481
4396.024448 0.98428650 0.00344274
4396.061107 0.98496440 0.00346610
4396.097766 0.98288312 0.00322656
4396.134426 0.98346419 0.00340436
4396.171086 0.98473951 0.00330222
4396.207746 0.97819866 0.00326597
4396.244407 0.97906113 0.00349604
4396.281067 0.98031584 0.00334420
4396.317729 0.98424102 0.00331717
4396.354390 0.98261860 0.00293313
4396.391052 0.98413393 0.00334702
4396.427714 0.98946800 0.00331899
4396.464376 0.98731706 0.00365675
4396.501039 0.98506674 0.00367124
4396.537702 0.98823984 0.00308796
4396.574366 0.98908272 0.00353340
4396.611029 0.98713323 0.00310433
4396.647693 0.97819428 0.00334560
4396.684357 0.98847995 0.00349331
4396.721022 0.98987264 0.00344298
4396.757687 0.98815234 0.00286607
4396.794352 0.99044278 0.00341765
4396.831017 0.98804052 0.00318330
4396.867683 0.99116956 0.00303594
4396.904349 0.98824754 0.00306259
4396.941016 0.99315110 0.00342198
4396.977682 0.99741552 0.00306884
4397.014349 0.99246567 0.00302125
4397.051017 0.98713628 0.00318877
4397.087684 0.99455782 0.00358054
4397.124352 0.99210348 0.00281586
4397.161020 0.99274823 0.00316321
4397.197689 0.98966220 0.00337814
4397.234358 0.99649844 0.00321413
4397.271027 0.99532137 0.00366937
4397.307696 0.99652958 0.00342823
4397.344366 0.99188704 0.00314819
4397.381036 0.99318555 0.00297594
4397.417707 0.99756720 0.00310753
4397.454377 0.99492165 0.00305190
4397.491048 0.99443858 0.00359726
4397.527719 0.99033015 0.00306089
4397.564391 0.99641714 0.00321497
4397.601063 0.99989094 0.00342303
4397.637735 0.99266902 0.00327509
4397.674408 0.98707919 0.00327356
4397.711080 0.99493291 0.00344655
4397.747754 0.99611377 0.00339119
4397.784427 0.99160503 0.00330037
4397.821101 0.99560789 0.00303431
4397.857775 0.99613668 0.00366317
4397.894449 0.99326911 0.00337166
4397.931124 0.99305243 0.00324743
4397.967799 0.99120302 0.00318175
4398.004474 0.98948328 0.00299637
4398.041150 0.98838690 0.00332201
4398.077825 0.99202410 0.00340441
4398.114502 0.99642961 0.00352562
4398.151178 0.99527352 0.00323711
4398.187855 0.99173485 0.00342309
4398.224532 0.99679003 0.00316857
4398.261209 0.99882065 0.00306245
4398.297887 0.99621100 0.00323185
4398.334565 0.99579578 0.00341188
4398.371243 0.99328376 0.00327226
4398.407922 0.99022802 0.00314127
4398.444601 0.99516670 0.00367415
4398.481280 0.99387344 0.00351606
4398.517960 0.99108334 0.00370989
4398.554639 0.99704570 0.00330146
4398.591320 0.99581612 0.00293393
4398.628000 0.99501425 0.00319387
4398.664681 0.99868371 0.00374050
4398.701362 0.99417204 0.00324798
4398.738043 0.99183067 0.00290094
4398.774725 0.99882554 0.00311831
4398.811407 0.99699123 0.00357034
4398.848089 0.99597633 0.00373786
4398.884772 0.99667675 0.00308557
4398.921455 0.99977642 0.00323174
4398.958138 0.99813165 0.00310292
4398.994821 1.00054370 0.00336461
4399.031505 0.99748534 0.00316876
4399.068189 0.99308564 0.00317947
4399.104874 0.99506849 0.00355731
4399.141559 0.99819543 0.00288071
4399.178244 1.00075925 0.00323551
4399.214929 1.00424832 0.00343304
4399.251615 1.00193583 0.00310124
4399.288301 0.99781155 0.00347489
4399.324987 1.00051520 0.00309309
4399.361673 0.99879770 0.00337559
4399.398360 0.99417247 0.00332725
4399.435048 0.99960079 0.00327032
4399.471735 0.99566610 0.00334805
4399.508423 0.99648245 0.00365056
4399.545111 0.99681522 0.00360744
4399.581799 0.99558264 0.00309376
4399.618488 1.00466628 0.00315969
4399.655177 0.99785849 0.00291650
4399.691866 0.99980429 0.00334496
4399.728556 0.99864820 0.00311668
4399.765246 0.99681936 0.00306044
4399.801936 1.00008939 0.00331575
4399.838627 0.99791938 0.00325096
4399.875318 1.00003398 0.00303707
4399.912009 1.00168888 0.00305961
4399.948700 0.99451423 0.00324149
4399.985392 0.99715406 0.00354605
4400.022084 0.99515377 0.00367480
4400.058777 0.99785844 0.00335639
4400.095469 1.00095888 0.00298204
4400.132162 0.99867848 0.00321519
4400.168856 1.00046126 0.00358283
4400.205549 0.99886030 0.00301203
4400.242243 0.99669717 0.00335358
4400.278937 0.99602732 0.00326215
4400.315632 0.99811918 0.00330566
4400.352327 0.99509147 0.00285964
4400.389022 0.99648742 0.00302444
4400.425717 1.00372042 0.00319609
4400.462413 1.00456307 0.00317863
4400.499109 1.00102773 0.00312920
4400.535805 0.99821603 0.00312201
4400.572502 1.00123713 0.00354842
4400.609199 0.99218005 0.00352425
4400.645896 0.99683010 0.00348328
4400.682594 0.99679375 0.00337955
4400.719292 0.99540153 0.00309930
4400.755990 0.99585558 0.00327537
4400.792689 0.99498187 0.00324168
4400.829387 0.99654443 0.00328161
4400.866086 0.99798103 0.00344752
4400.902786 0.99911706 0.00295237
4400.939486 1.00202526 0.00351950
4400.976186 0.99560570 0.00331792
4401.012886 0.99576286 0.00299390
4401.049587 1.00205313 0.00291047
4401.086288 0.99961182 0.00307849
4401.122989 0.99764148 0.00301677
4401.159690 0.99866902 0.00320472
4401.196392 1.00425723 0.00291333
4401.233094 0.99932969 0.00354143
4401.269797 0.99657904 0.00320903
4401.306500 0.99957251 0.00315337
4401.343203 0.99538624 0.00334093
4401.379906 0.99747838 0.00341994
4401.416610 0.99582463 0.00337532
4401.453314 0.99714389 0.00296584
4401.490018 0.99447106 0.00315262
4401.526723 0.99895204 0.00311443
4401.563428 0.99998072 0.00327839
4401.600133 0.99846887 0.00354838
4401.636839 0.99684165 0.00279271
4401.673545 0.99697504 0.00329227
4401.710251 0.99591044 0.00322437
4401.746957 0.99419819 0.00340603
4401.783664 0.99436535 0.00340474
4401.820371 0.99612641 0.00314931
4401.857078 1.00275092 0.00334100
4401.893786 0.99951475 0.00328143
4401.930494 1.00039630 0.00325245
4401.967202 1.00713542 0.00371679
4402.003911 0.99939438 0.00328946
4402.040620 0.99877363 0.00325916
4402.077329 0.99607527 0.00316640
4402.114039 1.00029311 0.00319529
4402.150748 0.99958288 0.00341831
4402.187459 0.99984047 0.00292213
4402.224169 0.99565274 0.00309825
4402.260880 0.99550113 0.00270079
4402.297591 0.99453759 0.00299695
4402.334302 0.99804681 0.00307938
4402.371014 0.99623945 0.00345811
4402.407726 0.99874640 0.00289891
4402.444438 0.99423282 0.00294680
4402.481151 0.99357122 0.00336150
4402.517864 0.99607138 0.00307362
4402.554577 0.99797585 0.00354045
4402.591290 0.99662826 0.00302029
4402.628004 0.99774331 0.00297282
4402.664718 0.99530418 0.00346363
4402.701433 0.99289934 0.00371636
4402.738147 0.99242151 0.00298977
4402.774862 0.99383681 0.00299274
4402.811578 0.99750940 0.00330156
4402.848293 0.99549876 0.00327821
4402.885009 0.99521380 0.00325038
4402.921726 0.99513280 0.00334624
4402.958442 0.98963668 0.00299221
4402.995159 0.99328089 0.00332054
4403.031876 0.99325843 0.00346852
4403.068594 0.98900291 0.00299758
4403.105312 0.98964737 0.00326722
4403.142030 0.99297468 0.00335902
4403.178748 0.99820970 0.00333261
4403.215467 0.99133317 0.00297673
4403.252186 0.99317751 0.00296443
4403.288905 0.99014904 0.00331166
4403.325625 0.99112525 0.00357109
4403.362345 0.99745715 0.00371366
4403.399065 0.99338322 0.00295075
4403.435785 0.99403106 0.00322971
4403.472506 0.99581526 0.00336969
4403.509228 0.99053541 0.00269281
4403.545949 0.98578942 0.00324844
4403.582671 0.98799803 0.00308422
4403.619393 0.99091392 0.00327576
4403.656115 0.99230577 0.00297572
4403.692838 0.99201982 0.00355441
4403.729561 0.98871571 0.00291769
4403.766284 0.98834188 0.00341137
4403.803008 0.99323138 0.00316642
4403.839732 0.99471085 0.00320569
4403.876456 0.99045226 0.00349592
4403.913180 0.98797322 0.00306651
4403.949905 0.98996959 0.00289708
4403.986630 0.99146146 0.00308927
4404.023356 0.98938498 0.00339443
4404.060082 0.98393130 0.00366770
4404.096808 0.99019808 0.00364120
4404.133534 0.98835500 0.00334040
4404.170261 0.99156154 0.00331720
4404.206988 0.98945133 0.00296884
4404.243715 0.99337230 0.00341548
4404.280443 0.99104248 0.00344042
4404.317171 0.99319723 0.00326793
4404.353899 0.99105419 0.00353448
4404.390627 0.99690472 0.00322019
4404.427356 0.99438693 0.00341593
4404.464085 0.99026722 0.00281870
4404.500815 0.99146174 0.00329931
4404.537544 0.99379017 0.00326163
4404.574274 0.98955124 0.00348793
4404.611005 0.99676519 0.00337255
4404.647735 0.99682101 0.00349480
4404.684466 0.99884181 0.00273890
4404.721198 1.00034947 0.00277026
4404.757929 1.00067795 0.00302055
4404.794661 0.99590953 0.00289028
4404.831393 1.00019238 0.00306702
4404.868126 1.00338347 0.00334844
4404.904859 0.99338050 0.00292811
4404.941592 0.99558427 0.00310861
4404.978325 0.99509161 0.00306126
4405.015059 0.99595717 0.00344842
4405.051793 0.98990482 0.00312333
4405.088527 0.99892312 0.00278538
4405.125262 0.99383101 0.00309448
4405.161997 0.99736599 0.00336067
4405.198732 1.00092073 0.00283075
4405.235468 1.00225893 0.00316870
4405.272203 0.99403818 0.00330300
4405.308940 0.99883517 0.00310494
4405.345676 0.99811811 0.00318490
4405.382413 1.00014836 0.00336285
4405.419150 0.99835625 0.00320298
4405.455887 1.00352070 0.00311028
4405.492625 0.99690461 0.00308931
4405.529363 0.99856373 0.00297723
4405.566101 0.99487786 0.00303436
4405.602840 0.99562482 0.00347837
4405.639579 0.99561701 0.00342439
4405.676318 0.99851406 0.00362694
4405.713058 1.00097641 0.00305247
4405.749798 0.99717616 0.00326771
4405.786538 0.99455571 0.00287202
4405.823278 0.99218173 0.00360961
4405.860019 0.99942151 0.00330158
4405.896760 0.99753771 0.00324613
4405.933501 0.99918811 0.00296584
4405.970243 0.99976072 0.00331825
4406.006985 0.99957036 0.00319893
4406.043727 0.99395461 0.00333230
4406.080470 1.00028395 0.00273513
4406.117213 1.00198956 0.00316468
4406.153956 1.00486569 0.00282003
4406.190700 0.99725017 0.00348053
4406.227443 0.99422822 0.00312528
4406.264188 0.99509233 0.00292796
4406.300932 0.99727113 0.00304988
4406.337677 0.99419816 0.00325058
4406.374422 0.99804445 0.00344063
4406.411167 0.99597910 0.00349019
4406.447913 0.99433854 0.00343207
4406.484659 0.99003612 0.00312335
4406.521405 0.99775566 0.00320786
4406.558152 0.99783670 0.00353734
4406.594899 0.99596328 0.00311591
4406.631646 0.99934583 0.00293967
4406.668393 0.99661475 0.00327490
4406.705141 1.00078710 0.00336625
4406.741889 0.99891597 0.00339313
4406.778638 0.99988856 0.00330785
4406.815386 0.99773942 0.00313477
4406.852135 0.99604547 0.00323853
4406.888885 0.99684477 0.00329054
4406.925634 0.99903228 0.00312436
4406.962384 0.99683675 0.00315805
4406.999135 0.99889402 0.00316356
4407.035885 0.99652581 0.00351805
4407.072636 1.00100312 0.00384354
4407.109387 1.00088626 0.00361954
4407.146139 0.99950667 0.00338466
4407.182890 0.99803624 0.00325898
4407.219643 1.00106802 0.00320863
4407.256395 1.00058345 0.00306327
4407.293148 1.00092708 0.00312375
4407.329901 1.00016223 0.00327629
4407.366654 0.99458143 0.00329734
4407.403408 0.99259672 0.00301833
4407.440162 1.00054752 0.00323652
4407.476916 1.00278837 0.00326955
4407.513670 0.99908175 0.00349294
4407.550425 1.00017140 0.00300328
4407.587180 1.00644320 0.00324426
4407.623936 0.99940491 0.00300205
4407.660692 0.99342070 0.00316290
4407.697448 0.99348937 0.00336086
4407.734204 0.99416163 0.00346126
4407.770961 0.99875078 0.00354348
4407.807718 1.00136350 0.00367071
4407.844475 0.99906234 0.00330692
4407.881233 1.00337903 0.00303452
4407.917991 1.00420593 0.00294251
4407.954749 0.99378570 0.00348713
4407.991508 1.00164902 0.00332273
4408.028266 0.99636149 0.00289588
4408.065026 0.99663191 0.00345676
4408.101785 0.99550767 0.00296929
4408.138545 1.00074417 0.00315857
4408.175305 0.99733928 0.00385980
4408.212065 0.99718124 0.00332005
4408.248826 1.00287164 0.00289529
4408.285587 1.00335351 0.00297156
4408.322348 0.99739580 0.00309164
4408.359110 0.99733083 0.00337899
4408.395872 0.99666541 0.00314260
4408.432634 1.00188111 0.00311166
4408.469396 1.00322441 0.00287871
4408.506159 0.99581178 0.00326713
4408.542922 0.99355789 0.00343603
4408.579686 0.99754980 0.00376177
4408.616450 1.00229534 0.00345924
4408.653214 0.99824630 0.00327992
4408.689978 0.99826646 0.00284049
4408.726743 1.00128060 0.00318379
4408.763508 0.99861051 0.00294892
4408.800273 1.00526113 0.00313529
4408.837039 0.99549491 0.00291032
4408.873804 0.99793618 0.00321517
4408.910571 0.99852363 0.00337157
4408.947337 0.98969395 0.00334972
4408.984104 0.99456353 0.00311953
4409.020871 0.99572088 0.00331084
4409.057639 0.99629668 0.00285748
4409.094406 1.00012438 0.00311180
4409.131174 0.99745770 0.00346858
4409.167943 0.99542908 0.00303901
4409.204711 0.99923205 0.00326313
4409.241480 0.99946271 0.00317304
4409.278250 1.00281735 0.00298198
4409.315019 0.99908897 0.00311819
4409.351789 0.99874574 0.00338433
4409.388559 0.99871478 0.00302524
4409.425330 0.99816558 0.00341610
4409.462100 0.99813363 0.00274163
4409.498872 0.99856123 0.00330628
4409.535643 0.99982084 0.00272451
4409.572415 0.99743285 0.00316832
4409.609187 0.99768412 0.00322433
4409.645959 1.00119587 0.00307374
4409.682732 1.00145596 0.00339449
4409.719505 0.99882475 0.00313773
4409.756278 0.99595229 0.00351312
4409.793052 0.99735784 0.00311269
4409.829825 1.00284131 0.00293374
4409.866600 0.99973750 0.00277834
4409.903374 0.99653937 0.00295431
4409.940149 1.00094365 0.00316013
4409.976924 0.99939973 0.00306264
4410.013699 0.99424148 0.00321674
4410.050475 0.99321132 0.00331817
4410.087251 0.99781103 0.00315661
4410.124027 0.99556124 0.00321830
4410.160804 1.00526104 0.00338578
4410.197581 1.00318208 0.00309400
4410.234358 1.00274026 0.00304116
4410.271136 1.00061066 0.00273643
4410.307914 1.00412610 0.00264123
4410.344692 1.00081087 0.00344544
4410.381470 0.99604709 0.00277382
4410.418249 1.00222253 0.00363469
4410.455028 1.00123375 0.00330015
4410.491807 0.99547710 0.00334081
4410.528587 0.99191370 0.00355216
4410.565367 0.99911260 0.00355243
4410.602147 0.99415080 0.00356549
4410.638928 1.00013283 0.00337804
4410.675709 1.00154594 0.00312091
4410.712490 0.99912584 0.00337655
4410.749272 1.00029293 0.00324624
4410.786054 0.99603280 0.00318806
4410.822836 0.99445077 0.00343589
4410.859618 0.99392606 0.00296612
4410.896401 0.99541720 0.00365857
4410.933184 1.00147161 0.00316947
4410.969967 1.00398533 0.00293330
4411.006751 1.00356259 0.00295535
4411.043535 1.00293190 0.00318295
4411.080319 0.99681445 0.00320784
4411.117104 1.00331834 0.00333361
4411.153889 1.00032544 0.00276788
4411.190674 0.99494579 0.00282181
4411.227460 0.99868678 0.00305113
4411.264245 1.00139527 0.00311440
4411.301032 0.99940282 0.00320766
4411.337818 0.99985370 0.00316975
4411.374605 0.99954976 0.00315273
4411.411392 0.99939036 0.00351528
4411.448179 1.00472229 0.00319195
4411.484967 1.00173948 0.00345696
4411.521755 1.00386606 0.00290047
4411.558543 1.00511463 0.00294712
4411.595332 0.99517261 0.00283382
4411.632121 0.99624247 0.00314166
4411.668910 1.00158628 0.00325267
4411.705699 1.00012069 0.00352125
4411.742489 0.99698091 0.00329982
4411.779279 0.99742144 0.00332549
4411.816070 1.00055991 0.00327076
4411.852861 0.99998584 0.00300151
4411.889652 0.99669527 0.00306917
4411.926443 0.99884666 0.00315745
4411.963235 0.99735849 0.00345752
4412.000027 1.00364112 0.00290952
4412.036819 1.00367196 0.00332556
4412.073611 1.00079769 0.00325302
4412.110404 0.99689988 0.00309469
4412.147197 0.99640300 0.00328416
4412.183991 0.99514334 0.00325307
4412.220785 0.99854581 0.00311623
4412.257579 1.00798850 0.00360802
4412.294373 1.00528326 0.00325427
4412.331168 1.00212416 0.00329127
4412.367963 1.00458690 0.00300351
4412.404758 1.00249610 0.00281192
4412.441554 1.00391481 0.00261322
4412.478350 1.00598178 0.00292284
4412.515146 1.00125880 0.00339077
4412.551943 0.99880849 0.00293219
4412.588740 0.99705550 0.00306736
4412.625537 1.00305429 0.00329283
4412.662334 1.00409957 0.00282361
4412.699132 0.99929201 0.00313816
4412.735930 1.00036806 0.00343600
4412.772729 1.00179114 0.00326958
4412.809527 1.00115172 0.00308614
4412.846326 0.99675526 0.00306252
4412.883126 0.99902061 0.00315003
4412.919925 0.99523362 0.00331444
4412.956725 0.99492439 0.00329460
4412.993526 0.99513868 0.00303164
4413.030326 0.99930161 0.00309628
4413.067127 1.00133723 0.00306543
4413.103928 1.00011144 0.00333267
4413.140730 0.99469920 0.00319919
4413.177531 0.99906435 0.00289657
4413.214334 0.99502992 0.00318246
4413.251136 0.99543766 0.00293552
4413.287939 0.99982935 0.00314383
4413.324742 0.99400553 0.00341141
4413.361545 0.99623453 0.00329509
4413.398349 1.00056895 0.00346968
4413.435153 1.00321873 0.00294920
4413.471957 1.00252077 0.00282763
4413.508761 0.99344637 0.00306728
4413.545566 0.99405207 0.00314255
4413.582371 0.99194149 0.00306455
4413.619177 0.98670575 0.00352876
4413.655983 0.98626065 0.00309036
4413.692789 0.99402603 0.00300807
4413.729595 0.99101548 0.00320613
4413.766402 0.99128384 0.00313516
4413.803209 0.98260501 0.00318828
4413.840016 0.97676169 0.00303918
4413.876824 0.97391411 0.00310624
4413.913632 0.96993635 0.00312686
4413.950440 0.96422831 0.00350897
4413.987248 0.96426098 0.00304990
4414.024057 0.95934059 0.00281216
4414.060866 0.96102679 0.00315039
4414.097676 0.96000953 0.00342291
4414.134486 0.95748984 0.00362651
4414.171296 0.95131445 0.00340854
4414.208106 0.95047928 0.00351804
4414.244917 0.95079593 0.00304751
4414.281728 0.94808100 0.00312558
4414.318539 0.95113181 0.00322650
4414.355351 0.94739107 0.00326688
4414.392163 0.94008857 0.00357496
4414.428975 0.93886175 0.00358400
4414.465787 0.93682044 0.00304104
4414.502600 0.93886194 0.00316424
4414.539413 0.93438380 0.00282181
4414.576227 0.94040248 0.00301021
4414.613041 0.94218263 0.00329930
4414.649855 0.94241595 0.00357233
4414.686669 0.93598330 0.00289449
4414.723484 0.93455173 0.00318628
4414.760299 0.93722348 0.00325013
4414.797114 0.93667573 0.00306012
4414.833930 0.93566612 0.00337054
4414.870745 0.93436676 0.00314066
4414.907562 0.92938679 0.00297694
4414.944378 0.93448946 0.00329316
4414.981195 0.93896527 0.00300011
4415.018012 0.93503404 0.00303924
4415.054830 0.93062845 0.00337175
4415.091647 0.93510322 0.00316577
4415.128465 0.93570685 0.00363563
4415.165284 0.93871705 0.00335554
4415.202102 0.93909279 0.00356337
4415.238921 0.94066892 0.00304858
4415.275741 0.93360899 0.00315829
4415.312560 0.93232468 0.00320008
4415.349380 0.94144002 0.00350745
4415.386200 0.94652149 0.00334669
4415.423021 0.94297744 0.00321266
4415.459842 0.94503521 0.00334732
4415.496663 0.94568180 0.00354418
4415.533484 0.95066518 0.00334172
4415.570306 0.94726049 0.00298186
4415.607128 0.94514592 0.00335275
4415.643950 0.95140861 0.00315462
4415.680773 0.95778909 0.00327749
4415.717596 0.95726005 0.00278404
4415.754419 0.95959961 0.00325902
4415.791243 0.96109668 0.00328156
4415.828067 0.95840738 0.00337440
4415.864891 0.95934718 0.00306315
4415.901715 0.96492385 0.00324578
4415.938540 0.96547254 0.00343064
4415.975365 0.96519066 0.00337786
4416.012191 0.96621440 0.00292297
4416.049017 0.96473080 0.00332354
4416.085843 0.96750896 0.00342676
4416.122669 0.96744704 0.00351030
4416.159496 0.96831326 0.00289364
4416.196323 0.96736796 0.00284781
4416.233150 0.96346312 0.00290033
4416.269977 0.96254134 0.00355450
4416.306805 0.95824259 0.00277830
4416.343633 0.96348112 0.00317811
4416.380462 0.96066774 0.00333439
4416.417291 0.95870697 0.00315471
4416.454120 0.95813271 0.00300086
4416.490949 0.95409906 0.00388260
4416.527779 0.95128206 0.00323121
4416.564609 0.95647450 0.00335884
4416.601439 0.95545367 0.00334873
4416.638270 0.95704016 0.00314934
4416.675101 0.95798686 0.00303043
4416.711932 0.95350242 0.00342980
4416.748764 0.94934669 0.00351261
4416.785596 0.95724485 0.00316887
4416.822428 0.95832303 0.00313260
4416.859260 0.95956021 0.00355410
4416.896093 0.95875133 0.00319665
4416.932926 0.95498507 0.00309134
4416.969760 0.94921132 0.00278968
4417.006593 0.95716427 0.00309744
4417.043427 0.95586763 0.00296502
4417.080262 0.95613634 0.00322082
4417.117096 0.95115498 0.00333226
4417.153931 0.95652702 0.00312552
4417.190767 0.95594011 0.00318785
4417.227602 0.95442737 0.00318519
4417.264438 0.95220431 0.00327170
4417.301274 0.95385099 0.00343587
4417.338111 0.95376788 0.00372541
4417.374947 0.95520599 0.00349119
4417.411784 0.96132307 0.00325918
4417.448622 0.96105301 0.00333058
4417.485460 0.95804515 0.00313182
4417.522298 0.95691987 0.00334931
4417.559136 0.95871055 0.00310825
4417.595975 0.96575423 0.00321052
4417.632814 0.96516925 0.00338568
4417.669653 0.95959920 0.00350936
4417.706492 0.96768769 0.00315016
4417.743332 0.96610859 0.00311470
4417.780172 0.97030776 0.00305834
4417.817013 0.97159227 0.00286440
4417.853854 0.97037498 0.00324167
4417.890695 0.97632613 0.00324122
4417.927536 0.97639954 0.00286534
4417.964378 0.97688038 0.00355631
4418.001220 0.97910995 0.00316874
4418.038062 0.98623080 0.00319701
4418.074905 0.98856721 0.00371917
4418.111748 0.99444324 0.00318241
4418.148591 0.98899683 0.00348093
4418.185434 0.99258173 0.00344063
4418.222278 0.99428769 0.00364454
4418.259122 1.00084909 0.00322662
4418.295967 1.00063228 0.00290975
4418.332812 1.00463033 0.00317254
4418.369657 1.00377820 0.00294173
4418.406502 1.00164522 0.00345962
4418.443348 0.99618977 0.00342437
4418.480194 0.99306622 0.00348425
4418.517040 0.99000109 0.00322319
4418.553887 0.99541954 0.00299846
4418.590734 0.99800416 0.00330123
4418.627581 0.99867536 0.00314596
4418.664429 0.99876131 0.00373492
4418.701276 0.99590880 0.00294537
4418.738125 0.99454068 0.00336813
4418.774973 1.00303636 0.00328295
4418.811822 0.99887497 0.00326521
4418.848671 0.99646709 0.00296645
4418.885520 0.99277027 0.00310873
4418.922370 0.99720325 0.00336463
4418.959220 0.99964899 0.00340396
4418.996070 1.00399425 0.00306074
4419.032921 1.00254396 0.00312007
4419.069772 1.00160733 0.00303281
4419.106623 1.00117982 0.00363261
4419.143475 1.00387979 0.00285429
4419.180326 0.99744251 0.00289564
4419.217179 0.99596203 0.00327346
4419.254031 0.99482188 0.00325336
4419.290884 0.99804558 0.00326385
4419.327737 0.99825842 0.00335241
4419.364590 0.99317856 0.00338655
4419.401444 0.99438165 0.00324033
4419.438298 0.99557451 0.00319026
4419.475152 0.99845423 0.00329983
4419.512007 0.99860551 0.00295787
4419.548862 0.99212220 0.00297921
4419.585717 1.00161755 0.00299490
4419.622572 1.00361481 0.00324909
4419.659428 1.00081402 0.00320481
4419.696284 0.99774797 0.00393276
4419.733141 0.99706604 0.00316589
4419.769998 0.99839008 0.00311320
4419.806855 0.99437051 0.00304215
4419.843712 0.99786311 0.00317909
4419.880570 1.00047101 0.00311518
4419.917428 0.99643370 0.00317396
4419.954286 0.99711965 0.00323727
4419.991145 1.00096068 0.00302577
4420.028004 0.99628655 0.00290597
4420.064863 0.99130478 0.00307228
4420.101722 0.99576304 0.00299200
4420.138582 0.99399075 0.00310723
4420.175442 0.99514643 0.00316644
4420.212303 0.99746327 0.00302760
4420.249164 0.99751191 0.00343418
4420.286025 0.99897242 0.00347390
4420.322886 0.99797068 0.00300273
4420.359748 0.99902541 0.00318148
4420.396610 0.99628539 0.00354049
4420.433472 1.00008611 0.00283614
4420.470335 0.99900502 0.00308217
4420.507197 0.99503649 0.00357073
4420.544061 0.99872986 0.00329661
4420.580924 0.99748726 0.00312359
4420.617788 1.00096456 0.00324953
4420.654652 0.99868042 0.00333148
4420.691517 1.00087511 0.00317375
4420.728381 1.00106495 0.00320109
4420.765246 0.99548355 0.00346450
4420.802112 0.99860901 0.00309954
4420.838977 0.99994463 0.00274989
4420.875843 0.99992229 0.00302873
4420.912710 0.99728697 0.00338775
4420.949576 0.99499912 0.00319186
4420.986443 1.00161178 0.00310689
4421.023310 1.00397454 0.00327863
4421.060178 1.00058354 0.00338206
4421.097046 0.99980312 0.00305871
4421.133914 1.00236581 0.00307581
4421.170782 1.00230313 0.00336948
4421.207651 0.99883542 0.00345093
4421.244520 0.99905534 0.00287951
4421.281390 1.00088442 0.00346957
4421.318259 0.99259826 0.00334740
4421.355129 0.99862551 0.00367944
4421.391999 0.99572719 0.00352586
4421.428870 0.99662768 0.00311492
4421.465741 1.00178175 0.00308539
4421.502612 1.00317920 0.00312104
4421.539484 1.00513062 0.00278810
4421.576356 1.00669955 0.00297855
4421.613228 1.00383390 0.00313983
4421.650100 1.00271467 0.00307966
4421.686973 1.00550817 0.00291711
4421.723846 0.99886436 0.00298543
4421.760719 0.99847722 0.00350783
4421.797593 1.00285142 0.00328246
4421.834467 1.00381584 0.00307835
4421.871341 0.99656737 0.00278445
4421.908216 0.99614393 0.00280363
4421.945091 0.99738061 0.00326401
4421.981966 0.99430431 0.00324888
4422.018841 0.99957154 0.00360992
4422.055717 1.00128940 0.00306410
4422.092593 1.00510694 0.00303694
4422.129470 0.99687160 0.00364342
4422.166347 1.00280036 0.00309994
4422.203224 1.00658288 0.00333027
4422.240101 0.99976262 0.00341122
4422.276979 1.00283015 0.00305660
4422.313857 0.99667678 0.00334530
4422.350735 0.99693196 0.00318960
4422.387613 1.00378234 0.00316171
4422.424492 1.00202320 0.00308503
4422.461372 0.99547241 0.00319058
4422.498251 0.99613843 0.00283503
4422.535131 1.00171076 0.00346727
4422.572011 1.00138358 0.00316850
4422.608891 0.99962770 0.00330110
4422.645772 0.99980229 0.00344899
4422.682653 1.00072123 0.00286141
4422.719535 0.99891930 0.00308636
4422.756416 0.99862359 0.00298323
4422.793298 0.99898817 0.00329309
4422.830180 0.99984618 0.00314458
4422.867063 1.00284031 0.00320969
4422.903946 1.00112542 0.00358211
4422.940829 0.99724340 0.00328734
4422.977713 0.99574507 0.00332932
4423.014597 1.00585361 0.00288055
4423.051481 1.00664130 0.00273336
4423.088365 1.00841949 0.00360963
4423.125250 1.00002338 0.00331270
4423.162135 0.99824253 0.00311649
4423.199020 0.99942041 0.00317769
4423.235906 0.99928534 0.00332529
4423.272792 1.00331651 0.00334871
4423.309678 1.00162134 0.00294875
4423.346565 0.99792975 0.00334809
4423.383452 1.00183974 0.00330009
4423.420339 0.99818531 0.00346537
4423.457226 1.00494323 0.00300548
4423.494114 0.99926394 0.00313745
4423.531002 0.99666202 0.00307106
4423.567891 1.00347274 0.00315209
4423.604779 1.00351382 0.00308617
4423.641668 1.00116326 0.00321753
4423.678558 1.00124317 0.00283158
4423.715447 1.00161767 0.00301472
4423.752337 0.99887756 0.00295635
4423.789228 0.99119579 0.00332207
4423.826118 0.99929248 0.00322455
4423.863009 1.00188140 0.00289063
4423.899900 1.00065447 0.00309392
4423.936792 0.99628831 0.00320277
4423.973684 0.99595427 0.00341885
4424.010576 1.00196839 0.00301259
4424.047468 1.00697818 0.00289009
4424.084361 1.00207331 0.00310800
4424.121254 0.99653492 0.00323704
4424.158147 1.00076550 0.00283254
4424.195041 0.99269004 0.00301746
4424.231935 1.00043322 0.00308437
4424.268829 1.00205510 0.00312514
4424.305724 1.00073551 0.00320634
4424.342619 1.00214269 0.00311645
4424.379514 1.00550651 0.00304801
4424.416410 1.00453245 0.00293684
4424.453305 1.00206175 0.00342491
4424.490201 1.00265436 0.00322322
4424.527098 0.99601773 0.00361135
4424.563995 0.99186343 0.00307213
4424.600892 0.99231621 0.00310110
4424.637789 1.00098263 0.00311177
4424.674687 0.99933359 0.00289575
4424.711585 1.00011045 0.00338923
4424.748483 1.00436067 0.00330612
4424.785382 1.00111009 0.00348938
4424.822280 0.99529457 0.00301876
4424.859180 0.99472158 0.00346195
4424.896079 0.99144705 0.00318086
4424.932979 0.99971572 0.00355046
4424.969879 0.99644638 0.00345975
4425.006779 0.99860091 0.00295371
4425.043680 0.99851976 0.00320173
4425.080581 1.00084449 0.00340270
4425.117483 1.00416708 0.00309353
4425.154384 1.00173067 0.00359515
4425.191286 0.99741133 0.00297833
4425.228189 0.99937326 0.00314820
4425.265091 1.00191334 0.00347141
4425.301994 0.99944781 0.00303036
4425.338897 0.99459050 0.00316076
4425.375801 1.00061573 0.00292657
4425.412705 1.00045445 0.00300402
4425.449609 0.99976793 0.00358541
4425.486513 1.00132020 0.00335770
4425.523418 1.00063983 0.00343652
4425.560323 0.99638671 0.00304471
4425.597228 0.99825637 0.00328020
4425.634134 0.99773533 0.00311064
4425.671040 1.00053830 0.00368593
4425.707946 1.00108281 0.00326166
4425.744853 1.00116648 0.00328527
4425.781760 0.99774651 0.00291100
4425.818667 0.99913352 0.00292979
4425.855574 0.99825644 0.00381731
4425.892482 1.00134159 0.00300435
4425.929390 0.99863015 0.00316847
4425.966299 0.99535418 0.00313050
4426.003207 0.99742767 0.00340235
4426.040116 0.99827473 0.00326787
4426.077026 1.00075097 0.00339581
4426.113936 1.00299425 0.00332737
4426.150845 1.00316045 0.00276652
4426.187756 1.00007635 0.00317595
4426.224666 1.00119304 0.00308781
4426.261577 1.00142026 0.00317349
4426.298488 1.00394298 0.00324238
4426.335400 0.99999881 0.00325302
4426.372312 1.00226273 0.00335183
4426.409224 1.00496704 0.00275267
4426.446136 0.99770145 0.00324776
4426.483049 1.00160184 0.00316355
4426.519962 1.00426745 0.00285302
4426.556875 1.00735651 0.00316889
4426.593789 0.99929675 0.00295036
4426.630703 0.99937680 0.00330049
4426.667617 0.99976561 0.00347606
4426.704532 1.00412940 0.00290445
4426.741447 0.99812395 0.00352814
4426.778362 0.99896305 0.00320127
4426.815278 0.99574358 0.00300282
4426.852193 1.00068374 0.00329868
4426.889110 0.99972049 0.00289799
4426.926026 0.99766115 0.00344818
4426.962943 0.99992638 0.00335398
4426.999860 0.99899146 0.00356132
4427.036777 0.99875814 0.00339452
4427.073695 0.99933699 0.00342216
4427.110613 0.99537283 0.00284097
4427.147531 1.00269078 0.00351944
4427.184450 1.00249619 0.00323505
4427.221369 1.00158767 0.00318244
4427.258288 1.00065070 0.00335071
4427.295207 1.00384044 0.00300312
4427.332127 1.00122732 0.00338796
4427.369047 1.00034521 0.00342896
4427.405968 1.00206129 0.00284295
4427.442888 1.00326739 0.00303298
4427.479809 1.00035310 0.00334306
4427.516731 1.00304667 0.00293189
4427.553652 1.00328751 0.00282857
4427.590574 0.99986367 0.00333605
4427.627497 0.99725697 0.00348764
4427.664419 0.99945858 0.00335614
4427.701342 0.99547196 0.00343646
4427.738265 0.99735852 0.00311180
4427.775189 0.99506122 0.00316153
4427.812113 0.99843053 0.00340469
4427.849037 0.99501427 0.00335116
4427.885961 0.99917760 0.00326518
4427.922886 0.99913776 0.00340964
4427.959811 1.00093984 0.00341916
4427.996737 0.99344723 0.00272073
4428.033662 0.99780205 0.00296281
4428.070588 0.99936451 0.00305110
4428.107514 1.00041661 0.00342212
4428.144441 0.99996806 0.00353339
4428.181368 0.99947896 0.00411923
4428.218295 0.99680876 0.00365749
4428.255223 1.00004922 0.00338008
4428.292151 0.99494847 0.00332233
4428.329079 0.99188844 0.00367609
4428.366007 1.00237125 0.00348620
4428.402936 1.00316451 0.00356838
4428.439865 0.99950277 0.00372812
4428.476794 0.99606258 0.00343686
4428.513724 1.00009808 0.00322387
4428.550654 0.99617541 0.00357212
4428.587584 1.00150677 0.00289486
4428.624515 0.99934082 0.00308404
4428.661446 0.99703764 0.00327620
4428.698377 0.99640071 0.00378515
4428.735308 1.00120958 0.00296744
4428.772240 1.00461919 0.00278427
4428.809172 1.00573816 0.00269284
4428.846105 1.00045646 0.00302190
4428.883038 0.99343422 0.00294946
4428.919971 0.99914480 0.00355452
4428.956904 0.99859444 0.00327553
4428.993838 0.99978691 0.00358774
4429.030772 0.99730339 0.00324353
4429.067706 1.00316006 0.00317472
4429.104641 1.00151425 0.00311691
4429.141576 0.99929052 0.00325196
4429.178511 1.00617986 0.00300513
4429.215446 1.00433518 0.00295159
4429.252382 1.00254308 0.00306602
4429.289318 1.00200760 0.00308147
4429.326255 1.00005748 0.00324253
4429.363191 0.99535953 0.00324040
4429.400129 0.99686532 0.00325426
4429.437066 0.99782116 0.00350283
4429.474004 0.99482618 0.00333691
4429.510942 0.99993627 0.00318688
4429.547880 1.00251530 0.00296252
4429.584819 1.00493281 0.00299723
4429.621757 0.99617928 0.00310151
4429.658697 0.99681664 0.00352059
4429.695636 0.99648732 0.00314089
4429.732576 0.99933549 0.00294636
4429.769516 1.00709563 0.00283057
4429.806457 1.00167249 0.00266692
4429.843397 0.99912035 0.00336867
4429.880338 1.00144461 0.00298417
4429.917280 0.99952867 0.00299767
4429.954222 1.00479220 0.00313612
4429.991164 0.99850116 0.00328865
4430.028106 0.99570905 0.00332132
4430.065048 1.00148076 0.00314066
4430.101991 0.99751716 0.00313177
4430.138935 0.99453178 0.00335698
4430.175878 0.99581563 0.00301361
4430.212822 1.00026017 0.00328182
4430.249766 0.99923917 0.00350480
4430.286711 0.99943291 0.00298987
4430.323655 0.99764831 0.00348578
4430.360600 1.00561644 0.00292063
4430.397546 1.00359033 0.00358569
4430.434492 0.99763363 0.00363145
4430.471438 0.99628658 0.00365003
4430.508384 0.99736317 0.00312026
4430.545330 0.99339572 0.00324539
4430.582277 0.99948583 0.00341751
4430.619225 0.99990093 0.00352347
4430.656172 0.99519732 0.00353673
4430.693120 0.99233995 0.00291140
4430.730068 0.99316556 0.00347312
4430.767017 0.99207701 0.00370492
4430.803965 0.99875869 0.00346124
4430.840914 0.99752879 0.00291347
4430.877864 0.99948873 0.00327990
4430.914814 0.99492216 0.00347237
4430.951764 1.00083136 0.00339110
4430.988714 1.00075665 0.00312253
4431.025664 1.00149472 0.00286059
4431.062615 1.00036347 0.00346263
4431.099567 1.00029628 0.00330313
4431.136518 0.99804750 0.00299583
4431.173470 1.00371686 0.00300808
4431.210422 0.99833044 0.00334172
4431.247375 0.99897520 0.00327361
4431.284327 0.99844353 0.00318565
4431.321281 0.99788163 0.00332545
4431.358234 0.99656431 0.00335140
4431.395188 0.99530960 0.00362678
4431.432142 0.99939196 0.00303504
4431.469096 0.99809301 0.00338629
4431.506051 0.99942220 0.00327632
4431.543006 1.00474828 0.00295152
4431.579961 0.99425253 0.00335051
4431.616916 0.99978776 0.00319862
4431.653872 0.99841968 0.00311872
4431.690828 1.00093641 0.00328286
4431.727785 0.99779102 0.00339932
4431.764742 0.99568943 0.00350732
4431.801699 0.98788786 0.00309156
4431.838656 0.99213238 0.00324455
4431.875614 1.00070710 0.00334785
4431.912572 0.99728962 0.00286927
4431.949530 0.99075294 0.00342779
4431.986489 0.98994360 0.00339299
4432.023448 0.99128013 0.00373412
4432.060407 0.99496626 0.00345868
4432.097367 0.99127010 0.00315242
4432.134326 0.99398152 0.00321855
4432.171287 0.99351219 0.00322231
4432.208247 0.99297634 0.00320763
4432.245208 0.99471588 0.00329431
4432.282169 0.99383267 0.00295305
4432.319130 0.99307230 0.00357136
4432.356092 0.98752803 0.00337390
4432.393054 0.99289615 0.00351790
4432.430017 0.99346000 0.00322485
4432.466979 0.99647182 0.00291963
4432.503942 0.99145579 0.00297203
4432.540905 0.99387631 0.00306841
4432.577869 0.99149102 0.00341778
4432.614833 0.99568103 0.00314444
4432.651797 0.98996923 0.00308195
4432.688761 0.98987981 0.00332141
4432.725726 0.99261010 0.00343274
4432.762691 0.99123399 0.00351647
4432.799657 0.99520205 0.00306011
4432.836623 0.99432542 0.00311814
4432.873589 0.99647208 0.00314839
4432.910555 0.99296010 0.00341783
4432.947522 0.98857772 0.00295582
4432.984489 0.98764946 0.00345721
4433.021456 0.98819702 0.00317821
4433.058423 0.99634911 0.00354260
4433.095391 0.99764767 0.00305791
4433.132359 0.99868361 0.00317045
4433.169328 0.99660660 0.00302025
4433.206297 0.99245211 0.00368340
4433.243266 0.99473554 0.00383032
4433.280235 0.99540415 0.00318352
4433.317205 0.99626088 0.00303344
4433.354175 0.99572085 0.00316608
4433.391145 0.99058876 0.00348904
4433.428116 0.99344796 0.00367255
4433.465087 0.99583475 0.00352116
4433.502058 0.99475196 0.00345321
4433.539030 0.99788344 0.00332208
4433.576002 0.99429422 0.00381824
4433.612974 0.99622073 0.00315140
4433.649946 0.99531817 0.00322004
4433.686919 0.99505090 0.00336887
4433.723892 0.99265474 0.00361101
4433.760866 0.99939193 0.00363917
4433.797840 1.00663033 0.00314457
4433.834814 0.99986216 0.00325147
4433.871788 0.99886798 0.00305077
4433.908763 0.99814501 0.00346849
4433.945738 0.99958623 0.00338767
4433.982713 1.00035330 0.00314460
4434.019688 0.99693267 0.00345541
4434.056664 0.99630731 0.00340951
4434.093641 0.99695635 0.00324376
4434.130617 0.99974875 0.00345166
4434.167594 0.99972918 0.00341942
4434.204571 1.00113013 0.00347188
4434.241548 1.00015656 0.00345896
4434.278526 1.00486306 0.00281531
4434.315504 0.99990507 0.00313491
4434.352483 0.99976543 0.00318076
4434.389461 0.99745406 0.00296371
4434.426440 0.99805578 0.00319272
4434.463420 0.99703651 0.00336967
4434.500399 0.99326705 0.00354444
4434.537379 0.99801369 0.00295462
4434.574359 0.99162743 0.00311572
4434.611340 0.99546090 0.00306801
4434.648321 1.00582625 0.00289825
4434.685302 0.99766218 0.00359301
4434.722283 0.99790824 0.00286687
4434.759265 0.99632369 0.00333039
4434.796247 0.99876190 0.00369315
4434.833229 1.00495227 0.00280707
4434.870212 0.99890882 0.00272963
4434.907195 1.00090857 0.00323665
4434.944178 1.00346363 0.00330743
4434.981162 1.00395442 0.00322138
4435.018146 1.00012744 0.00282895
4435.055130 0.99697134 0.00318332
4435.092115 1.00240947 0.00265533
4435.129100 1.00524245 0.00325217
4435.166085 0.99716528 0.00382043
4435.203070 0.99456012 0.00326775
4435.240056 1.00046495 0.00349551
4435.277042 0.99607497 0.00319752
4435.314028 1.00151400 0.00323201
4435.351015 1.00064147 0.00330249
4435.388002 0.99791027 0.00321277
4435.424989 1.00081318 0.00342371
4435.461977 1.00135662 0.00316526
4435.498965 0.99974259 0.00316804
4435.535953 0.99937271 0.00340636
4435.572942 1.00165752 0.00318598
4435.609931 1.00497288 0.00316417
4435.646920 1.00475906 0.00274391
4435.683909 1.00596076 0.00316534
4435.720899 0.99650744 0.00310102
4435.757889 0.99696841 0.00334061
4435.794879 0.99945325 0.00306409
4435.831870 0.99740430 0.00303900
4435.868861 0.99829319 0.00344241
4435.905852 0.99423919 0.00324167
4435.942844 1.00117166 0.00333883
4435.979836 0.99800013 0.00315200
4436.016828 1.00079440 0.00347196
4436.053821 0.99799447 0.00398875
4436.090814 1.00109354 0.00325679
4436.127807 1.00833856 0.00317727
4436.164800 1.00426840 0.00296644
4436.201794 0.99787158 0.00312315
4436.238788 0.99864756 0.00339412
4436.275783 0.99548679 0.00332722
4436.312777 0.99633069 0.00312516
4436.349772 0.99532737 0.00379212
4436.386768 0.98902936 0.00337481
4436.423763 0.98975569 0.00328988
4436.460759 0.98895571 0.00312452
4436.497756 0.98797729 0.00302106
4436.534752 0.98806765 0.00293004
4436.571749 0.99754386 0.00336998
4436.608746 0.99031556 0.00329308
4436.645744 0.98620403 0.00318181
4436.682741 0.98931084 0.00305343
4436.719740 0.97899303 0.00308731
4436.756738 0.98279427 0.00287060
4436.793737 0.97711874 0.00340669
4436.830736 0.98052461 0.00288034
4436.867735 0.97918832 0.00338344
4436.904735 0.97804805 0.00334265
4436.941735 0.97710742 0.00357751
4436.978735 0.97470216 0.00368321
4437.015736 0.96529737 0.00321060
4437.052736 0.97312014 0.00315154
4437.089738 0.97340229 0.00314279
4437.126739 0.96935568 0.00328515
4437.163741 0.97538800 0.00327515
4437.200743 0.97427748 0.00283184
4437.237745 0.97547201 0.00333021
4437.274748 0.97032597 0.00291664
4437.311751 0.96836370 0.00301655
4437.348755 0.97081559 0.00334377
4437.385758 0.96742790 0.00331126
4437.422762 0.97353276 0.00350523
4437.459766 0.97718194 0.00252033
4437.496771 0.97009762 0.00345739
4437.533776 0.96636552 0.00322999
4437.570781 0.97105591 0.00334835
4437.607787 0.97425440 0.00309566
4437.644792 0.97657814 0.00318232
4437.681799 0.97384201 0.00339944
4437.718805 0.97179395 0.00367290
4437.755812 0.97193503 0.00318054
4437.792819 0.97413976 0.00321925
4437.829826 0.97689789 0.00311239
4437.866834 0.97239994 0.00330140
4437.903842 0.97019557 0.00286022
4437.940850 0.97910004 0.00310005
4437.977859 0.97579189 0.00301836
4438.014868 0.97671747 0.00330702
4438.051877 0.97164093 0.00368178
4438.088886 0.97537728 0.00313351
4438.125896 0.97917316 0.00294966
4438.162906 0.97748017 0.00344940
4438.199917 0.97520202 0.00319223
4438.236928 0.98279495 0.00319194
4438.273939 0.98153683 0.00308654
4438.310950 0.98149908 0.00369308
4438.347962 0.98303879 0.00365975
4438.384974 0.98548864 0.00305954
4438.421986 0.98752671 0.00297756
4438.458999 0.99234820 0.00344592
4438.496012 0.99087741 0.00355290
4438.533025 0.98989499 0.00353260
4438.570038 0.98731960 0.00388227
4438.607052 0.99010421 0.00331670
4438.644066 0.98727967 0.00334409
4438.681081 0.99536780 0.00323315
4438.718096 0.99668519 0.00313129
4438.755111 0.99506565 0.00354129
4438.792126 1.00368776 0.00300863
4438.829142 0.99667922 0.00321419
4438.866158 0.99877606 0.00383499
4438.903174 0.99928743 0.00317922
4438.940191 1.00098224 0.00303874
4438.977208 0.99675331 0.00318954
4439.014225 0.99906477 0.00318710
4439.051242 0.99875545 0.00314907
4439.088260 0.99922324 0.00304869
4439.125278 0.99998324 0.00331168
4439.162297 0.99567661 0.00284765
4439.199316 0.99692249 0.00348121
4439.236335 0.99506199 0.00339761
4439.273354 0.99968523 0.00378118
4439.310374 0.99388940 0.00332484
4439.347394 1.00058259 0.00387155
4439.384414 0.99458875 0.00346411
4439.421435 0.99943308 0.00341300
4439.458456 0.99880735 0.00318043
4439.495477 0.99727459 0.00330712
4439.532499 0.99605184 0.00337536
4439.569520 1.00118042 0.00314918
4439.606543 0.99555811 0.00316871
4439.643565 0.99682493 0.00313735
4439.680588 0.99696729 0.00330254
4439.717611 0.99672987 0.00299549
4439.754634 0.99554906 0.00320480
4439.791658 0.99373717 0.00297894
4439.828682 0.99322937 0.00326731
4439.865706 0.99883589 0.00309887
4439.902731 1.00111469 0.00316542
4439.939756 0.99744067 0.00310821
4439.976781 0.99772705 0.00357750
4440.013807 1.00477127 0.00289260
4440.050833 0.99835705 0.00322266
4440.087859 0.99861206 0.00304422
4440.124886 0.99966986 0.00303544
4440.161912 0.99661643 0.00357775
4440.198939 0.99365973 0.00354098
4440.235967 0.99246763 0.00318584
4440.272995 0.99609703 0.00363084
4440.310023 0.99622812 0.00283978
4440.347051 0.99650760 0.00317583
4440.384080 0.99239369 0.00312910
4440.421109 0.99415062 0.00331205
4440.458138 0.99108175 0.00315734
4440.495168 0.99089171 0.00329577
4440.532197 0.99020189 0.00322540
4440.569228 0.99031662 0.00334953
4440.606258 0.98915796 0.00325738
4440.643289 0.98556968 0.00336158
4440.680320 0.99186003 0.00337907
4440.717352 0.99218500 0.00333181
4440.754383 0.99353795 0.00330383
4440.791415 0.99013015 0.00308428
4440.828448 0.98754864 0.00335686
4440.865480 0.99525991 0.00332024
4440.902513 0.99018842 0.00339517
4440.939547 0.99013874 0.00315800
4440.976580 0.99087574 0.00347561
4441.013614 0.99201373 0.00328441
4441.050648 0.99264278 0.00295138
4441.087683 0.98588191 0.00373755
4441.124718 0.98625692 0.00358429
4441.161753 0.98710158 0.00360912
4441.198788 0.99118118 0.00339382
4441.235824 0.98895381 0.00350905
4441.272860 0.99010687 0.00331417
4441.309897 0.98951603 0.00299544
4441.346933 0.99481527 0.00338925
4441.383970 0.98935810 0.00344641
4441.421008 0.99276304 0.00321368
4441.458045 0.98834431 0.00298071
4441.495083 0.98610565 0.00308437
4441.532121 0.98777831 0.00327627
4441.569160 0.98615357 0.00302806
4441.606199 0.98908415 0.00298244
4441.643238 0.99754694 0.00329335
4441.680277 0.99077989 0.00351322
4441.717317 0.99545319 0.00294248
4441.754357 0.99800947 0.00310257
4441.791398 0.98934818 0.00309094
4441.828438 0.98489754 0.00328305
4441.865479 0.98667387 0.00330245
4441.902521 0.98691004 0.00314834
4441.939562 0.98917837 0.00355284
4441.976604 0.98779236 0.00302218
4442.013647 0.98720023 0.00287755
4442.050689 0.98940963 0.00328871
4442.087732 0.98351780 0.00292718
4442.124775 0.99199325 0.00330291
4442.161819 0.98921032 0.00319967
4442.198862 0.98102264 0.00363772
4442.235907 0.98445791 0.00347858
4442.272951 0.98340838 0.00356137
4442.309996 0.98201300 0.00341184
4442.347041 0.98184059 0.00333166
4442.384086 0.98311811 0.00373129
4442.421132 0.97885670 0.00311878
4442.458178 0.98264939 0.00332709
4442.495224 0.98023652 0.00326362
4442.532271 0.98050004 0.00368067
4442.569317 0.98203928 0.00386874
4442.606365 0.98265387 0.00353477
4442.643412 0.98090588 0.00340537
4442.680460 0.97804080 0.00325597
4442.717508 0.97950911 0.00354120
4442.754557 0.97753201 0.00330874
4442.791605 0.97995273 0.00347125
4442.828654 0.98415555 0.00303342
4442.865704 0.98533889 0.00317313
4442.902753 0.98261893 0.00335716
4442.939803 0.98478760 0.00301583
4442.976854 0.98514085 0.00363060
4443.013904 0.98218079 0.00295292
4443.050955 0.97961610 0.00318952
4443.088006 0.98453043 0.00311597
4443.125058 0.98669201 0.00328930
4443.162110 0.98161749 0.00344183
4443.199162 0.98706807 0.00325683
4443.236214 0.98767712 0.00336886
4443.273267 0.98820625 0.00303716
4443.310320 0.98429131 0.00341152
4443.347373 0.98595284 0.00328259
4443.384427 0.98626701 0.00284183
4443.421481 0.98657936 0.00312927
4443.458535 0.97937952 0.00372222
4443.495590 0.98469654 0.00294603
4443.532645 0.98705099 0.00310827
4443.569700 0.98776648 0.00350110
4443.606756 0.98825151 0.00308742
4443.643812 0.98977125 0.00345587
4443.680868 0.98867748 0.00320926
4443.717924 0.98700908 0.00330464
4443.754981 0.98839228 0.00303690
4443.792038 0.99166704 0.00292098
4443.829095 0.98988479 0.00330319
4443.866153 0.99600304 0.00305038
4443.903211 1.00145844 0.00367097
4443.940269 1.00253028 0.00334191
4443.977328 1.00170948 0.00314774
4444.014387 0.99484157 0.00312519
4444.051446 0.99428152 0.00325395
4444.088506 1.00335098 0.00324396
4444.125566 1.00023728 0.00345148
4444.162626 0.99627507 0.00367763
4444.199686 0.99872564 0.00388766
4444.236747 0.99797752 0.00358575
4444.273808 1.00054367 0.00307727
4444.310870 1.00108141 0.00313902
4444.347931 1.00213938 0.00328718
4444.384993 0.99681667 0.00330700
4444.422056 1.00030596 0.00367732
4444.459118 0.99731191 0.00328338
4444.496181 0.99698416 0.00336454
4444.533245 1.00222325 0.00317198
4444.570308 1.00040546 0.00328778
4444.607372 0.99863326 0.00376955
4444.644436 1.00120374 0.00298996
4444.681501 1.00478976 0.00278782
4444.718566 0.99737593 0.00288417
4444.755631 1.00214925 0.00331464
4444.792696 1.00192013 0.00291574
4444.829762 1.00117293 0.00342133
4444.866828 1.00608288 0.00266980
4444.903894 1.00727769 0.00295205
4444.940961 1.00992753 0.00391340
4444.978028 1.00711433 0.00311721
4445.015095 0.99343400 0.00312950
4445.052163 0.99699084 0.00334552
4445.089231 1.00110785 0.00360697
4445.126299 0.99841035 0.00337005
4445.163367 1.00573967 0.00298588
4445.200436 1.00326289 0.00309623
4445.237505 1.00020511 0.00302065
4445.274575 0.99963855 0.00356481
4445.311644 0.99989045 0.00307502
4445.348715 1.00260195 0.00307269
4445.385785 1.00154116 0.00329831
4445.422856 0.99873422 0.00336249
4445.459927 1.00183498 0.00332381
4445.496998 0.99897164 0.00349586
4445.534069 1.00173210 0.00328200
4445.571141 0.99924687 0.00311090
4445.608214 1.00240762 0.00326370
4445.645286 1.00683952 0.00293372
4445.682359 1.00746265 0.00344112
4445.719432 1.00371910 0.00345464
4445.756506 1.00044551 0.00314647
4445.793579 1.00166789 0.00295860
4445.830654 1.00396586 0.00318013
4445.867728 0.99972244 0.00324056
4445.904803 0.99792223 0.00367891
4445.941878 0.99309683 0.00326181
4445.978953 0.99513415 0.00280137
4446.016029 0.99805359 0.00329167
4446.053104 0.99582012 0.00351232
4446.090181 0.99848765 0.00326011
4446.127257 0.99818035 0.00325778
4446.164334 0.99556955 0.00314352
4446.201411 0.99426007 0.00292264
4446.238489 0.99738156 0.00318187
4446.275567 0.99528146 0.00362924
4446.312645 0.98239978 0.00311559
4446.349723 0.98746405 0.00327731
4446.386802 0.98795900 0.00290839
4446.423881 0.99110249 0.00303636
4446.460960 0.99204042 0.00311329
4446.498040 0.98848289 0.00280049
4446.535120 0.98704807 0.00305627
4446.572200 0.98802212 0.00321510
4446.609281 0.98682191 0.00348796
4446.646362 0.98596027 0.00324643
4446.683443 0.98470315 0.00332549
4446.720524 0.98284157 0.00313424
4446.757606 0.98965888 0.00305195
4446.794688 0.98924905 0.00375562
4446.831771 0.99059766 0.00344347
4446.868853 0.98920561 0.00321310
4446.905936 0.98258423 0.00326243
4446.943020 0.98613959 0.00370740
4446.980103 0.98740505 0.00289636
4447.017187 0.98766056 0.00314903
4447.054272 0.98212952 0.00310527
4447.091356 0.98242290 0.00361660
4447.128441 0.98395236 0.00317955
4447.165526 0.98250128 0.00323529
4447.202612 0.98267326 0.00301883
4447.239698 0.98060974 0.00350637
4447.276784 0.97920586 0.00324765
4447.313870 0.97232306 0.00326791
4447.350957 0.96992090 0.00327743
4447.388044 0.97513463 0.00284638
4447.425132 0.96871720 0.00317566
4447.462219 0.97200819 0.00326588
4447.499307 0.97471716 0.00344702
4447.536396 0.96965653 0.00364879
4447.573484 0.97216696 0.00322459
4447.610573 0.97250800 0.00348232
4447.647662 0.97039275 0.00292890
4447.684752 0.96909456 0.00328803
4447.721842 0.97160400 0.00337955
4447.758932 0.97155962 0.00349327
4447.796022 0.97273516 0.00321777
4447.833113 0.97126860 0.00327602
4447.870204 0.97124546 0.00312882
4447.907296 0.97352143 0.00307676
4447.944387 0.97209311 0.00276588
4447.981479 0.97037321 0.00350526
4448.018572 0.97403388 0.00335894
4448.055664 0.97180419 0.00322516
4448.092757 0.97445020 0.00328064
4448.129851 0.97353191 0.00330265
4448.166944 0.97426095 0.00347850
4448.204038 0.97420388 0.00302677
4448.241132 0.97607694 0.00321775
4448.278227 0.97972227 0.00351043
4448.315321 0.97539810 0.00346873
4448.352417 0.97560641 0.00310918
4448.389512 0.97554590 0.00323353
4448.426608 0.97639729 0.00329664
4448.463704 0.97517983 0.00354355
4448.500800 0.97571608 0.00348575
4448.537897 0.97731228 0.00288095
4448.574994 0.97486640 0.00315589
4448.612091 0.97959228 0.00332764
4448.649189 0.98334691 0.00372646
4448.686286 0.97772135 0.00316837
4448.723385 0.97906914 0.00337976
4448.760483 0.98374821 0.00385979
4448.797582 0.98072513 0.00338408
4448.834681 0.98396092 0.00294864
4448.871781 0.98701452 0.00357013
4448.908880 0.98986190 0.00322293
4448.945980 0.98317494 0.00326871
4448.983081 0.98362325 0.00364330
4449.020181 0.98863656 0.00358701
4449.057282 0.98918012 0.00357181
4449.094384 0.98830733 0.00328364
4449.131485 0.98688813 0.00332506
4449.168587 0.99114723 0.00319015
4449.205689 0.99209638 0.00351528
4449.242792 0.99473126 0.00353335
4449.279895 0.99855872 0.00339813
4449.316998 0.99234228 0.00342184
4449.354101 0.99136227 0.00315574
4449.391205 0.99779531 0.00301703
4449.428309 1.00062452 0.00322976
4449.465414 1.00498860 0.00310479
4449.502518 0.99972771 0.00295876
4449.539623 0.99749232 0.00320976
4449.576729 0.99699854 0.00338365
4449.613834 0.99844259 0.00358371
4449.650940 0.99938938 0.00369258
4449.688047 1.00678316 0.00323238
4449.725153 1.00621921 0.00288904
4449.762260 1.00397320 0.00334703
4449.799367 1.00036282 0.00293623
4449.836475 1.00533295 0.00299202
4449.873582 1.00738049 0.00289557
4449.910691 1.00734178 0.00311786
4449.947799 1.00478696 0.00280475
4449.984908 0.99814809 0.00292695
4450.022017 0.99591508 0.00351434
4450.059126 1.00175460 0.00317001
4450.096236 0.99907204 0.00330587
4450.133346 1.00040282 0.00311240
4450.170456 1.00126079 0.00336642
4450.207567 1.00251695 0.00331319
4450.244677 1.00071688 0.00301934
4450.281789 0.99548380 0.00321047
4450.318900 0.99718829 0.00338500
4450.356012 1.00104362 0.00315462
4450.393124 1.00191411 0.00359336
4450.430237 1.00447479 0.00332149
4450.467349 1.00197634 0.00319454
4450.504462 1.00232657 0.00298751
4450.541576 1.00274739 0.00337962
4450.578689 1.00540097 0.00314381
4450.615803 0.99675992 0.00314941
4450.652918 1.00295224 0.00309366
4450.690032 1.00226341 0.00320214
4450.727147 1.00000125 0.00362419
4450.764262 1.00549173 0.00305408
4450.801378 1.00002781 0.00304704
4450.838494 0.99653717 0.00340537
4450.875610 1.00031961 0.00298882
4450.912726 1.00117105 0.00310389
4450.949843 1.00052191 0.00312165
4450.986960 1.00111506 0.00311948
4451.024078 0.99820450 0.00339296
4451.061195 0.99261148 0.00342386
4451.098313 0.99659825 0.00265487
4451.135432 0.99414808 0.00301971
4451.172550 0.99536600 0.00295381
4451.209669 1.00135346 0.00335980
4451.246789 0.99864561 0.00322892
4451.283908 0.99674855 0.00348140
4451.321028 1.00004560 0.00323949
4451.358148 0.99538005 0.00327470
4451.395269 0.99399142 0.00361191
4451.432389 0.99000311 0.00355747
4451.469511 0.98631106 0.00287510
4451.506632 0.99271454 0.00322414
4451.543754 0.99332422 0.00312922
4451.580876 0.98930705 0.00307082
4451.617998 0.98699980 0.00343586
4451.655121 0.99000305 0.00335603
4451.692244 0.98967628 0.00403372
4451.729367 0.99422274 0.00339846
4451.766491 0.99320797 0.00337812
4451.803614 0.99156637 0.00346399
4451.840739 0.98962878 0.00356437
4451.877863 0.98339508 0.00301337
4451.914988 0.98509102 0.00328673
4451.952113 0.98651092 0.00325102
4451.989238 0.98481478 0.00331307
4452.026364 0.99281587 0.00329844
4452.063490 0.98617872 0.00331428
4452.100617 0.98886280 0.00319508
4452.137743 0.98536487 0.00330151
4452.174870 0.98355533 0.00323342
4452.211998 0.98325198 0.00318884
4452.249125 0.98959023 0.00355814
4452.286253 0.98690034 0.00321566
4452.323381 0.98808158 0.00334160
4452.360510 0.98812848 0.00331613
4452.397639 0.98620338 0.00317735
4452.434768 0.98413735 0.00335652
4452.471897 0.98480748 0.00347882
4452.509027 0.98543073 0.00323243
4452.546157 0.98912757 0.00287286
4452.583288 0.98601158 0.00326203
4452.620418 0.98557383 0.00299115
4452.657549 0.99047546 0.00330378
4452.694681 0.98587177 0.00340472
4452.731812 0.99030759 0.00318523
4452.768944 0.98706696 0.00335380
4452.806076 0.98787428 0.00289750
4452.843209 0.98664573 0.00313247
4452.880342 0.98689318 0.00343333
4452.917475 0.98532584 0.00327302
4452.954609 0.98733921 0.00314255
4452.991742 0.98745021 0.00321103
4453.028876 0.98582390 0.00322753
4453.066011 0.98390247 0.00273336
4453.103146 0.99053529 0.00337007
4453.140281 0.99464825 0.00364774
4453.177416 0.99554440 0.00332259
4453.214552 0.99254146 0.00350253
4453.251688 0.99237172 0.00334581
4453.288824 0.99044474 0.00312659
4453.325961 0.99772645 0.00321466
4453.363097 0.99489748 0.00268382
4453.400235 0.99603582 0.00300981
4453.437372 0.99440446 0.00324129
4453.474510 0.99657693 0.00326716
4453.511648 0.99966089 0.00316858
4453.548787 0.99866578 0.00338394
4453.585925 0.99910226 0.00380668
4453.623064 1.00177785 0.00311975
4453.660204 0.99953892 0.00334389
4453.697343 1.00298356 0.00297601
4453.734483 1.00532257 0.00312474
4453.771624 1.00832673 0.00326340
4453.808764 1.00654898 0.00304387
4453.845905 1.00227589 0.00315790
4453.883046 0.99811512 0.00303818
4453.920188 0.99519870 0.00314530
4453.957330 1.00118536 0.00269702
4453.994472 0.99896940 0.00333080
4454.031614 1.00353674 0.00297473
4454.068757 0.99678740 0.00305459
4454.105900 1.00259809 0.00306025
4454.143044 1.00562208 0.00279883
4454.180187 1.00215957 0.00297997
4454.217331 0.99946748 0.00347649
4454.254476 0.99960046 0.00362438
4454.291620 1.00203782 0.00324690
4454.328765 1.00030386 0.00354671
4454.365911 1.00324570 0.00349508
4454.403056 1.00283809 0.00348285
4454.440202 1.00206811 0.00319658
4454.477348 0.99815613 0.00340584
4454.514495 1.00505081 0.00333340
4454.551642 0.99914177 0.00339464
4454.588789 1.00387285 0.00286157
4454.625936 1.00096423 0.00345723
4454.663084 0.99942203 0.00313399
4454.700232 0.99751736 0.00325220
4454.737380 0.99922730 0.00368329
4454.774529 1.00177994 0.00302385
4454.811678 1.00524151 0.00308765
4454.848827 1.00241159 0.00353549
4454.885977 1.00032141 0.00343751
4454.923127 1.00397393 0.00326705
4454.960277 1.00142770 0.00315383
4454.997427 1.00685165 0.00286248
4455.034578 1.00892125 0.00313580
4455.071729 1.00267088 0.00333645
4455.108881 1.00354001 0.00350341
4455.146033 1.00370144 0.00283466
4455.183185 1.00632247 0.00313555
4455.220337 1.00203334 0.00323312
4455.257490 1.00380294 0.00318363
4455.294643 0.99855813 0.00315994
4455.331796 1.00248971 0.00380627
4455.368950 1.00777874 0.00336992
4455.406104 1.00312955 0.00352791
4455.443258 1.00583184 0.00314643
4455.480412 1.00298512 0.00338654
4455.517567 1.00002576 0.00315016
4455.554723 0.99985153 0.00291803
4455.591878 1.00669064 0.00338040
4455.629034 1.00104566 0.00359452
4455.666190 1.00329604 0.00350129
4455.703346 0.99707052 0.00315377
4455.740503 0.99709784 0.00289293
4455.777660 0.99777378 0.00311744
4455.814817 1.00899896 0.00308921
4455.851975 1.00755153 0.00318927
4455.889133 1.00768796 0.00280578
4455.926291 1.00224738 0.00290576
4455.963450 0.99999023 0.00347552
4456.000609 1.00472563 0.00336055
4456.037768 1.00315582 0.00316929
4456.074927 1.00432089 0.00314946
4456.112087 0.99926409 0.00318091
4456.149247 1.00344527 0.00273150
4456.186408 1.00395113 0.00322470
4456.223569 0.99828537 0.00342156
4456.260730 1.00316061 0.00283801
4456.297891 1.00707255 0.00305237
4456.335053 1.00280020 0.00311689
4456.372215 1.00095854 0.00331563
4456.409377 1.00347451 0.00310105
4456.446540 1.00172326 0.00307683
4456.483703 1.00153977 0.00294823
4456.520866 1.00391425 0.00301494
4456.558029 1.00582504 0.00288830
4456.595193 1.00239831 0.00339201
4456.632357 1.00255141 0.00325860
4456.669522 1.00427766 0.00359192
4456.706687 1.00641565 0.00298616
4456.743852 0.99814407 0.00296485
4456.781017 0.99893989 0.00324356
4456.818183 1.00221997 0.00293188
4456.855349 1.00643084 0.00291965
4456.892515 1.00690634 0.00267464
4456.929682 1.00697762 0.00320406
4456.966849 1.00659784 0.00302439
4457.004016 1.00033645 0.00366371
4457.041183 0.99946018 0.00335994
4457.078351 0.99734657 0.00342648
4457.115520 1.00030146 0.00300702
4457.152688 1.00326283 0.00331752
4457.189857 1.00333634 0.00303137
4457.227026 1.01025963 0.00353732
4457.264195 1.00393491 0.00326137
4457.301365 1.00140130 0.00309969
4457.338535 1.00127209 0.00311388
4457.375706 0.99809516 0.00323611
4457.412876 1.00557409 0.00312175
4457.450047 1.00157723 0.00321492
4457.487218 0.99915891 0.00367839
4457.524390 0.99549957 0.00325118
4457.561562 0.99967756 0.00293386
4457.598734 1.00385995 0.00321594
4457.635907 0.99951891 0.00294334
4457.673080 1.00129719 0.00317176
4457.710253 1.00514974 0.00316875
4457.747426 1.00314548 0.00331143
4457.784600 0.99725702 0.00332203
4457.821774 0.99912037 0.00314944
4457.858948 1.00140113 0.00341035
4457.896123 1.00854360 0.00314460
4457.933298 1.00606715 0.00254182
4457.970473 1.00678746 0.00282568
4458.007649 1.00990345 0.00388483
4458.044825 1.00561104 0.00336049
4458.082001 0.99768362 0.00358113
4458.119178 0.99826937 0.00312538
4458.156355 1.00230750 0.00330391
4458.193532 1.00669699 0.00280536
4458.230709 1.00392902 0.00331482
4458.267887 1.00581471 0.00332310
4458.305065 1.00171927 0.00275748
4458.342244 1.00219759 0.00356185
4458.379422 1.00023185 0.00352939
4458.416601 0.99958199 0.00287307
4458.453781 1.00214785 0.00320227
4458.490960 1.00396365 0.00305804
4458.528140 1.00515314 0.00304985
4458.565321 1.00212709 0.00319123
4458.602501 1.00352675 0.00294946
4458.639682 0.99533808 0.00321271
4458.676863 1.00336638 0.00336727
4458.714045 1.00441120 0.00338110
4458.751227 1.00615854 0.00279214
4458.788409 0.99687371 0.00346236
4458.825591 0.99654706 0.00364033
4458.862774 0.99857047 0.00337512
4458.899957 0.99910984 0.00349093
4458.937140 1.00148757 0.00341800
4458.974324 1.00260983 0.00326538
4459.011508 1.00096199 0.00330462
4459.048692 0.99848225 0.00339275
4459.085877 1.00078709 0.00333450
4459.123062 1.00591582 0.00291638
4459.160247 1.00902256 0.00318805
4459.197433 1.00797329 0.00297854
4459.234619 1.00452556 0.00318462
4459.271805 1.00510614 0.00299042
4459.308991 1.00542257 0.00322813
4459.346178 0.99745889 0.00347080
4459.383365 1.00259794 0.00344630
4459.420553 1.00473581 0.00309786
4459.457740 1.00365730 0.00378001
4459.494928 0.99796040 0.00332153
4459.532117 0.99649233 0.00326312
4459.569305 1.00266384 0.00341156
4459.606494 0.99830461 0.00335442
4459.643684 0.99864491 0.00304723
4459.680873 1.00275281 0.00305313
4459.718063 1.00469188 0.00316212
4459.755253 0.99825935 0.00315771
4459.792444 0.99831740 0.00340480
4459.829635 1.00246083 0.00315946
4459.866826 0.99741127 0.00308596
4459.904017 1.00371174 0.00340627
4459.941209 1.00290626 0.00330976
4459.978401 0.99938397 0.00312174
4460.015593 0.99835695 0.00331506
4460.052786 1.00052064 0.00335470
4460.089979 0.99637361 0.00333849
4460.127172 0.99549334 0.00302446
4460.164366 0.99782859 0.00306097
4460.201560 0.99869551 0.00324730
4460.238754 1.00143776 0.00336345
4460.275949 1.00113109 0.00314511
4460.313143 1.00033393 0.00317245
4460.350339 1.00262907 0.00297227
4460.387534 0.99877165 0.00331182
4460.424730 0.99785285 0.00336447
4460.461926 0.99842470 0.00321304
4460.499122 1.00526129 0.00302892
4460.536319 1.00168428 0.00328064
4460.573516 0.99907012 0.00270939
4460.610713 1.00059995 0.00307804
4460.647911 1.00643849 0.00310012
4460.685109 1.00732795 0.00335496
4460.722307 1.00587348 0.00294630
4460.759506 0.99626918 0.00295556
4460.796705 0.99775784 0.00342165
4460.833904 0.99743172 0.00340422
4460.871104 0.99214300 0.00290900
4460.908303 0.99638195 0.00301560
4460.945503 0.98984474 0.00375183
4460.982704 0.99712322 0.00271768
4461.019905 0.99677316 0.00314252
4461.057106 0.99985889 0.00332512
4461.094307 0.99335512 0.00316956
4461.131509 0.99579590 0.00352699
4461.168711 0.99596116 0.00334827
4461.205913 0.99338415 0.00323505
4461.243116 1.00513214 0.00310748
4461.280319 0.99927180 0.00338579
4461.317522 0.99558355 0.00345629
4461.354725 0.99517616 0.00318290
4461.391929 0.99120090 0.00362936
4461.429133 0.99291441 0.00312128
4461.466338 0.99205495 0.00305307
4461.503543 0.99941733 0.00333270
4461.540748 0.99789629 0.00309500
4461.577953 0.99528738 0.00296895
4461.615159 0.99659544 0.00303422
4461.652365 0.99777898 0.00314672
4461.689571 0.99439879 0.00352674
4461.726778 0.99607346 0.00331161
4461.763985 0.99467117 0.00306744
4461.801192 0.99593043 0.00329136
4461.838400 0.99515511 0.00314359
4461.875607 0.99184541 0.00317246
4461.912816 0.99403957 0.00324840
4461.950024 0.99143623 0.00313695
4461.987233 0.99777109 0.00368992
4462.024442 0.99623070 0.00322151
4462.061652 1.00116529 0.00358844
4462.098861 0.99784013 0.00334784
4462.136071 0.99591291 0.00384701
4462.173282 0.99252942 0.00360956
4462.210492 0.99278687 0.00341111
4462.247703 0.99541087 0.00352681
4462.284915 0.99247429 0.00380681
4462.322126 0.99683212 0.00348134
4462.359338 0.99368459 0.00296634
4462.396550 0.99474062 0.00300015
4462.433763 1.00244905 0.00344632
4462.470976 0.99364302 0.00345361
4462.508189 0.99089341 0.00316162
4462.545402 0.98769688 0.00327806
4462.582616 0.99166996 0.00331290
4462.619830 0.98963251 0.00342718
4462.657045 0.99575981 0.00325977
4462.694259 0.99591809 0.00304178
4462.731474 0.99434768 0.00341399
4462.768690 0.99431211 0.00309666
4462.805905 0.98913212 0.00276944
4462.843121 1.00045445 0.00332984
4462.880338 0.99295802 0.00280792
4462.917554 0.98755757 0.00359109
4462.954771 0.99504798 0.00335821
4462.991988 0.99265495 0.00349447
4463.029206 0.99196971 0.00341885
4463.066424 0.99428369 0.00348130
4463.103642 0.99083344 0.00371077
4463.140860 0.99073546 0.00397704
4463.178079 0.99318181 0.00305980
4463.215298 0.99167707 0.00329904
4463.252517 0.99286795 0.00310508
4463.289737 0.99353344 0.00323037
4463.326957 0.99857788 0.00363721
4463.364177 0.99430345 0.00310443
4463.401398 0.99374462 0.00328138
4463.438619 0.98978944 0.00322235
4463.475840 0.98945259 0.00342204
4463.513061 0.99510201 0.00323985
4463.550283 0.99327880 0.00379391
4463.587505 0.99398469 0.00338648
4463.624728 0.99224448 0.00375717
4463.661951 0.99266457 0.00333053
4463.699174 0.99452066 0.00315827
4463.736397 0.99595240 0.00350031
4463.773621 0.99556158 0.00324494
4463.810845 0.99055656 0.00355241
4463.848069 0.98895501 0.00309862
4463.885294 0.98768584 0.00316965
4463.922519 0.99100724 0.00297276
4463.959744 0.99613395 0.00287451
4463.996970 0.99921916 0.00324089
4464.034196 0.99864249 0.00332582
4464.071422 0.99320000 0.00371721
4464.108648 0.99346177 0.00325653
4464.145875 0.99115700 0.00294523
4464.183102 0.99114227 0.00325955
4464.220330 0.99108253 0.00301785
4464.257557 0.99432781 0.00344322
4464.294785 0.99035534 0.00376927
4464.332014 0.99137737 0.00319863
4464.369243 0.98886231 0.00366206
4464.406471 0.98916343 0.00316720
4464.443701 0.98820967 0.00312692
4464.480930 0.98627269 0.00305853
4464.518160 0.98153738 0.00330718
4464.555391 0.98764684 0.00339430
4464.592621 0.98843484 0.00341728
4464.629852 0.98857396 0.00336598
4464.667083 0.98890938 0.00343702
4464.704315 0.98498087 0.00304690
4464.741546 0.98713308 0.00300263
4464.778778 0.98584980 0.00331940
4464.816011 0.98632877 0.00331594
4464.853244 0.98584093 0.00348831
4464.890477 0.98895031 0.00316024
4464.927710 0.98517939 0.00362741
4464.964944 0.98440801 0.00312597
4465.002178 0.98404454 0.00309196
4465.039412 0.98519830 0.00365221
4465.076646 0.98539631 0.00328795
4465.113881 0.98212962 0.00328670
4465.151116 0.97847121 0.00312872
4465.188352 0.98037284 0.00345455
4465.225588 0.97932675 0.00333850
4465.262824 0.97687464 0.00284782
4465.300060 0.97664610 0.00291153
4465.337297 0.97304194 0.00327463
4465.374534 0.97895594 0.00310378
4465.411772 0.98095185 0.00314562
4465.449009 0.97802497 0.00309525
4465.486247 0.97918109 0.00332213
4465.523485 0.97446126 0.00362823
4465.560724 0.97393241 0.00319547
4465.597963 0.97145470 0.00315856
4465.635202 0.97360607 0.00296160
4465.672442 0.96603904 0.00341575
4465.709682 0.97218976 0.00343675
4465.746922 0.97394547 0.00288302
4465.784162 0.98000587 0.00368923
4465.821403 0.97375469 0.00359828
4465.858644 0.97604347 0.00338076
4465.895886 0.97865127 0.00340275
4465.933127 0.98065486 0.00307183
4465.970369 0.97443343 0.00310854
4466.007612 0.97699009 0.00303109
4466.044854 0.97580838 0.00315897
4466.082097 0.97769830 0.00338226
4466.119341 0.97698384 0.00287130
4466.156584 0.97726133 0.00325805
4466.193828 0.97341308 0.00336768
4466.231072 0.98502070 0.00365833
4466.268317 0.98303910 0.00322634
4466.305562 0.98255677 0.00327170
4466.342807 0.97759800 0.00354034
4466.380052 0.98119286 0.00328858
4466.417298 0.98598931 0.00304927
4466.454544 0.97651674 0.00292962
4466.491790 0.98157344 0.00335401
4466.529037 0.98437796 0.00308343
4466.566284 0.98004792 0.00319230
4466.603531 0.98252718 0.00329393
4466.640779 0.98956017 0.00315482
4466.678027 0.98366823 0.00349829
4466.715275 0.98277488 0.00323385
4466.752524 0.98249031 0.00365256
4466.789773 0.97975025 0.00328099
4466.827022 0.98483826 0.00343195
4466.864271 0.98276829 0.00352347
4466.901521 0.98305889 0.00299831
4466.938771 0.98266747 0.00313949
4466.976022 0.98030961 0.00314820
4467.013272 0.97582796 0.00311291
4467.050523 0.98259624 0.00345855
4467.087775 0.98278897 0.00316365
4467.125026 0.98424815 0.00367007
4467.162278 0.98046783 0.00329216
4467.199531 0.97694932 0.00362439
4467.236783 0.97658433 0.00336037
4467.274036 0.97918102 0.00323624
4467.311289 0.98490513 0.00324174
4467.348543 0.98244254 0.00332769
4467.385797 0.97941470 0.00318637
4467.423051 0.97634075 0.00369512
4467.460305 0.97785584 0.00347920
4467.497560 0.97521335 0.00311299
4467.534815 0.97379116 0.00337175
4467.572070 0.97592124 0.00316662
4467.609326 0.97432875 0.00315349
4467.646582 0.97382588 0.00353369
4467.683838 0.97879141 0.00329788
4467.721095 0.97563006 0.00327555
4467.758352 0.97293458 0.00337403
4467.795609 0.96841186 0.00328728
4467.832867 0.96719465 0.00340851
4467.870125 0.97620800 0.00347376
4467.907383 0.97493783 0.00352964
4467.944641 0.97029416 0.00337369
4467.981900 0.97669901 0.00331331
4468.019159 0.97152629 0.00293520
4468.056419 0.96752593 0.00341244
4468.093678 0.96922772 0.00294234
4468.130938 0.97400992 0.00312542
4468.168199 0.97595543 0.00319838
4468.205459 0.97043318 0.00309292
4468.242720 0.97415850 0.00261356
4468.279982 0.96847965 0.00320131
4468.317243 0.96977049 0.00314543
4468.354505 0.97259103 0.00360880
4468.391767 0.97389597 0.00307030
4468.429030 0.97220508 0.00307275
4468.466293 0.96784410 0.00295012
4468.503556 0.97005176 0.00299342
4468.540819 0.97077894 0.00317134
4468.578083 0.96305027 0.00347869
4468.615347 0.96331806 0.00314428
4468.652612 0.96827134 0.00326473
4468.689876 0.96741015 0.00365740
4468.727141 0.96264719 0.00388591
4468.764407 0.96454535 0.00337590
4468.801672 0.96775209 0.00335565
4468.838938 0.96702297 0.00308575
4468.876205 0.96782184 0.00335295
4468.913471 0.96490718 0.00306229
4468.950738 0.96219537 0.00335656
4468.988005 0.96278117 0.00384843
4469.025273 0.96533802 0.00356097
4469.062541 0.96292319 0.00388031
4469.099809 0.96384527 0.00297751
4469.137077 0.96358363 0.00306180
4469.174346 0.96385560 0.00293015
4469.211615 0.96496882 0.00393080
4469.248884 0.96170647 0.00311839
4469.286154 0.95886361 0.00333393
4469.323424 0.96102161 0.00336092
4469.360694 0.95936787 0.00317773
4469.397965 0.95787286 0.00319261
4469.435236 0.95800259 0.00324111
4469.472507 0.95629228 0.00347953
4469.509779 0.95685011 0.00315380
4469.547050 0.95426669 0.00315246
4469.584323 0.95349096 0.00311347
4469.621595 0.95337312 0.00305218
4469.658868 0.94275596 0.00292110
4469.696141 0.93828435 0.00379087
4469.733414 0.94406040 0.00294747
4469.770688 0.93951317 0.00314191
4469.807962 0.94154828 0.00381709
4469.845237 0.94002832 0.00338199
4469.882511 0.94092163 0.00325561
4469.919786 0.92853084 0.00320771
4469.957061 0.92132099 0.00338265
4469.994337 0.92292888 0.00342516
4470.031613 0.91890434 0.00307425
4470.068889 0.91066477 0.00323804
4470.106166 0.90750791 0.00359431
4470.143442 0.89938367 0.00362292
4470.180720 0.89866940 0.00296644
4470.217997 0.89564949 0.00317823
4470.255275 0.88473806 0.00310272
4470.292553 0.87445046 0.00329946
4470.329831 0.86431999 0.00327680
4470.367110 0.86250420 0.00306473
4470.404389 0.85103330 0.00300950
4470.441668 0.84250196 0.00311930
4470.478948 0.84295534 0.00280159
4470.516228 0.83039186 0.00351413
4470.553508 0.81829959 0.00352992
4470.590789 0.81052921 0.00308802
4470.628069 0.80223497 0.00347574
4470.665351 0.79588740 0.00308695
4470.702632 0.78919364 0.00336733
4470.739914 0.78320229 0.00335877
4470.777196 0.77538090 0.00317859
4470.814479 0.76432269 0.00283260
4470.851761 0.75598289 0.00340791
4470.889044 0.74951993 0.00354335
4470.926328 0.73983451 0.00374094
4470.963611 0.73673738 0.00391366
4471.000895 0.72606898 0.00297673
4471.038180 0.72537564 0.00318035
4471.075464 0.72110207 0.00335865
4471.112749 0.71920776 0.00327189
4471.150034 0.71096317 0.00328105
4471.187320 0.71119068 0.00367244
4471.224606 0.70342101 0.00315923
4471.261892 0.70057717 0.00329665
4471.299178 0.69516363 0.00345565
4471.336465 0.69548143 0.00271322
4471.373752 0.70115994 0.00355920
4471.411040 0.69487910 0.00324727
4471.448327 0.69378910 0.00357663
4471.485615 0.68853965 0.00346771
4471.522904 0.69041760 0.00353230
4471.560192 0.69405397 0.00329985
4471.597481 0.69669798 0.00330355
4471.634771 0.69546768 0.00354440
4471.672060 0.69595354 0.00396133
4471.709350 0.69854188 0.00315539
4471.746640 0.69926917 0.00276915
4471.783931 0.70782243 0.00301563
4471.821221 0.71007044 0.00320165
4471.858513 0.71584529 0.00355023
4471.895804 0.72077884 0.00388207
4471.933096 0.72264059 0.00298508
4471.970388 0.72640203 0.00334565
4472.007680 0.73316742 0.00340180
4472.044973 0.73687058 0.00323729
4472.082266 0.74656686 0.00321838
4472.119559 0.75010671 0.00334662
4472.156853 0.76407448 0.00317364
4472.194147 0.76847212 0.00334570
4472.231441 0.77582303 0.00341812
4472.268736 0.78673352 0.00340934
4472.306030 0.79211893 0.00307781
4472.343326 0.80166013 0.00305547
4472.380621 0.81137758 0.00330322
4472.417917 0.82548806 0.00325574
4472.455213 0.82863669 0.00343071
4472.492509 0.83521341 0.00337413
4472.529806 0.84440791 0.00364498
4472.567103 0.85791953 0.00330368
4472.604401 0.86327262 0.00303310
4472.641698 0.87430082 0.00312186
4472.678996 0.87881495 0.00341370
4472.716294 0.88173202 0.00312973
4472.753593 0.89531339 0.00336071
4472.790892 0.90391900 0.00348137
4472.828191 0.91106704 0.00337178
4472.865491 0.91840589 0.00303613
4472.902791 0.91932451 0.00314034
4472.940091 0.92582393 0.00317923
4472.977391 0.93256173 0.00351432
4473.014692 0.93654737 0.00335003
4473.051993 0.93732474 0.00308679
4473.089294 0.93823359 0.00287286
4473.126596 0.94623933 0.00322681
4473.163898 0.95165725 0.00312532
4473.201200 0.95516717 0.00362775
4473.238503 0.96066898 0.00312673
4473.275806 0.95116228 0.00286140
4473.313109 0.95439000 0.00319264
4473.350413 0.96452338 0.00312708
4473.387717 0.96102927 0.00339294
4473.425021 0.96339571 0.00304971
4473.462325 0.96254235 0.00344717
4473.499630 0.96729793 0.00365263
4473.536935 0.96659928 0.00317918
4473.574241 0.97134794 0.00336479
4473.611547 0.97277333 0.00334107
4473.648853 0.96823008 0.00343851
4473.686159 0.97016516 0.00323861
4473.723466 0.97528387 0.00328706
4473.760773 0.97576253 0.00293707
4473.798080 0.98437161 0.00292565
4473.835388 0.97563478 0.00348466
4473.872696 0.97407425 0.00332491
4473.910004 0.97971523 0.00314147
4473.947312 0.97911399 0.00319908
4473.984621 0.98249345 0.00342202
4474.021930 0.97669808 0.00360892
4474.059240 0.97561717 0.00363849
4474.096550 0.97769003 0.00337228
4474.133860 0.98274801 0.00353911
4474.171170 0.99020222 0.00295011
4474.208481 0.98081225 0.00299619
4474.245792 0.98415583 0.00381512
4474.283103 0.98522241 0.00345820
4474.320415 0.98750769 0.00281421
4474.357727 0.98395802 0.00357638
4474.395039 0.98367512 0.00349565
4474.432352 0.98567910 0.00331935
4474.469665 0.98488081 0.00346037
4474.506978 0.98581783 0.00339324
4474.544291 0.98918825 0.00371785
4474.581605 0.98684943 0.00364165
4474.618919 0.99039775 0.00315016
4474.656234 0.99012687 0.00348446
4474.693549 0.99152389 0.00328087
4474.730864 0.98617643 0.00337655
4474.768179 0.99010727 0.00373159
4474.805495 0.99361927 0.00331039
4474.842811 0.98757134 0.00340513
4474.880127 0.99648846 0.00311455
4474.917444 0.98986518 0.00309515
4474.954761 0.98750183 0.00350330
4474.992078 0.99358262 0.00326998
4475.029396 0.99614882 0.00332242
4475.066713 0.99369331 0.00331986
4475.104032 0.99848408 0.00282884
4475.141350 0.99813062 0.00308091
4475.178669 0.99514714 0.00279675
4475.215988 0.99434237 0.00325326
4475.253308 0.99098297 0.00302349
4475.290627 0.99902181 0.00344720
4475.327947 0.98933689 0.00316276
4475.365268 0.98830717 0.00278152
4475.402588 0.99051356 0.00337829
4475.439909 0.99354153 0.00362060
4475.477231 0.99326596 0.00357405
4475.514552 0.99540528 0.00349175
4475.551874 0.99257856 0.00330691
4475.589197 0.99209331 0.00286957
4475.626519 0.99950681 0.00335957
4475.663842 0.99557097 0.00382616
4475.701165 0.98972743 0.00374026
4475.738489 0.99319834 0.00341376
4475.775812 0.99596766 0.00370267
4475.813137 0.99518847 0.00327922
4475.850461 0.99562478 0.00327517
4475.887786 0.99597700 0.00326814
4475.925111 0.99374397 0.00312942
4475.962436 0.99347841 0.00325257
4475.999762 0.99950208 0.00392024
4476.037088 1.00229897 0.00338091
4476.074414 1.00175212 0.00352356
4476.111741 0.99689652 0.00343070
4476.149067 0.99714696 0.00323804
4476.186395 0.99950382 0.00359612
4476.223722 0.99321964 0.00366875
4476.261050 0.99632554 0.00368358
4476.298378 0.99470662 0.00323464
4476.335707 0.99743220 0.00355548
4476.373035 1.00048553 0.00364711
4476.410365 0.99032117 0.00325937
4476.447694 0.99322956 0.00305019
4476.485024 0.99950564 0.00321430
4476.522354 0.99849391 0.00295370
4476.559684 0.99767473 0.00366340
4476.597015 0.99979840 0.00353646
4476.634346 0.99413572 0.00344617
4476.671677 0.99525197 0.00327711
4476.709008 0.99861024 0.00317282
4476.746340 1.00199919 0.00320884
4476.783673 0.99685086 0.00319024
4476.821005 0.99482611 0.00340113
4476.858338 0.99014677 0.00326192
4476.895671 0.99642314 0.00325809
4476.933005 0.99647774 0.00310573
4476.970338 0.99392735 0.00294943
4477.007672 0.99687247 0.00304709
4477.045007 0.99772183 0.00299427
4477.082341 0.99938243 0.00321292
4477.119676 0.99710820 0.00382314
4477.157012 0.99642727 0.00306454
4477.194347 0.99334155 0.00306772
4477.231683 0.99895847 0.00314599
4477.269020 0.99598374 0.00298231
4477.306356 0.99507328 0.00319467
4477.343693 1.00466316 0.00323435
4477.381030 0.99860477 0.00359200
4477.418368 0.99047101 0.00308377
4477.455705 0.99773007 0.00348950
4477.493044 1.00024001 0.00351439
4477.530382 0.99914803 0.00339692
4477.567721 0.99708095 0.00350501
4477.605060 0.99697069 0.00337599
4477.642399 1.00056089 0.00336393
4477.679739 0.99777923 0.00333938
4477.717079 0.99541742 0.00321089
4477.754419 0.99375789 0.00330866
4477.791760 0.99558406 0.00300634
4477.829101 1.00034120 0.00311843
4477.866442 1.00318595 0.00348229
4477.903783 1.00720282 0.00321132
4477.941125 1.00009421 0.00316893
4477.978467 0.99988489 0.00345213
4478.015810 0.99363677 0.00308819
4478.053153 0.99586071 0.00328530
4478.090496 1.00425906 0.00329010
4478.127839 0.99983793 0.00309735
4478.165183 0.99304540 0.00315393
4478.202527 0.99671340 0.00314975
4478.239871 1.00111843 0.00344972
4478.277216 0.99839960 0.00326226
4478.314561 0.99116743 0.00325597
4478.351906 0.99498716 0.00359277
4478.389252 0.99403115 0.00306665
4478.426598 0.99501958 0.00263544
4478.463944 0.99291922 0.00332309
4478.501290 0.99256294 0.00308982
4478.538637 0.99948046 0.00355400
4478.575984 0.99819825 0.00315214
4478.613332 0.99897550 0.00310362
4478.650680 1.00078143 0.00333016
4478.688028 0.99442918 0.00331972
4478.725376 0.99892784 0.00349143
4478.762725 0.99759734 0.00334850
4478.800074 0.99733962 0.00311005
4478.837423 0.99503538 0.00322521
4478.874773 0.99790328 0.00332499
4478.912123 0.99548941 0.00335883
4478.949473 0.99788015 0.00342612
4478.986824 0.99851770 0.00350371
4479.024174 1.00521825 0.00281915
4479.061526 1.00243069 0.00296020
4479.098877 1.00472011 0.00346925
4479.136229 0.99902984 0.00353973
4479.173581 1.00180848 0.00341696
4479.210934 1.00077398 0.00351000
4479.248286 1.00458788 0.00317897
4479.285639 1.00401165 0.00316692
4479.322993 1.00728047 0.00296222
4479.360346 1.00012915 0.00327851
4479.397700 1.00110101 0.00326555
4479.435055 1.00230036 0.00327717
4479.472409 1.00329231 0.00303413
4479.509764 0.99880228 0.00316240
4479.547120 0.99812145 0.00293190
4479.584475 1.00125251 0.00291162
4479.621831 1.00045578 0.00312659
4479.659187 0.99980727 0.00319466
4479.696544 1.00572975 0.00322178
4479.733901 1.00205983 0.00314883
4479.771258 1.00428959 0.00306194
4479.808615 0.99879294 0.00322654
4479.845973 0.99683866 0.00366322
4479.883331 0.99974899 0.00360983
4479.920689 1.00206813 0.00340123
4479.958048 0.99811379 0.00306036
4479.995407 0.99929925 0.00318628
4480.032766 0.99149860 0.00310988
4480.070126 0.98841454 0.00320452
4480.107486 0.98550095 0.00341965
4480.144846 0.98067582 0.00307107
4480.182206 0.98078208 0.00325552
4480.219567 0.97925245 0.00371859
4480.256928 0.97463906 0.00312985
4480.294290 0.96790272 0.00305352
4480.331652 0.97264996 0.00339711
4480.369014 0.96858579 0.00342121
4480.406376 0.96901920 0.00312572
4480.443739 0.96291701 0.00340746
4480.481102 0.95947174 0.00313409
4480.518465 0.95795928 0.00325678
4480.555829 0.95025968 0.00336627
4480.593193 0.95062205 0.00327019
4480.630557 0.95232281 0.00331271
4480.667922 0.95360074 0.00317444
4480.705287 0.94952033 0.00365023
4480.742652 0.95055015 0.00338042
4480.780017 0.95265351 0.00328176
4480.817383 0.94410721 0.00319418
4480.854749 0.94623358 0.00340306
4480.892116 0.94776122 0.00309928
4480.929483 0.94399786 0.00314302
4480.966850 0.94518412 0.00330538
4481.004217 0.94497665 0.00362037
4481.041585 0.94159397 0.00342083
4481.078953 0.94110785 0.00268740
4481.116321 0.95039448 0.00306124
4481.153690 0.95268588 0.00367213
4481.191059 0.94869634 0.00315487
4481.228428 0.94799816 0.00360645
4481.265798 0.94472703 0.00290759
4481.303168 0.93743409 0.00334713
4481.340538 0.94378468 0.00326258
4481.377908 0.93781101 0.00288234
4481.415279 0.93955086 0.00333973
4481.452650 0.94949156 0.00314549
4481.490022 0.95198912 0.00349871
4481.527393 0.94541286 0.00298636
4481.564766 0.94128921 0.00287086
4481.602138 0.94993632 0.00297759
4481.639511 0.95572994 0.00340522
4481.676884 0.95806750 0.00366032
4481.714257 0.95205912 0.00309550
4481.751631 0.95324760 0.00319505
4481.789005 0.95839548 0.00325320
4481.826379 0.96269689 0.00347048
4481.863753 0.95913757 0.00314571
4481.901128 0.95997692 0.00348015
4481.938503 0.96371262 0.00330945
4481.975879 0.96074814 0.00337780
4482.013255 0.96781281 0.00291151
4482.050631 0.96940125 0.00308040
4482.088007 0.96952040 0.00338508
4482.125384 0.96996193 0.00325044
4482.162761 0.97478930 0.00325814
4482.200138 0.97686688 0.00341459
4482.237516 0.98262929 0.00327557
4482.274894 0.98529789 0.00295888
4482.312272 0.98640720 0.00311619
4482.349651 0.98915534 0.00333827
4482.387030 0.99163310 0.00312295
4482.424409 0.98793234 0.00299773
4482.461789 0.99202578 0.00334762
4482.499169 0.99987515 0.00343946
4482.536549 1.00029417 0.00311113
4482.573929 0.99902071 0.00341676
4482.611310 0.99886921 0.00289125
4482.648691 0.99863791 0.00270813
4482.686073 1.00481212 0.00280971
4482.723454 0.99945396 0.00277464
4482.760836 0.99935504 0.00331770
4482.798219 0.99534542 0.00319069
4482.835601 0.99815407 0.00267633
4482.872984 0.99548034 0.00330427
4482.910368 0.99596295 0.00301156
4482.947751 0.99877108 0.00329150
4482.985135 0.99973743 0.00318881
4483.022519 1.00564234 0.00305381
4483.059904 0.99994998 0.00315982
4483.097289 0.99843543 0.00354846
4483.134674 1.00290165 0.00329665
4483.172059 1.00005456 0.00276024
4483.209445 0.99580088 0.00293481
4483.246831 0.99760702 0.00321672
4483.284218 1.00083491 0.00298999
4483.321605 1.00644831 0.00314826
4483.358992 0.99959536 0.00320362
4483.396379 1.00296594 0.00314968
4483.433767 1.00337157 0.00332841
4483.471155 1.00207043 0.00353994
4483.508543 1.00365563 0.00293589
4483.545931 1.00083654 0.00293615
4483.583320 0.99788845 0.00323631
4483.620710 0.99971092 0.00357279
4483.658099 1.00227943 0.00343774
4483.695489 1.00245556 0.00373863
4483.732879 0.99603718 0.00325121
4483.770269 1.00098525 0.00325925
4483.807660 0.99716511 0.00330407
4483.845051 0.99651165 0.00325390
4483.882443 1.00177861 0.00356917
4483.919834 1.00335334 0.00295755
4483.957226 0.99954650 0.00331392
4483.994619 0.99999007 0.00346466
4484.032011 1.00110435 0.00365338
4484.069404 0.99863028 0.00345881
4484.106798 0.99829868 0.00366283
4484.144191 1.00031669 0.00331269
4484.181585 1.00467602 0.00301266
4484.218979 1.00265891 0.00330969
4484.256374 0.99542194 0.00314280
4484.293769 1.00188692 0.00312857
4484.331164 1.00187712 0.00336917
4484.368559 1.00331382 0.00294522
4484.405955 1.00415747 0.00332500
4484.443351 1.00543943 0.00309739
4484.480748 0.99982630 0.00339787
4484.518144 1.00237280 0.00328963
4484.555541 1.00272133 0.00312333
4484.592939 1.00208200 0.00323956
4484.630336 1.00391127 0.00323275
4484.667734 0.99698879 0.00333153
4484.705132 1.00014022 0.00335250
4484.742531 1.00873480 0.00321847
4484.779930 1.00558165 0.00326685
4484.817329 1.00251312 0.00355594
4484.854729 1.00320921 0.00304231
4484.892128 1.00504056 0.00314445
4484.929529 1.00000000 0.00437576
4484.966929 1.00780491 0.00306921
4485.004330 1.00329211 0.00322017
4485.041731 1.00412085 0.00327369
4485.079132 1.00594245 0.00315837
4485.116534 1.00234609 0.00281814
4485.153936 1.00053555 0.00313925
4485.191338 1.00239825 0.00332639
4485.228741 1.00753588 0.00314208
4485.266144 1.00916660 0.00328332
4485.303547 1.01028050 0.00379572
4485.340951 1.00810411 0.00327954
4485.378354 1.00408880 0.00330615
4485.415759 1.00403897 0.00294471
4485.453163 0.99945319 0.00329021
4485.490568 1.00193451 0.00311417
4485.527973 1.00145031 0.00316842
4485.565378 1.00570642 0.00331775
4485.602784 1.00326532 0.00346870
4485.640190 1.00407541 0.00320402
4485.677597 1.00216072 0.00336458
4485.715003 1.00238896 0.00286796
4485.752410 1.00411970 0.00274679
4485.789818 0.99776536 0.00345977
4485.827225 1.00026096 0.00325420
4485.864633 1.00753316 0.00286699
4485.902041 1.00546314 0.00327237
4485.939450 1.00187249 0.00293497
4485.976859 0.99910451 0.00284127
4486.014268 1.00302473 0.00320076
4486.051677 1.00007855 0.00306749
4486.089087 1.00177338 0.00301318
4486.126497 0.99535649 0.00308271
4486.163908 1.00251468 0.00339439
4486.201319 1.00633867 0.00317674
4486.238730 1.00307053 0.00326483
4486.276141 1.00142578 0.00349137
4486.313553 1.00295335 0.00310125
4486.350965 1.00311739 0.00333545
4486.388377 1.00299061 0.00332972
4486.425790 1.00147608 0.00309441
4486.463202 0.99510439 0.00284262
4486.500616 1.00281937 0.00315145
4486.538029 1.00146967 0.00322231
4486.575443 1.00317837 0.00353444
4486.612857 1.00180502 0.00358382
4486.650272 0.99906010 0.00316555
4486.687687 1.00407732 0.00296486
4486.725102 1.00468526 0.00313889
4486.762517 1.00192019 0.00306223
4486.799933 0.99998354 0.00275332
4486.837349 1.00343218 0.00337152
4486.874765 0.99837677 0.00297106
4486.912182 1.00011777 0.00336787
4486.949599 0.99681792 0.00346401
4486.987016 0.99734296 0.00313318
4487.024434 0.99506737 0.00323825
4487.061852 0.99992482 0.00343605
4487.099270 0.99909401 0.00298426
4487.136688 1.00203939 0.00316653
4487.174107 1.00307415 0.00346329
4487.211526 1.00215524 0.00272209
4487.248946 1.00255289 0.00297999
4487.286366 0.99795561 0.00350754
4487.323786 1.00322753 0.00299849
4487.361206 0.99990031 0.00296313
4487.398627 0.99912157 0.00313371
4487.436048 1.00051226 0.00339466
4487.473469 1.00270226 0.00282604
4487.510891 0.99838310 0.00287198
4487.548313 0.99605290 0.00299485
4487.585735 0.99828944 0.00341954
4487.623158 0.99895897 0.00353018
4487.660581 0.99940151 0.00357278
4487.698004 1.00783908 0.00342146
4487.735427 1.00863150 0.00332971
4487.772851 0.99885378 0.00283986
4487.810275 0.99568005 0.00351573
4487.847700 1.00071157 0.00308823
4487.885125 1.00088066 0.00314266
4487.922550 1.00303962 0.00322510
4487.959975 1.00197694 0.00319593
4487.997401 1.00228698 0.00302350
4488.034827 1.00036386 0.00324589
4488.072253 1.00361512 0.00341630
4488.109680 1.00382787 0.00284404
4488.147107 1.00369625 0.00303300
4488.184534 1.00266810 0.00340742
4488.221962 0.99527362 0.00289089
4488.259390 1.00013607 0.00330445
4488.296818 1.00207983 0.00356320
4488.334246 0.99729250 0.00299308
4488.371675 0.99934425 0.00328893
4488.409104 0.99619197 0.00314848
4488.446534 0.99757508 0.00321486
4488.483963 0.99970271 0.00334082
4488.521394 0.99791645 0.00342430
4488.558824 0.99873312 0.00329003
4488.596255 1.00230373 0.00302595
4488.633686 0.99886409 0.00299532
4488.671117 1.00128222 0.00323023
4488.708549 1.00012294 0.00307529
4488.745981 0.99442363 0.00280722
4488.783413 0.99657523 0.00291414
4488.820845 1.00284203 0.00292726
4488.858278 1.00096459 0.00339202
4488.895712 0.99525164 0.00283531
4488.933145 0.99562987 0.00328917
4488.970579 0.99978609 0.00324135
4489.008013 0.99815746 0.00351024
4489.045448 1.00251257 0.00323530
4489.082882 0.99874945 0.00330182
4489.120317 0.99989809 0.00325516
4489.157753 0.99784025 0.00337377
4489.195188 0.99966782 0.00310587
4489.232624 0.98983293 0.00369978
4489.270061 0.99581900 0.00342816
4489.307497 0.99446354 0.00277333
4489.344934 1.00693890 0.00306227
4489.382372 1.00188979 0.00325893
4489.419809 1.00218395 0.00346143
4489.457247 0.99482517 0.00321245
4489.494685 0.99975071 0.00293697
4489.532124 1.00301193 0.00316346
4489.569563 0.99964859 0.00280168
4489.607002 1.00408168 0.00325078
4489.644441 1.00814225 0.00369915
4489.681881 1.00291299 0.00311340
4489.719321 1.00080199 0.00319153
4489.756761 1.00028544 0.00315048
4489.794202 0.99739858 0.00314231
4489.831643 1.00550817 0.00309705
4489.869084 1.00467210 0.00293564
4489.906526 1.00246807 0.00325472
4489.943968 0.99819636 0.00327930
4489.981410 0.99761321 0.00307878
4490.018853 1.00464211 0.00319811
4490.056296 1.00211312 0.00328893
4490.093739 1.00318327 0.00314624
4490.131182 0.99598971 0.00315359
4490.168626 0.99365735 0.00319696
4490.206070 0.99447681 0.00304341
4490.243515 0.99997278 0.00328030
4490.280960 0.99577033 0.00317492
4490.318405 0.99887413 0.00328355
4490.355850 1.00902618 0.00378341
4490.393296 1.00454578 0.00294320
4490.430742 1.00814428 0.00315720
4490.468188 0.99698996 0.00313732
4490.505635 0.99526752 0.00350356
4490.543082 1.00435075 0.00328186
4490.580529 1.00306301 0.00325758
4490.617976 0.99575391 0.00344056
4490.655424 1.00123401 0.00342487
4490.692873 1.00448233 0.00304273
4490.730321 1.00028918 0.00311102
4490.767770 1.00076096 0.00323046
4490.805219 1.00160075 0.00318258
4490.842668 1.00063771 0.00340612
4490.880118 0.99858924 0.00285792
4490.917568 0.99408010 0.00320326
4490.955019 0.99769865 0.00287392
4490.992469 1.00285228 0.00310239
4491.029920 1.00368291 0.00300444
4491.067372 1.00264743 0.00356638
4491.104823 1.00176526 0.00305855
4491.142275 1.00261021 0.00339247
4491.179727 1.00346122 0.00323391
4491.217180 0.99879102 0.00330277
4491.254633 0.99577644 0.00335817
4491.292086 1.00150379 0.00314770
4491.329540 1.00464219 0.00292810
4491.366993 1.00426926 0.00280249
4491.404448 0.99905319 0.00330908
4491.441902 0.99854899 0.00277004
4491.479357 0.99872868 0.00315884
4491.516812 0.99277793 0.00331019
4491.554267 0.99629227 0.00319076
4491.591723 1.00511507 0.00337639
4491.629179 0.99710671 0.00288496
4491.666635 0.99670021 0.00306435
4491.704092 1.00034585 0.00310978
4491.741549 0.99888876 0.00305984
4491.779006 1.00612437 0.00264584
4491.816464 1.00619541 0.00328596
4491.853921 1.00306921 0.00314507
4491.891380 0.99970443 0.00315118
4491.928838 1.00052805 0.00314901
4491.966297 1.00212244 0.00312103
4492.003756 1.00199207 0.00314593
4492.041215 1.00121253 0.00308766
4492.078675 1.00117374 0.00302712
4492.116135 0.99942622 0.00287209
4492.153596 0.99994392 0.00311713
4492.191056 1.00044690 0.00316300
4492.228517 1.00298430 0.00357336
4492.265979 0.99868438 0.00337761
4492.303440 0.99795775 0.00323285
4492.340902 0.99388318 0.00360841
4492.378364 0.99946561 0.00281548
4492.415827 1.00066375 0.00330759
4492.453290 1.00237180 0.00326758
4492.490753 1.00033046 0.00305306
4492.528217 1.00061325 0.00359443
4492.565680 1.00698643 0.00286670
4492.603144 1.00362023 0.00291777
4492.640609 1.00017660 0.00342132
4492.678074 0.99582588 0.00338928
4492.715539 1.00480582 0.00286655
4492.753004 1.00104339 0.00271422
4492.790470 0.99638569 0.00316141
4492.827936 1.00058379 0.00327482
4492.865402 1.00025966 0.00349606
4492.902869 0.99440232 0.00330532
4492.940336 0.99604630 0.00341084
4492.977803 1.00356251 0.00279742
4493.015270 1.00099942 0.00293607
4493.052738 0.99789484 0.00350337
4493.090206 1.00110699 0.00293763
4493.127675 1.00054959 0.00269043
4493.165144 0.99593213 0.00292074
4493.202613 1.00409063 0.00294472
4493.240082 1.00333680 0.00343448
4493.277552 1.00768980 0.00338789
4493.315022 1.00401107 0.00312499
4493.352493 0.99370671 0.00300127
4493.389963 0.99831527 0.00312567
4493.427434 1.00151592 0.00360256
4493.464906 0.99868849 0.00363857
4493.502377 1.00084426 0.00315540
4493.539849 1.00495135 0.00281272
4493.577321 0.99926287 0.00327283
4493.614794 0.99565374 0.00277163
4493.652267 0.99412506 0.00325106
4493.689740 0.99900251 0.00334023
4493.727213 1.00460760 0.00287757
4493.764687 1.00152144 0.00342656
4493.802161 1.00373497 0.00341773
4493.839636 0.99906144 0.00296210
4493.877111 0.99602956 0.00310759
4493.914586 1.00157135 0.00324096
4493.952061 0.99957082 0.00318092
4493.989537 0.99644695 0.00309257
4494.027013 0.99629250 0.00321093
4494.064489 1.00445179 0.00330418
4494.101966 1.00521940 0.00287767
4494.139442 1.00231234 0.00304636
4494.176920 0.99946623 0.00346579
4494.214397 1.00066682 0.00293898
4494.251875 0.99940246 0.00296587
4494.289353 0.99940996 0.00312053
4494.326832 1.00038519 0.00334677
4494.364311 0.99955321 0.00384210
4494.401790 0.99875669 0.00314186
4494.439269 1.00394395 0.00293003
4494.476749 1.00351950 0.00309872
4494.514229 1.00258162 0.00286423
4494.551709 0.99937001 0.00332287
4494.589190 0.99989129 0.00299200
4494.626671 1.00106537 0.00309367
4494.664152 0.99693225 0.00338514
4494.701634 0.99839186 0.00364789
4494.739116 0.99910712 0.00334460
4494.776598 1.00093810 0.00317762
4494.814081 1.00030707 0.00292314
4494.851564 0.99818006 0.00338127
4494.889047 1.00053746 0.00294577
4494.926530 1.00127755 0.00330736
4494.964014 1.00263376 0.00296584
4495.001498 0.99964443 0.00306046
4495.038983 0.99733318 0.00343255
4495.076467 1.00036591 0.00312468
4495.113952 1.00059708 0.00298317
4495.151438 1.00368922 0.00304116
4495.188923 1.00482802 0.00285702
4495.226409 1.00227978 0.00327942
4495.263896 1.00043986 0.00317871
4495.301382 1.00065370 0.00328064
4495.338869 1.00016935 0.00340638
4495.376357 1.00024518 0.00328911
4495.413844 0.99800164 0.00292896
4495.451332 0.99955807 0.00342056
4495.488820 1.00248256 0.00329709
4495.526309 1.00212969 0.00315388
4495.563798 1.00393205 0.00318210
4495.601287 1.00381089 0.00308783
4495.638776 1.00167740 0.00329565
4495.676266 1.00276111 0.00325434
4495.713756 0.99995712 0.00349775
4495.751246 0.99750280 0.00328963
4495.788737 0.99963777 0.00330884
4495.826228 0.99916791 0.00341196
4495.863719 0.99611199 0.00302845
4495.901211 0.99659802 0.00326484
4495.938703 1.00263187 0.00362358
4495.976195 1.00179639 0.00323300
4496.013688 1.00041304 0.00323854
4496.051181 0.99579679 0.00303003
4496.088674 0.99818917 0.00333077
4496.126167 0.99903385 0.00335573
4496.163661 0.99842718 0.00295153
4496.201155 1.00306367 0.00280455
4496.238650 0.99972450 0.00309220
4496.276144 1.00305039 0.00311287
4496.313639 1.00121634 0.00297030
4496.351135 0.99988192 0.00336636
4496.388630 0.99042857 0.00346421
4496.426126 0.99526294 0.00378735
4496.463623 0.99497727 0.00327374
4496.501119 0.99621324 0.00345407
4496.538616 0.99850644 0.00307769
4496.576114 0.99844206 0.00283976
4496.613611 1.00357893 0.00311045
4496.651109 1.00204613 0.00289758
4496.688607 1.00353638 0.00331734
4496.726106 1.00351921 0.00359417
4496.763605 1.00130500 0.00328133
4496.801104 1.00063134 0.00337597
4496.838603 1.00346169 0.00299233
4496.876103 1.00464987 0.00286861
4496.913603 1.00277567 0.00320624
4496.951103 1.00325560 0.00313666
4496.988604 0.99855985 0.00307459
4497.026105 0.99766044 0.00295076
4497.063606 1.00193317 0.00320612
4497.101108 0.99956755 0.00317784
4497.138610 1.00071302 0.00286555
4497.176112 0.99862546 0.00299517
4497.213615 0.99785138 0.00291470
4497.251118 0.99613164 0.00325254
4497.288621 0.99990915 0.00321868
4497.326124 1.00231856 0.00282548
4497.363628 1.00548870 0.00302565
4497.401132 1.00288610 0.00266960
4497.438637 0.99999272 0.00312975
4497.476141 0.99651271 0.00302451
4497.513647 0.99859818 0.00315871
4497.551152 1.00310752 0.00324817
4497.588658 0.99944366 0.00275060
4497.626164 1.00122751 0.00299442
4497.663670 0.99663743 0.00325375
4497.701177 0.99867651 0.00322418
4497.738684 0.99910945 0.00323365
4497.776191 0.99833536 0.00340941
4497.813698 1.00894226 0.00366757
4497.851206 1.00550887 0.00271956
4497.888714 0.99947381 0.00276359
4497.926223 1.00247715 0.00315003
4497.963732 0.99857063 0.00272627
4498.001241 0.99573553 0.00316686
4498.038750 0.99890620 0.00325565
4498.076260 1.00606545 0.00301303
4498.113770 1.00105659 0.00294921
4498.151281 0.99699618 0.00365611
4498.188791 0.99851604 0.00301826
4498.226302 0.99537328 0.00335002
4498.263814 0.99597161 0.00309957
4498.301325 0.99774650 0.00344232
4498.338837 1.00064960 0.00319205
4498.376349 0.99655097 0.00299925
4498.413862 0.99482038 0.00277374
4498.451375 0.99238315 0.00333437
4498.488888 0.99622106 0.00313733
4498.526402 1.00166645 0.00290896
4498.563915 1.00145007 0.00304396
4498.601430 0.99962021 0.00340260
4498.638944 0.99870481 0.00338409
4498.676459 1.00005378 0.00316520
4498.713974 1.00205652 0.00346574
4498.751489 0.99874928 0.00318895
4498.789005 0.99752737 0.00300569
4498.826521 1.00274485 0.00303291
4498.864037 1.00024093 0.00316614
4498.901554 0.99642335 0.00318103
4498.939071 0.99915692 0.00329608
4498.976588 1.00401111 0.00283925
4499.014106 0.99794789 0.00363843
4499.051624 0.99874269 0.00326347
4499.089142 0.99407519 0.00327775
4499.126660 0.99528846 0.00359577
4499.164179 0.99515679 0.00327717
4499.201698 0.99057270 0.00328123
4499.239218 0.99374598 0.00300014
4499.276738 1.00053676 0.00313009
4499.314258 0.99674966 0.00302290
4499.351778 0.99824573 0.00303627
4499.389299 0.99449300 0.00349736
4499.426820 0.99804059 0.00264625
4499.464341 0.99753299 0.00309777
4499.501863 0.99921024 0.00316749
4499.539385 1.00254828 0.00328813
4499.576907 1.00631920 0.00341966
4499.614430 0.99629308 0.00317147
4499.651953 0.99858745 0.00291805
4499.689476 1.00190618 0.00339329
4499.726999 1.00051964 0.00313694
4499.764523 0.99519951 0.00304784
4499.802047 1.00041995 0.00313926
4499.839572 1.00289236 0.00303078
4499.877097 0.99731110 0.00364687
4499.914622 0.99846939 0.00336443
4499.952147 1.00231240 0.00300019
4499.989673 1.00370586 0.00318898
4500.027199 0.99991717 0.00336126
4500.064725 0.99824558 0.00333126
4500.102252 1.00282769 0.00292716
4500.139779 0.99716391 0.00336944
4500.177306 0.99815707 0.00299147
4500.214834 0.99851932 0.00294534
4500.252362 0.99944995 0.00293712
4500.289890 0.99611108 0.00341593
4500.327418 0.99727734 0.00317663
4500.364947 1.00309866 0.00279585
4500.402476 0.99618654 0.00293998
4500.440006 1.00075681 0.00335790
4500.477536 1.00132566 0.00289549
4500.515066 0.99712417 0.00326078
4500.552596 0.99672031 0.00310595
4500.590127 0.99326550 0.00345180
4500.627658 0.99095910 0.00353336
4500.665189 0.99773822 0.00381845
4500.702721 0.99896686 0.00301941
4500.740253 1.00306523 0.00327093
4500.777785 1.00558393 0.00296680
4500.815318 0.99895874 0.00296321
4500.852851 1.00105578 0.00334455
4500.890384 1.00348854 0.00316522
4500.927917 1.00555308 0.00295602
4500.965451 1.00192949 0.00263897
4501.002985 0.99941464 0.00290709
4501.040520 0.99998971 0.00323603
4501.078055 1.00087733 0.00327803
4501.115590 0.99684775 0.00306485
4501.153125 0.99555264 0.00309318
4501.190661 0.99535872 0.00330279
4501.228197 1.00012636 0.00326129
4501.265733 0.99556185 0.00326784
4501.303270 0.99666874 0.00314427
4501.340807 0.99860147 0.00308079
4501.378344 1.00120481 0.00335509
4501.415882 1.00027434 0.00301885
4501.453420 0.99728835 0.00305757
4501.490958 1.00171305 0.00329800
4501.528497 1.00146576 0.00320736
4501.566036 1.00299366 0.00309182
4501.603575 1.00206272 0.00302413
4501.641114 0.99663687 0.00320267
4501.678654 0.99351803 0.00336520
4501.716194 0.99994428 0.00338708
4501.753735 0.99848073 0.00324203
4501.791275 1.00174101 0.00322732
4501.828816 1.00409199 0.00342195
4501.866358 0.99390008 0.00350546
4501.903899 0.99599357 0.00299459
4501.941441 1.00184560 0.00344681
4501.978984 0.99765577 0.00331783
4502.016526 0.99961331 0.00306408
4502.054069 0.99629743 0.00340693
4502.091613 1.00233508 0.00286788
4502.129156 1.00071178 0.00313480
4502.166700 0.99834822 0.00336499
4502.204244 0.99694098 0.00319009
4502.241789 0.99694870 0.00314352
4502.279333 1.00029987 0.00342519
4502.316879 1.00052644 0.00332385
4502.354424 0.99980712 0.00302160
4502.391970 0.99559845 0.00342760
4502.429516 0.99991574 0.00323259
4502.467062 0.99780093 0.00325266
4502.504609 1.00016970 0.00332658
4502.542156 1.00019303 0.00335370
4502.579703 0.99774799 0.00282828
4502.617251 0.99196162 0.00302996
4502.654799 0.99847561 0.00305950
4502.692347 1.00447439 0.00302365
4502.729896 0.99838517 0.00339381
4502.767445 0.99888838 0.00329878
4502.804994 0.99913014 0.00329214
4502.842543 0.99325021 0.00347225
4502.880093 0.99357164 0.00318238
4502.917643 0.99753083 0.00317917
4502.955194 0.99611057 0.00294925
4502.992744 1.00227303 0.00307341
4503.030295 0.99969203 0.00310920
4503.067847 1.00213607 0.00327663
4503.105399 1.00097934 0.00332192
4503.142951 0.99982202 0.00322394
4503.180503 1.00123255 0.00329539
4503.218056 0.99976997 0.00337487
4503.255608 0.99627249 0.00350804
4503.293162 0.99770189 0.00285163
4503.330715 0.99820250 0.00282390
4503.368269 0.99932035 0.00344230
4503.405823 0.99951132 0.00338581
4503.443378 1.00491064 0.00290102
4503.480933 1.00248396 0.00363359
4503.518488 1.00318566 0.00368211
4503.556043 1.00166470 0.00315720
4503.593599 1.00589011 0.00338033
4503.631155 0.99928533 0.00335545
4503.668712 0.99887162 0.00340632
4503.706268 1.00278123 0.00279884
4503.743825 1.00196525 0.00317185
4503.781383 0.99856150 0.00292995
4503.818940 1.00423913 0.00309854
4503.856498 1.00271876 0.00306423
4503.894057 1.00047720 0.00310148
4503.931615 0.99771326 0.00351698
4503.969174 1.00116340 0.00335483
4504.006733 1.00200713 0.00297882
4504.044293 1.00537452 0.00310712
4504.081853 1.00283624 0.00266021
4504.119413 1.00328266 0.00324304
4504.156973 1.00373731 0.00294212
4504.194534 0.99648974 0.00359709
4504.232095 0.99986765 0.00314762
4504.269657 0.99989220 0.00303839
4504.307218 1.00203653 0.00289856
4504.344780 1.00224384 0.00260133
4504.382343 1.00196839 0.00322046
4504.419905 1.00372143 0.00263984
4504.457468 1.00311751 0.00295007
4504.495032 1.00093262 0.00282840
4504.532595 1.00289499 0.00325259
4504.570159 1.00296846 0.00337181
4504.607723 0.99812673 0.00330852
4504.645288 0.99865201 0.00297676
4504.682853 0.99565448 0.00330598
4504.720418 0.99908412 0.00330735
4504.757983 0.99835150 0.00338790
4504.795549 0.99711772 0.00289910
4504.833115 1.00180148 0.00293012
4504.870682 1.00306683 0.00312596
4504.908248 1.00543748 0.00284539
4504.945816 1.00131230 0.00290889
4504.983383 0.99717638 0.00345003
4505.020951 0.99812098 0.00340036
4505.058519 0.99219140 0.00324411
4505.096087 1.00020376 0.00307495
4505.133655 0.99799154 0.00341763
4505.171224 1.00237135 0.00298791
4505.208794 0.99922199 0.00343955
4505.246363 0.99841909 0.00330913
4505.283933 1.00142178 0.00331743
4505.321503 0.99758764 0.00314003
4505.359074 0.99864287 0.00306360
4505.396645 0.99942883 0.00321705
4505.434216 0.99909166 0.00326531
4505.471787 1.00129974 0.00306991
4505.509359 0.99805711 0.00306302
4505.546931 1.00091784 0.00298943
4505.584503 1.00322803 0.00309807
4505.622076 0.99714519 0.00404925
4505.659649 0.99277615 0.00340816
4505.697222 0.99192708 0.00343367
4505.734796 0.99732607 0.00353454
4505.772370 1.00074035 0.00289323
4505.809944 1.00371715 0.00308156
4505.847519 0.99798679 0.00345413
4505.885094 0.99823346 0.00339642
4505.922669 1.00336416 0.00334167
4505.960244 0.99734084 0.00317902
4505.997820 1.00088460 0.00332001
4506.035396 1.00087177 0.00323431
4506.072973 0.99662869 0.00295970
4506.110549 1.00045975 0.00303879
4506.148126 0.99989991 0.00308509
4506.185704 0.99936894 0.00334267
4506.223282 1.00493031 0.00280231
4506.260860 1.00317755 0.00346070
4506.298438 1.00154293 0.00356596
4506.336017 0.99783034 0.00304927
4506.373595 0.99611906 0.00294121
4506.411175 0.99839628 0.00352949
4506.448754 0.99993549 0.00311042
4506.486334 1.00043610 0.00314014
4506.523914 0.99970734 0.00323656
4506.561495 1.00168309 0.00357950
4506.599076 1.00036452 0.00352163
4506.636657 1.00013055 0.00331979
4506.674238 0.99909680 0.00330578
4506.711820 0.99842643 0.00309146
4506.749402 0.99935203 0.00305895
4506.786985 0.99701371 0.00334865
4506.824567 0.99574237 0.00350223
4506.862150 1.00166820 0.00330254
4506.899734 0.99732036 0.00344804
4506.937317 1.00074137 0.00338182
4506.974901 1.00100073 0.00300286
4507.012486 1.00035364 0.00343738
4507.050070 1.00109381 0.00335868
4507.087655 0.99838220 0.00272346
4507.125240 0.99948080 0.00354556
4507.162826 1.00085602 0.00287575
4507.200412 0.99934087 0.00334735
4507.237998 0.99549658 0.00319177
4507.275584 0.99230625 0.00333874
4507.313171 0.99510568 0.00298786
4507.350758 0.99547808 0.00300791
4507.388346 0.99789833 0.00331579
4507.425933 1.00107858 0.00319743
4507.463521 0.99546843 0.00335765
4507.501110 0.99773368 0.00299672
4507.538699 0.99859984 0.00315997
4507.576287 1.00118572 0.00326692
4507.613877 0.99762900 0.00341539
4507.651466 0.99795821 0.00289805
4507.689056 0.99560005 0.00302013
4507.726647 0.99845061 0.00344641
4507.764237 0.99398669 0.00305034
4507.801828 0.99702692 0.00303826
4507.839419 0.99573539 0.00312034
4507.877011 0.99578613 0.00361520
4507.914602 0.99606848 0.00342734
4507.952195 0.99726527 0.00352970
4507.989787 0.99876946 0.00345706
4508.027380 0.99540762 0.00356004
4508.064973 0.99684383 0.00311177
4508.102566 0.99343040 0.00345276
4508.140160 0.98922937 0.00327575
4508.177754 0.99340194 0.00351890
4508.215348 0.99414147 0.00334912
4508.252943 0.99216348 0.00335036
4508.290538 0.99367576 0.00302739
4508.328133 0.99649618 0.00316008
4508.365729 0.98970528 0.00329266
4508.403324 0.98630258 0.00357218
4508.440921 0.98784084 0.00335828
4508.478517 0.99208357 0.00327596
4508.516114 0.99046097 0.00313379
4508.553711 0.99380213 0.00331688
4508.591309 0.98672207 0.00321977
4508.628906 0.99175426 0.00355006
4508.666504 0.98953692 0.00370084
4508.704103 0.98585539 0.00307357
4508.741701 0.99057113 0.00349343
4508.779300 0.98935458 0.00338907
4508.816900 0.98865959 0.00338787
4508.854499 0.98787358 0.00327303
4508.892099 0.98748953 0.00319629
4508.929700 0.98817904 0.00343138
4508.967300 0.98581525 0.00337596
4509.004901 0.98782107 0.00343664
4509.042502 0.98782780 0.00315062
4509.080104 0.98729607 0.00331986
4509.117706 0.98630865 0.00299468
4509.155308 0.98425077 0.00321209
4509.192910 0.98853603 0.00334242
4509.230513 0.98697416 0.00298488
4509.268116 0.98761084 0.00327575
4509.305720 0.99353964 0.00342172
4509.343323 0.98664076 0.00345215
4509.380927 0.98960989 0.00309269
4509.418532 0.99144607 0.00337497
4509.456136 0.99301722 0.00345024
4509.493741 0.98896071 0.00322084
4509.531347 0.98461877 0.00308115
4509.568952 0.98664080 0.00331225
4509.606558 0.98804079 0.00315769
4509.644164 0.98947079 0.00289679
4509.681771 0.99223412 0.00367153
4509.719378 0.98941440 0.00339222
4509.756985 0.98669986 0.00308732
4509.794592 0.98435105 0.00283067
4509.832200 0.98118902 0.00306388
4509.869808 0.98609921 0.00296912
4509.907417 0.98186142 0.00304668
4509.945025 0.98081477 0.00352017
4509.982635 0.98143439 0.00368688
4510.020244 0.98150304 0.00344049
4510.057854 0.97271771 0.00303822
4510.095464 0.97602224 0.00371067
4510.133074 0.97518723 0.00315105
4510.170685 0.97673698 0.00299002
4510.208295 0.97148817 0.00351998
4510.245907 0.97129438 0.00377275
4510.283518 0.97317632 0.00358189
4510.321130 0.97381803 0.00296343
4510.358742 0.97328739 0.00340745
4510.396355 0.96962792 0.00342413
4510.433968 0.97129428 0.00361888
4510.471581 0.96657099 0.00304977
4510.509194 0.96567001 0.00345654
4510.546808 0.96720330 0.00381407
4510.584422 0.96497409 0.00349349
4510.622036 0.96245538 0.00307415
4510.659651 0.96559357 0.00334519
4510.697266 0.97105927 0.00340966
4510.734881 0.96639898 0.00305320
4510.772497 0.96633759 0.00336973
4510.810113 0.96811465 0.00330036
4510.847729 0.96800604 0.00314280
4510.885346 0.96870773 0.00306408
4510.922963 0.95850653 0.00310632
4510.960580 0.96131627 0.00313726
4510.998197 0.97124522 0.00323025
4511.035815 0.96635975 0.00307356
4511.073433 0.96469963 0.00320476
4511.111052 0.96195576 0.00333239
4511.148671 0.96474080 0.00318041
4511.186290 0.96543696 0.00316209
4511.223909 0.96451449 0.00358679
4511.261529 0.96604638 0.00329648
4511.299149 0.96569787 0.00322287
4511.336769 0.96514361 0.00368334
4511.374390 0.96161105 0.00348049
4511.412011 0.96070465 0.00329629
4511.449632 0.96656760 0.00310309
4511.487254 0.96983768 0.00355050
4511.524876 0.96529139 0.00334834
4511.562498 0.97070040 0.00343625
4511.600120 0.97130080 0.00327814
4511.637743 0.96975113 0.00333929
4511.675366 0.96490681 0.00343490
4511.712990 0.96765475 0.00320306
4511.750614 0.97160113 0.00304589
4511.788238 0.97329512 0.00312199
4511.825862 0.97653605 0.00336412
4511.863487 0.97954415 0.00300149
4511.901112 0.97725079 0.00309390
4511.938737 0.97791621 0.00346705
4511.976363 0.97760855 0.00357605
4512.013989 0.98167868 0.00358986
4512.051615 0.98112191 0.00276261
4512.089242 0.98117225 0.00367797
4512.126869 0.98546039 0.00289081
4512.164496 0.98313797 0.00323839
4512.202124 0.98531392 0.00328286
4512.239752 0.98490872 0.00378164
4512.277380 0.98412066 0.00328473
4512.315008 0.98621662 0.00313804
4512.352637 0.98081745 0.00350019
4512.390266 0.98876139 0.00313815
4512.427896 0.98523242 0.00340169
4512.465525 0.98562746 0.00347568
4512.503155 0.99050938 0.00316078
4512.540786 0.99372752 0.00339590
4512.578417 0.98818951 0.00305604
4512.616048 0.98869240 0.00345644
4512.653679 0.98434088 0.00306763
4512.691311 0.99140948 0.00356513
4512.728942 0.98732838 0.00300304
4512.766575 0.99217413 0.00354449
4512.804207 0.98748864 0.00361831
4512.841840 0.98610539 0.00334619
4512.879473 0.98722256 0.00330790
4512.917107 0.98357717 0.00293873
4512.954741 0.99020177 0.00346555
4512.992375 0.99141517 0.00281684
4513.030009 0.99516014 0.00338982
4513.067644 0.99104573 0.00346469
4513.105279 0.98559611 0.00368717
4513.142915 0.99380601 0.00352335
4513.180550 0.99192785 0.00358368
4513.218186 0.99300076 0.00317786
4513.255823 0.99151474 0.00287350
4513.293459 0.98785434 0.00313898
4513.331096 0.98879756 0.00308653
4513.368734 0.98516976 0.00348226
4513.406371 0.98890440 0.00326804
4513.444009 0.99121442 0.00305715
4513.481647 0.99070787 0.00309609
4513.519286 0.99541327 0.00284418
4513.556925 0.99623353 0.00301441
4513.594564 0.99563583 0.00296506
4513.632203 0.99253809 0.00340887
4513.669843 0.98740520 0.00328490
4513.707483 0.98688031 0.00324989
4513.745124 0.98839834 0.00360563
4513.782765 0.98382810 0.00312958
4513.820406 0.98341943 0.00346785
4513.858047 0.98741433 0.00360206
4513.895689 0.98376071 0.00314299
4513.933331 0.98082875 0.00336471
4513.970973 0.98301897 0.00339749
4514.008616 0.98081868 0.00320962
4514.046259 0.97214767 0.00357685
4514.083902 0.97584351 0.00322596
4514.121545 0.97590648 0.00353577
4514.159189 0.98220711 0.00315852
4514.196833 0.97483010 0.00348032
4514.234478 0.96674478 0.00318177
4514.272123 0.96409176 0.00300075
4514.309768 0.96096349 0.00315468
4514.347413 0.96530980 0.00290463
4514.385059 0.96301404 0.00320114
4514.422705 0.95346338 0.00318288
4514.460352 0.95356524 0.00322759
4514.497998 0.95137277 0.00319127
4514.535645 0.95603529 0.00322402
4514.573293 0.95793372 0.00308710
4514.610940 0.95912448 0.00378594
4514.648588 0.95279180 0.00329449
4514.686236 0.95236918 0.00329469
4514.723885 0.95545141 0.00363918
4514.761534 0.94945016 0.00305971
4514.799183 0.94258561 0.00314835
4514.836833 0.94449857 0.00360874
4514.874483 0.94701483 0.00351717
4514.912133 0.94839352 0.00347760
4514.949783 0.95299211 0.00350298
4514.987434 0.94668827 0.00291980
4515.025085 0.95060300 0.00372618
4515.062736 0.94615312 0.00301925
4515.100388 0.94275906 0.00323294
4515.138040 0.93669364 0.00327702
4515.175693 0.94502009 0.00322263
4515.213345 0.94747619 0.00299357
4515.250998 0.94402231 0.00278923
4515.288652 0.94088651 0.00253243
4515.326305 0.94683610 0.00342026
4515.363959 0.94571983 0.00316510
4515.401613 0.94186123 0.00286317
4515.439268 0.94512990 0.00341060
4515.476923 0.94968241 0.00342819
4515.514578 0.95293820 0.00330732
4515.552233 0.95224942 0.00299387
4515.589889 0.95190915 0.00338966
4515.627545 0.94725366 0.00347694
4515.665202 0.95150833 0.00328963
4515.702859 0.95151519 0.00337894
4515.740516 0.95216578 0.00315029
4515.778173 0.95430905 0.00329298
4515.815831 0.95516981 0.00293076
4515.853489 0.95427149 0.00359648
4515.891147 0.95631926 0.00313575
4515.928806 0.95432936 0.00317045
4515.966465 0.95991873 0.00320055
4516.004124 0.96587586 0.00302106
4516.041783 0.96102510 0.00323381
4516.079443 0.96183383 0.00314122
4516.117104 0.95834505 0.00348206
4516.154764 0.96286220 0.00306046
4516.192425 0.96511538 0.00315062
4516.230086 0.96327452 0.00297482
4516.267748 0.97083169 0.00321174
4516.305409 0.96492527 0.00300756
4516.343071 0.96804259 0.00324732
4516.380734 0.96432048 0.00349787
4516.418396 0.96604418 0.00327909
4516.456060 0.96947775 0.00296165
4516.493723 0.96413719 0.00309116
4516.531387 0.96586693 0.00275662
4516.569051 0.96815588 0.00314352
4516.606715 0.96731071 0.00306701
4516.644379 0.96681850 0.00319404
4516.682044 0.97187120 0.00340573
4516.719710 0.96738526 0.00330180
4516.757375 0.96344403 0.00302271
4516.795041 0.96216983 0.00317183
4516.832707 0.96808375 0.00351431
4516.870374 0.96960107 0.00354992
4516.908040 0.96907733 0.00344966
4516.945708 0.96647843 0.00315839
4516.983375 0.96645146 0.00343975
4517.021043 0.96982106 0.00326795
4517.058711 0.96249941 0.00348343
4517.096379 0.96442289 0.00362381
4517.134048 0.96685940 0.00306381
4517.171717 0.96560450 0.00326195
4517.209386 0.96622893 0.00351836
4517.247056 0.96246828 0.00331957
4517.284726 0.96769685 0.00336747
4517.322396 0.96480205 0.00345787
4517.360067 0.96465015 0.00340200
4517.397737 0.96256242 0.00320092
4517.435409 0.96518267 0.00307606
4517.473080 0.96580904 0.00300733
4517.510752 0.96732191 0.00307850
4517.548424 0.96944931 0.00304803
4517.586097 0.97163847 0.00337253
4517.623769 0.96972518 0.00288407
4517.661442 0.97358844 0.00295291
4517.699116 0.97248591 0.00287328
4517.736790 0.97223164 0.00322412
4517.774464 0.97037576 0.00294518
4517.812138 0.96977731 0.00279577
4517.849813 0.97039349 0.00357341
4517.887488 0.97216620 0.00363327
4517.925163 0.97651071 0.00299350
4517.962838 0.97560251 0.00331566
4518.000514 0.97614457 0.00332000
4518.038191 0.97552415 0.00332121
4518.075867 0.97525435 0.00348422
4518.113544 0.97857435 0.00337752
4518.151221 0.98419767 0.00320905
4518.188899 0.98016356 0.00296996
4518.226576 0.98378691 0.00312345
4518.264254 0.98557344 0.00320370
4518.301933 0.98200619 0.00337767
4518.339612 0.98532442 0.00323807
4518.377291 0.98965525 0.00286776
4518.414970 0.98535119 0.00314290
4518.452650 0.98279836 0.00344187
4518.490330 0.98326390 0.00319011
4518.528010 0.98712425 0.00295446
4518.565691 0.98367846 0.00371707
4518.603372 0.98573227 0.00313665
4518.641053 0.98675562 0.00322776
4518.678734 0.98206967 0.00292493
4518.716416 0.98905126 0.00324963
4518.754099 0.99175916 0.00313198
4518.791781 0.98895529 0.00293581
4518.829464 0.99967075 0.00318656
4518.867147 0.98915262 0.00320936
4518.904830 0.99470376 0.00333595
4518.942514 0.99677683 0.00367695
4518.980198 0.99466701 0.00367974
4519.017883 0.99452902 0.00380402
4519.055567 0.98721898 0.00338282
4519.093252 0.99166202 0.00313191
4519.130938 0.99692899 0.00306829
4519.168623 0.99579289 0.00337388
4519.206309 0.99820092 0.00329603
4519.243996 0.99800440 0.00344294
4519.281682 0.99552871 0.00354398
4519.319369 0.99380148 0.00335070
4519.357056 0.99663159 0.00313263
4519.394744 0.99793212 0.00317297
4519.432432 0.99547691 0.00350707
4519.470120 0.99897759 0.00340512
4519.507808 0.99919764 0.00328240
4519.545497 0.99258358 0.00346273
4519.583186 0.99617820 0.00354841
4519.620876 0.99827606 0.00305213
4519.658566 0.99274449 0.00287131
4519.696256 0.99545560 0.00263793
4519.733946 0.99982771 0.00317683
4519.771637 1.00299923 0.00258169
4519.809328 0.99774935 0.00303882
4519.847019 1.00370531 0.00309816
4519.884711 1.00031810 0.00320387
4519.922402 1.00131057 0.00319760
4519.960095 0.99936988 0.00279025
4519.997787 1.00439096 0.00294948
4520.035480 1.00275944 0.00339309
4520.073173 1.00533966 0.00280165
4520.110867 0.99685882 0.00302883
4520.148561 0.99400798 0.00309392
4520.186255 0.99840924 0.00339902
4520.223949 1.00221329 0.00298441
4520.261644 0.99534903 0.00259535
4520.299339 0.99755861 0.00311850
4520.337035 0.99783581 0.00342126
4520.374730 0.99528582 0.00364583
4520.412426 1.00089175 0.00367667
4520.450123 1.00072480 0.00303336
4520.487819 1.00502881 0.00284284
4520.525516 1.00466755 0.00318196
4520.563214 1.00295574 0.00322492
4520.600911 0.99997410 0.00341163
4520.638609 0.99512009 0.00341646
4520.676307 1.00159478 0.00325927
4520.714006 1.00298034 0.00322717
4520.751705 0.99417673 0.00340225
4520.789404 0.99944930 0.00309582
4520.827103 1.00296193 0.00324590
4520.864803 0.99673452 0.00310784
4520.902503 0.99843983 0.00320735
4520.940204 0.99488613 0.00337574
4520.977904 0.99549169 0.00345386
4521.015605 0.99626680 0.00310937
4521.053307 0.99775397 0.00357573
4521.091008 0.99952743 0.00327746
4521.128710 0.99587808 0.00327427
4521.166413 0.99980362 0.00302914
4521.204115 0.99300656 0.00316258
4521.241818 0.99595107 0.00320706
4521.279522 0.99705547 0.00306608
4521.317225 0.99767099 0.00305208
4521.354929 0.99857700 0.00306029
4521.392633 0.99350455 0.00313324
4521.430338 0.98886551 0.00307211
4521.468043 0.99684088 0.00344618
4521.505748 0.99311548 0.00329424
4521.543453 0.99145873 0.00296097
4521.581159 0.98882517 0.00324494
4521.618865 0.98922704 0.00332909
4521.656571 0.98967493 0.00349917
4521.694278 0.99566373 0.00336669
4521.731985 0.99152126 0.00316505
4521.769693 0.99208612 0.00270183
4521.807400 0.99199759 0.00296764
4521.845108 0.99572998 0.00355161
4521.882816 0.99211353 0.00337610
4521.920525 0.98797231 0.00355444
4521.958234 0.98956638 0.00338058
4521.995943 0.98997226 0.00336897
4522.033653 0.98296807 0.00299575
4522.071363 0.98882092 0.00346671
4522.109073 0.98644678 0.00368623
4522.146783 0.98684450 0.00353373
4522.184494 0.98960288 0.00338806
4522.222205 0.98731522 0.00346980
4522.259917 0.98571495 0.00333949
4522.297628 0.98702447 0.00352386
4522.335340 0.99063526 0.00319431
4522.373053 0.98612427 0.00299820
4522.410765 0.98479724 0.00313282
4522.448479 0.98345369 0.00301857
4522.486192 0.98756630 0.00316432
4522.523905 0.97803087 0.00324958
4522.561619 0.97853540 0.00321364
4522.599334 0.97518260 0.00316290
4522.637048 0.97301579 0.00345473
4522.674763 0.98251137 0.00275413
4522.712478 0.98025283 0.00301840
4522.750194 0.98290620 0.00311274
4522.787910 0.97585080 0.00331527
4522.825626 0.97841565 0.00349327
4522.863342 0.97434590 0.00318230
4522.901059 0.97443057 0.00318208
4522.938776 0.97300914 0.00327674
4522.976494 0.97532631 0.00310910
4523.014211 0.97252668 0.00301413
4523.051929 0.97480128 0.00332493
4523.089648 0.97518598 0.00330640
4523.127366 0.97696704 0.00297896
4523.165085 0.98446461 0.00327568
4523.202805 0.98409783 0.00313854
4523.240524 0.97673386 0.00318898
4523.278244 0.98235095 0.00294419
4523.315964 0.97931570 0.00337197
4523.353685 0.97356164 0.00312238
4523.391406 0.97707615 0.00304713
4523.429127 0.97503821 0.00372562
4523.466848 0.97165510 0.00353409
4523.504570 0.97610433 0.00344925
4523.542292 0.97293895 0.00298897
4523.580015 0.97790559 0.00287475
4523.617738 0.97396335 0.00333299
4523.655461 0.97711324 0.00329180
4523.693184 0.98315182 0.00286728
4523.730908 0.98414748 0.00336806
4523.768632 0.97907608 0.00331179
4523.806356 0.97522283 0.00314416
4523.844081 0.97729266 0.00293845
4523.881806 0.97364290 0.00318501
4523.919531 0.97948741 0.00348163
4523.957257 0.98901828 0.00326486
4523.994982 0.98918571 0.00302206
4524.032709 0.98621021 0.00306471
4524.070435 0.98450250 0.00342006
4524.108162 0.98060157 0.00364490
4524.145889 0.98613240 0.00317555
4524.183617 0.98290173 0.00304555
4524.221344 0.99085550 0.00282425
4524.259073 0.98252009 0.00326955
4524.296801 0.98393641 0.00294163
4524.334530 0.98474960 0.00300947
4524.372259 0.99047766 0.00295381
4524.409988 0.98761893 0.00326482
4524.447718 0.99050126 0.00267271
4524.485448 0.98807495 0.00315833
4524.523178 0.98586863 0.00322237
4524.560909 0.99444329 0.00349595
4524.598640 0.99101493 0.00336583
4524.636371 0.99031915 0.00302396
4524.674102 0.99858251 0.00341588
4524.711834 0.99466377 0.00301751
4524.749567 0.99117758 0.00303000
4524.787299 1.00015241 0.00336266
4524.825032 0.99491450 0.00326763
4524.862765 0.99319895 0.00356220
4524.900498 0.99741842 0.00331230
4524.938232 1.00115232 0.00311804
4524.975966 0.99881488 0.00343488
4525.013701 0.99943596 0.00303932
4525.051435 0.99853479 0.00347751
4525.089170 0.99920780 0.00303631
4525.126906 1.00176075 0.00288012
4525.164641 1.00180346 0.00338061
4525.202377 0.99448645 0.00379476
4525.240114 0.99533528 0.00360641
4525.277850 0.99600321 0.00318847
4525.315587 1.00378329 0.00335991
4525.353324 1.00095021 0.00313954
4525.391062 0.99719693 0.00303642
4525.428800 0.99787025 0.00357427
4525.466538 1.00421721 0.00319365
4525.504276 1.00005486 0.00334537
4525.542015 1.00352944 0.00310053
4525.579754 1.00447991 0.00287562
4525.617494 1.00790687 0.00374081
4525.655234 0.99731497 0.00308763
4525.692974 1.00082437 0.00305028
4525.730714 1.00280025 0.00291381
4525.768455 0.99907208 0.00357900
4525.806196 0.99496548 0.00346798
4525.843937 0.99625180 0.00349913
4525.881679 1.00495804 0.00279837
4525.919421 1.00211488 0.00319132
4525.957163 1.00616456 0.00304648
4525.994905 1.00485338 0.00319156
4526.032648 1.00201462 0.00329500
4526.070392 0.99759479 0.00295436
4526.108135 1.00113711 0.00343388
4526.145879 1.00063833 0.00313969
4526.183623 1.00083780 0.00321510
4526.221367 1.00140532 0.00309586
4526.259112 1.00669391 0.00309310
4526.296857 0.99639066 0.00302933
4526.334603 0.99621915 0.00310024
4526.372349 1.00108580 0.00355218
4526.410095 0.99351968 0.00346014
4526.447841 0.99639601 0.00347668
4526.485588 0.99588028 0.00342998
4526.523335 0.99433326 0.00300541
4526.561082 1.00214009 0.00331068
4526.598829 1.00003009 0.00329228
4526.636577 0.99733807 0.00334927
4526.674326 0.99164817 0.00351072
4526.712074 0.99325984 0.00313966
4526.749823 1.00045865 0.00330439
4526.787572 0.99978404 0.00315821
4526.825322 0.99997810 0.00331473
4526.863072 0.99253028 0.00317470
4526.900822 0.99351972 0.00343610
4526.938572 0.99598712 0.00317017
4526.976323 0.99336354 0.00312975
4527.014074 0.99541218 0.00318951
4527.051825 0.99719251 0.00334257
4527.089577 0.99722709 0.00300431
4527.127329 0.99835392 0.00409185
4527.165081 0.99004158 0.00331792
4527.202834 0.99963718 0.00335814
4527.240587 0.99414311 0.00333906
4527.278340 0.99055141 0.00373513
4527.316094 0.99867897 0.00368873
4527.353848 1.00125242 0.00327786
4527.391602 0.99998985 0.00293051
4527.429357 0.99760103 0.00305961
4527.467111 0.99539601 0.00296285
4527.504867 0.99516982 0.00357457
4527.542622 0.99182125 0.00303979
4527.580378 0.99613690 0.00353271
4527.618134 0.99906939 0.00343300
4527.655890 0.99472407 0.00265734
4527.693647 0.99235663 0.00339023
4527.731404 0.99824662 0.00334388
4527.769162 1.00078916 0.00298335
4527.806919 0.99823815 0.00320044
4527.844677 0.99739673 0.00324256
4527.882436 0.99914986 0.00325857
4527.920194 0.99382404 0.00339626
4527.957953 0.99697919 0.00353611
4527.995712 0.99116954 0.00273730
4528.033472 0.99065450 0.00316728
4528.071232 0.98696106 0.00324196
4528.108992 0.98718928 0.00339390
4528.146753 0.98674676 0.00328099
4528.184514 0.98918808 0.00347790
4528.222275 0.98386301 0.00353053
4528.260036 0.98319010 0.00324593
4528.297798 0.98346238 0.00321311
4528.335560 0.98393721 0.00347319
4528.373322 0.98597484 0.00326819
4528.411085 0.98223436 0.00325721
4528.448848 0.98349133 0.00309403
4528.486612 0.98549743 0.00330784
4528.524375 0.98293381 0.00317521
4528.562139 0.98541855 0.00298841
4528.599904 0.98791624 0.00330128
4528.637668 0.98286896 0.00314496
4528.675433 0.97919153 0.00336881
4528.713198 0.97937059 0.00357279
4528.750964 0.97954175 0.00307980
4528.788730 0.97623111 0.00343393
4528.826496 0.97350615 0.00320673
4528.864262 0.97996795 0.00336917
4528.902029 0.98295929 0.00285020
4528.939796 0.98202692 0.00325539
4528.977564 0.97237587 0.00358571
4529.015332 0.97579208 0.00310759
4529.053100 0.97323059 0.00309668
4529.090868 0.97250156 0.00312490
4529.128637 0.97904749 0.00291890
4529.166406 0.97577427 0.00356307
4529.204175 0.98121195 0.00333599
4529.241945 0.98070733 0.00346045
4529.279715 0.98345427 0.00398950
4529.317485 0.97826512 0.00355927
4529.355256 0.97980603 0.00305025
4529.393027 0.97970070 0.00361615
4529.430798 0.97566315 0.00351488
4529.468569 0.98043377 0.00307486
4529.506341 0.98401689 0.00338403
4529.544113 0.98639443 0.00342581
4529.581886 0.98029375 0.00318409
4529.619659 0.97912636 0.00357639
4529.657432 0.98173236 0.00329758
4529.695205 0.98375928 0.00313639
4529.732979 0.98480943 0.00345237
4529.770753 0.98251272 0.00343798
4529.808527 0.97919887 0.00288756
4529.846302 0.98033491 0.00269277
4529.884077 0.98510691 0.00333871
4529.921852 0.98551935 0.00314090
4529.959628 0.98133084 0.00298249
4529.997404 0.98533526 0.00335028
4530.035180 0.98806735 0.00355490
4530.072957 0.98963752 0.00328774
4530.110734 0.98744445 0.00357758
4530.148511 0.99179377 0.00295275
4530.186289 0.99293929 0.00305915
4530.224066 0.99302117 0.00294729
4530.261845 0.99342912 0.00363050
4530.299623 0.99296007 0.00342531
4530.337402 0.98899474 0.00312017
4530.375181 0.98929301 0.00349614
4530.412960 0.99182208 0.00306279
4530.450740 0.99018981 0.00323541
4530.488520 0.98791130 0.00313144
4530.526300 0.99476232 0.00312395
4530.564081 0.99234313 0.00304845
4530.601862 0.99470212 0.00287673
4530.639643 0.99521537 0.00283353
4530.677425 0.99577415 0.00339662
4530.715207 0.99460690 0.00333748
4530.752989 0.99662795 0.00327664
4530.790772 0.99402657 0.00325171
4530.828555 0.99262885 0.00302452
4530.866338 0.99217275 0.00293026
4530.904121 0.99580797 0.00313160
4530.941905 0.99235263 0.00300605
4530.979689 0.99418784 0.00354208
4531.017474 0.99374662 0.00299505
4531.055259 0.99414137 0.00354281
4531.093044 0.99536568 0.00374822
4531.130829 0.99256134 0.00272735
4531.168615 0.99318545 0.00312465
4531.206401 1.00028751 0.00290304
4531.244187 0.99591331 0.00314794
4531.281974 0.99490853 0.00284643
4531.319761 0.99679441 0.00317691
4531.357548 0.99529404 0.00348711
4531.395336 0.99692766 0.00362331
4531.433124 0.99900003 0.00328686
4531.470912 0.99001346 0.00305841
4531.508701 0.99343203 0.00328534
4531.546489 0.99695246 0.00313046
4531.584279 0.99383988 0.00301072
4531.622068 0.99823270 0.00326329
4531.659858 0.99885366 0.00363568
4531.697648 0.99356941 0.00313144
4531.735439 0.99723250 0.00351545
4531.773229 0.99509609 0.00342837
4531.811020 0.99807584 0.00330510
4531.848812 0.99260192 0.00354906
4531.886603 0.99447065 0.00331117
4531.924396 0.99464712 0.00358814
4531.962188 0.99812634 0.00342755
4531.999981 0.99866374 0.00333735
4532.037773 0.99307542 0.00295191
4532.075567 0.99736526 0.00286607
4532.113360 0.99640106 0.00301208
4532.151154 0.99788082 0.00316288
4532.188949 0.99144847 0.00321831
4532.226743 0.99779667 0.00323385
4532.264538 0.99275466 0.00324654
4532.302333 0.99610294 0.00283364
4532.340129 0.99965478 0.00320742
4532.377924 0.99894999 0.00316125
4532.415721 0.99437846 0.00330329
4532.453517 1.00012585 0.00366980
4532.491314 0.99763526 0.00365710
4532.529111 0.99754955 0.00339671
4532.566908 1.00026605 0.00339196
4532.604706 0.99584591 0.00335471
4532.642504 1.00051486 0.00307174
4532.680302 1.00194701 0.00336301
4532.718101 1.00351755 0.00318016
4532.755900 1.00189288 0.00331295
4532.793699 0.99654171 0.00353735
4532.831499 0.99549725 0.00311909
4532.869299 0.99783878 0.00279696
4532.907099 0.99696831 0.00330823
4532.944899 0.99647887 0.00296867
4532.982700 0.99078343 0.00334516
4533.020501 0.99385445 0.00329417
4533.058303 0.99714089 0.00303427
4533.096105 0.99880428 0.00332797
4533.133907 1.00013035 0.00285278
4533.171709 1.00241198 0.00258925
4533.209512 0.99902666 0.00288662
4533.247315 1.00120428 0.00318520
4533.285118 0.99433757 0.00273687
4533.322922 0.99481308 0.00339243
4533.360726 0.99334737 0.00343706
4533.398530 0.99393472 0.00338474
4533.436335 0.99323215 0.00332767
4533.474140 0.99311345 0.00320926
4533.511945 0.99225746 0.00277252
4533.549751 0.99427163 0.00337381
4533.587557 0.98855488 0.00351493
4533.625363 0.98865946 0.00329746
4533.663169 0.98476635 0.00329613
4533.700976 0.99007067 0.00306504
4533.738783 0.99052561 0.00314250
4533.776591 0.99160214 0.00364835
4533.814399 0.99007859 0.00355979
4533.852207 0.99049223 0.00316412
4533.890015 0.99071857 0.00318145
4533.927824 0.98588952 0.00320724
4533.965633 0.98601606 0.00332439
4534.003442 0.98584860 0.00350764
4534.041252 0.98165140 0.00293714
4534.079062 0.97875977 0.00304860
4534.116872 0.97976103 0.00323523
4534.154683 0.98624845 0.00281830
4534.192494 0.98308643 0.00329261
4534.230305 0.98265368 0.00324721
4534.268117 0.98000586 0.00304664
4534.305928 0.97698852 0.00361702
4534.343741 0.97495842 0.00356604
4534.381553 0.97728888 0.00312644
4534.419366 0.98177918 0.00341003
4534.457179 0.97920342 0.00327460
4534.494993 0.97855584 0.00352101
4534.532806 0.98262235 0.00320952
4534.570620 0.97149284 0.00341431
4534.608435 0.97785246 0.00362886
4534.646250 0.96946520 0.00348489
4534.684065 0.97681636 0.00338478
4534.721880 0.97835097 0.00349323
4534.759696 0.97416653 0.00353522
4534.797512 0.97154508 0.00328951
4534.835328 0.97603233 0.00293699
4534.873145 0.98228145 0.00345591
4534.910962 0.97307142 0.00320986
4534.948779 0.97393629 0.00327620
4534.986596 0.97818351 0.00281245
4535.024414 0.98089311 0.00327435
4535.062232 0.97907020 0.00327091
4535.100051 0.97498034 0.00336408
4535.137870 0.97875081 0.00328286
4535.175689 0.98113862 0.00325427
4535.213508 0.98068764 0.00334393
4535.251328 0.97907232 0.00354565
4535.289148 0.98003034 0.00310722
4535.326969 0.98193989 0.00294723
4535.364789 0.98192934 0.00303438
4535.402610 0.97822885 0.00279624
4535.440432 0.98488519 0.00377524
4535.478253 0.98510878 0.00353023
4535.516075 0.98572031 0.00302216
4535.553898 0.98130918 0.00348823
4535.591720 0.98197585 0.00373657
4535.629543 0.97655233 0.00336327
4535.667366 0.98639546 0.00349621
4535.705190 0.99370595 0.00262616
4535.743014 0.98913997 0.00296692
4535.780838 0.99123155 0.00309208
4535.818662 0.99205733 0.00384552
4535.856487 0.99002855 0.00338224
4535.894312 0.98556166 0.00312818
4535.932138 0.98420794 0.00300842
4535.969964 0.99162827 0.00343084
4536.007790 0.98739308 0.00278715
4536.045616 0.98581144 0.00339880
4536.083443 0.99184280 0.00320705
4536.121270 0.98654659 0.00320638
4536.159097 0.98590293 0.00347823
4536.196925 0.98979708 0.00340089
4536.234753 0.99467809 0.00342121
4536.272581 0.99240130 0.00315608
4536.310410 0.98840618 0.00363124
4536.348239 0.98843077 0.00359484
4536.386068 0.98914843 0.00299912
4536.423897 0.98811498 0.00308801
4536.461727 0.99170240 0.00351861
4536.499557 0.99204537 0.00331934
4536.537388 0.98938870 0.00342713
4536.575219 0.98567292 0.00324886
4536.613050 0.99022870 0.00362989
4536.650881 0.98665406 0.00297256
4536.688713 0.99102563 0.00305371
4536.726545 0.99131101 0.00334562
4536.764377 0.98790555 0.00321622
4536.802210 0.98784516 0.00351361
4536.840043 0.98875207 0.00310631
4536.877876 0.98468949 0.00336658
4536.915710 0.98833542 0.00298939
4536.953544 0.99223820 0.00318598
4536.991378 0.98523823 0.00367607
4537.029213 0.98922643 0.00351887
4537.067048 0.98931600 0.00358037
4537.104883 0.98661396 0.00326253
4537.142719 0.98826723 0.00342267
4537.180554 0.98493249 0.00358401
4537.218391 0.99193435 0.00319367
4537.256227 0.98838477 0.00337104
4537.294064 0.98550027 0.00313560
4537.331901 0.98496269 0.00293147
4537.369738 0.98162503 0.00330582
4537.407576 0.98117880 0.00351525
4537.445414 0.98519813 0.00372908
4537.483253 0.98545876 0.00346712
4537.521091 0.98441667 0.00323797
4537.558930 0.98399853 0.00338839
4537.596770 0.98480843 0.00329002
4537.634609 0.98163601 0.00294615
4537.672449 0.98248280 0.00296857
4537.710290 0.98572450 0.00326941
4537.748130 0.98354044 0.00339987
4537.785971 0.97906130 0.00315032
4537.823812 0.98025068 0.00348402
4537.861654 0.98024801 0.00318589
4537.899496 0.98225848 0.00344683
4537.937338 0.98509137 0.00322165
4537.975180 0.98394374 0.00358795
4538.013023 0.97589492 0.00301916
4538.050866 0.98404417 0.00268740
4538.088710 0.97568831 0.00344337
4538.126553 0.97829187 0.00342388
4538.164397 0.97902401 0.00325507
4538.202242 0.98171031 0.00322256
4538.240087 0.97350533 0.00324886
4538.277932 0.96983186 0.00310559
4538.315777 0.97116085 0.00269982
4538.353622 0.97257315 0.00333037
4538.391468 0.97099702 0.00356416
4538.429315 0.97116104 0.00350777
4538.467161 0.97753207 0.00313278
4538.505008 0.97509126 0.00347700
4538.542855 0.97936811 0.00348488
4538.580703 0.97703857 0.00284410
4538.618551 0.97503648 0.00321866
4538.656399 0.97006280 0.00369188
4538.694247 0.96805495 0.00301358
4538.732096 0.96780245 0.00351066
4538.769945 0.97536895 0.00352866
4538.807795 0.97440393 0.00314644
4538.845644 0.97049155 0.00335955
4538.883495 0.97291731 0.00321481
4538.921345 0.96579604 0.00356038
4538.959196 0.96257105 0.00341632
4538.997047 0.96138465 0.00349779
4539.034898 0.96254734 0.00328493
4539.072750 0.96624668 0.00296556
4539.110602 0.96155182 0.00311893
4539.148454 0.96366624 0.00332516
4539.186306 0.95840375 0.00314070
4539.224159 0.96197906 0.00304158
4539.262012 0.96061068 0.00330699
4539.299866 0.95588716 0.00273570
4539.337720 0.95843118 0.00332507
4539.375574 0.96271272 0.00334126
4539.413428 0.96301903 0.00349504
4539.451283 0.95899795 0.00339697
4539.489138 0.95636315 0.00339052
4539.526994 0.95301069 0.00322090
4539.564850 0.95424388 0.00294757
4539.602706 0.95023163 0.00308680
4539.640562 0.94838000 0.00307347
4539.678419 0.94844777 0.00354362
4539.716276 0.94410399 0.00316079
4539.754133 0.95202843 0.00298401
4539.791991 0.94601900 0.00372680
4539.829849 0.94154230 0.00339401
4539.867707 0.94793658 0.00379565
4539.905565 0.94563023 0.00318549
4539.943424 0.94488302 0.00345439
4539.981283 0.93983473 0.00324808
4540.019143 0.93421877 0.00333636
4540.057003 0.93377377 0.00329800
4540.094863 0.93281196 0.00328005
4540.132723 0.93514705 0.00291008
4540.170584 0.93818353 0.00306520
4540.208445 0.93352405 0.00309058
4540.246307 0.93341409 0.00310832
4540.284169 0.92974149 0.00346350
4540.322031 0.92912808 0.00313074
4540.359893 0.92601710 0.00385017
4540.397756 0.92649582 0.00321202
4540.435619 0.92605867 0.00294376
4540.473482 0.92469981 0.00317398
4540.511346 0.92323857 0.00348752
4540.549210 0.91846927 0.00335523
4540.587074 0.92086497 0.00310628
4540.624938 0.91875091 0.00324806
4540.662803 0.92001630 0.00332299
4540.700668 0.91592325 0.00347019
4540.738534 0.92224626 0.00347801
4540.776400 0.91609608 0.00319518
4540.814266 0.91196445 0.00333665
4540.852132 0.90703155 0.00332000
4540.889999 0.90795771 0.00295225
4540.927866 0.91264962 0.00304809
4540.965734 0.91364831 0.00316672
4541.003602 0.90857071 0.00362945
4541.041470 0.90710350 0.00354921
4541.079338 0.91014977 0.00331484
4541.117207 0.90677081 0.00331869
4541.155076 0.90542833 0.00327435
4541.192945 0.90807025 0.00335354
4541.230815 0.91028869 0.00346151
4541.268685 0.90744153 0.00323532
4541.306555 0.90728490 0.00280841
4541.344425 0.90757262 0.00302021
4541.382296 0.90673260 0.00328768
4541.420167 0.90677802 0.00375621
4541.458039 0.90912757 0.00356432
4541.495911 0.90786890 0.00354682
4541.533783 0.90072106 0.00374676
4541.571655 0.90354902 0.00358542
4541.609528 0.90023057 0.00335281
4541.647401 0.90457686 0.00303222
4541.685275 0.90593972 0.00283486
4541.723149 0.90590320 0.00317434
4541.761023 0.90464135 0.00290366
4541.798897 0.90111498 0.00344236
4541.836772 0.90465335 0.00333175
4541.874647 0.90773954 0.00295921
4541.912522 0.90658623 0.00313803
4541.950398 0.91158915 0.00315104
4541.988274 0.91071348 0.00370749
4542.026150 0.90780464 0.00315412
4542.064026 0.91006995 0.00328824
4542.101903 0.91214308 0.00299200
4542.139780 0.90982853 0.00289573
4542.177658 0.91382231 0.00307599
4542.215536 0.90913955 0.00352296
4542.253414 0.90717432 0.00368412
4542.291292 0.90872740 0.00320324
4542.329171 0.91694388 0.00353334
4542.367050 0.91457788 0.00324143
4542.404930 0.91646394 0.00297486
4542.442810 0.91538305 0.00302320
4542.480690 0.91737462 0.00317559
4542.518570 0.91838484 0.00323394
4542.556451 0.91892314 0.00324847
4542.594332 0.92064167 0.00297191
4542.632213 0.92390822 0.00309443
4542.670095 0.92323898 0.00343634
4542.707977 0.92656636 0.00335328
4542.745859 0.92531773 0.00362803
4542.783741 0.92133701 0.00330072
4542.821624 0.92539468 0.00274762
4542.859507 0.92824662 0.00328709
4542.897391 0.93288456 0.00303212
4542.935275 0.93065785 0.00342569
4542.973159 0.93568251 0.00291079
4543.011043 0.93764480 0.00313473
4543.048928 0.94030936 0.00320687
4543.086813 0.94025253 0.00319121
4543.124699 0.93766901 0.00355532
4543.162585 0.93847236 0.00342641
4543.200471 0.94023491 0.00347438
4543.238357 0.94655811 0.00324977
4543.276244 0.94756458 0.00340591
4543.314131 0.94309281 0.00316909
4543.352018 0.94535801 0.00322517
4543.389906 0.94524334 0.00296081
4543.427794 0.94607093 0.00313089
4543.465682 0.95626267 0.00372511
4543.503570 0.95183081 0.00285039
4543.541459 0.95178218 0.00307591
4543.579349 0.96178027 0.00321846
4543.617238 0.95982151 0.00300283
4543.655128 0.95847911 0.00291951
4543.693018 0.95791097 0.00332490
4543.730909 0.95426449 0.00329161
4543.768799 0.96472284 0.00338243
4543.806690 0.96831396 0.00325668
4543.844582 0.96156050 0.00335094
4543.882474 0.96373051 0.00346235
4543.920366 0.96142102 0.00360419
4543.958258 0.96403292 0.00328739
4543.996151 0.96006047 0.00364908
4544.034044 0.96342281 0.00354863
4544.071937 0.96502170 0.00376659
4544.109831 0.96267209 0.00319591
4544.147725 0.96506727 0.00297435
4544.185619 0.96543840 0.00325127
4544.223514 0.97290173 0.00337910
4544.261408 0.96701681 0.00318954
4544.299304 0.97354202 0.00300065
4544.337199 0.96918924 0.00296523
4544.375095 0.96444926 0.00287327
4544.412991 0.97082045 0.00332156
4544.450888 0.97246687 0.00311420
4544.488785 0.97459595 0.00355931
4544.526682 0.96358703 0.00349800
4544.564579 0.96975036 0.00314313
4544.602477 0.97713105 0.00329770
4544.640375 0.97584389 0.00367673
4544.678273 0.97314896 0.00321316
4544.716172 0.97325395 0.00314435
4544.754071 0.97607754 0.00321940
4544.791970 0.97746648 0.00365195
4544.829870 0.97788591 0.00309840
4544.867770 0.97656291 0.00374709
4544.905670 0.98009320 0.00358887
4544.943571 0.98246305 0.00331660
4544.981472 0.97889517 0.00273252
4545.019373 0.97606610 0.00341148
4545.057274 0.97726268 0.00339311
4545.095176 0.97605416 0.00315009
4545.133078 0.97445309 0.00344003
4545.170981 0.97347826 0.00315750
4545.208884 0.97826988 0.00311133
4545.246787 0.97209241 0.00309461
4545.284690 0.98066804 0.00332223
4545.322594 0.98211003 0.00330205
4545.360498 0.98529671 0.00316447
4545.398403 0.97937468 0.00308836
4545.436307 0.97120295 0.00304119
4545.474212 0.98277376 0.00324469
4545.512118 0.97940623 0.00339161
4545.550023 0.97656306 0.00358561
4545.587929 0.97846572 0.00362023
4545.625835 0.97965293 0.00349590
4545.663742 0.98615189 0.00297581
4545.701649 0.98214440 0.00326826
4545.739556 0.97327528 0.00353276
4545.777464 0.97378035 0.00364568
4545.815372 0.97404533 0.00363401
4545.853280 0.97890723 0.00330112
4545.891188 0.98024169 0.00320158
4545.929097 0.97509033 0.00371084
4545.967006 0.97974867 0.00319792
4546.004916 0.97717724 0.00310326
4546.042825 0.97954687 0.00355385
4546.080735 0.98582010 0.00342670
4546.118646 0.98544024 0.00292313
4546.156557 0.98583943 0.00284804
4546.194468 0.98681380 0.00311958
4546.232379 0.98502545 0.00314089
4546.270291 0.98452647 0.00283973
4546.308203 0.98140466 0.00331313
4546.346115 0.97622686 0.00347627
4546.384027 0.97766295 0.00315118
4546.421940 0.98017128 0.00298910
4546.459854 0.98233754 0.00326273
4546.497767 0.97975430 0.00348104
4546.535681 0.97459690 0.00312650
4546.573595 0.97738304 0.00334324
4546.611510 0.97235866 0.00341645
4546.649425 0.98062008 0.00313880
4546.687340 0.98434365 0.00342839
4546.725255 0.98250575 0.00340922
4546.763171 0.97838499 0.00294945
4546.801087 0.98368110 0.00330471
4546.839003 0.97861025 0.00326581
4546.876920 0.98384378 0.00327063
4546.914837 0.98537879 0.00325752
4546.952754 0.98067657 0.00350812
4546.990672 0.98566506 0.00350821
4547.028590 0.99078264 0.00312657
4547.066508 0.98746615 0.00310662
4547.104427 0.98795088 0.00351202
4547.142346 0.98644581 0.00291162
4547.180265 0.98749291 0.00331424
4547.218185 0.99222487 0.00329178
4547.256105 0.98825214 0.00311655
4547.294025 0.99060467 0.00315846
4547.331945 0.98969496 0.00355059
4547.369866 0.98673418 0.00360314
4547.407787 0.99133904 0.00344015
4547.445709 0.98912036 0.00348392
4547.483631 0.99269490 0.00324315
4547.521553 0.99447135 0.00369329
4547.559475 0.98774042 0.00329628
4547.597398 0.99249112 0.00299709
4547.635321 0.99239203 0.00332269
4547.673244 0.99455235 0.00320956
4547.711168 0.98755054 0.00331973
4547.749092 0.98824035 0.00316799
4547.787016 0.99252628 0.00357009
4547.824941 0.99185328 0.00345575
4547.862866 0.99017910 0.00357513
4547.900791 0.99233263 0.00296564
4547.938716 0.98973185 0.00350930
4547.976642 0.99743448 0.00314935
4548.014569 1.00036449 0.00311896
4548.052495 0.99521014 0.00306447
4548.090422 0.99258310 0.00355785
4548.128349 0.99570426 0.00337973
4548.166277 1.00238486 0.00345413
4548.204204 0.99795599 0.00342598
4548.242132 0.99307569 0.00346039
4548.280061 0.99304801 0.00302152
4548.317990 0.99210264 0.00316215
4548.355919 0.99980953 0.00331376
4548.393848 1.00482769 0.00302033
4548.431778 0.99490662 0.00333982
4548.469708 0.99453517 0.00331439
4548.507638 1.00381411 0.00295323
4548.545569 0.99707174 0.00265520
4548.583500 0.99838931 0.00317985
4548.621431 0.99419530 0.00344190
4548.659362 0.99835516 0.00326517
4548.697294 0.99373713 0.00317596
4548.735226 0.99669195 0.00334387
4548.773159 1.00005846 0.00327716
4548.811092 1.00136610 0.00341052
4548.849025 1.00224155 0.00322769
4548.886958 0.99886984 0.00340947
4548.924892 0.99901216 0.00335166
4548.962826 0.99946182 0.00333806
4549.000761 0.99290694 0.00330943
4549.038696 0.99118769 0.00350875
4549.076631 0.99741124 0.00357426
4549.114566 0.99787733 0.00333583
4549.152502 0.99650293 0.00296943
4549.190438 0.99761098 0.00354691
4549.228374 1.00153466 0.00351163
4549.266311 0.99747462 0.00342681
4549.304248 0.99405584 0.00354040
4549.342185 0.99525023 0.00339993
4549.380122 0.99781670 0.00308758
4549.418060 0.99710553 0.00310372
4549.455999 0.99305829 0.00319499
4549.493937 0.99461585 0.00321392
4549.531876 0.99976972 0.00282920
4549.569815 0.99672886 0.00317491
4549.607755 1.00086580 0.00328628
4549.645694 0.99787440 0.00319917
4549.683635 0.99693299 0.00346976
4549.721575 1.00153520 0.00310755
4549.759516 0.99803782 0.00339270
4549.797457 0.99132478 0.00340638
4549.835398 0.99996898 0.00322770
4549.873340 0.99621497 0.00336558
4549.911282 0.99469707 0.00345828
4549.949224 0.99565274 0.00321070
4549.987167 0.99810497 0.00342892
4550.025110 1.00391387 0.00319811
4550.063053 1.00272481 0.00331042
4550.100997 1.00060373 0.00288088
4550.138941 0.99815939 0.00317799
4550.176885 0.99865273 0.00297967
4550.214829 1.00040584 0.00315456
4550.252774 0.99444997 0.00327743
4550.290719 1.00208021 0.00357309
4550.328665 0.99770375 0.00341144
4550.366611 0.99780714 0.00301183
4550.404557 0.99768015 0.00291057
4550.442503 1.00154891 0.00295885
4550.480450 0.99850174 0.00337022
4550.518397 0.99559287 0.00336532
4550.556345 0.99712844 0.00309375
4550.594292 0.99359071 0.00328968
4550.632240 0.99444102 0.00356967
4550.670189 0.99941093 0.00319888
4550.708137 0.99537900 0.00361024
4550.746086 0.99574045 0.00366699
4550.784036 1.00186010 0.00348057
4550.821985 1.00059524 0.00309303
4550.859935 0.99711656 0.00353511
4550.897885 0.99488352 0.00343424
4550.935836 0.99481563 0.00383998
4550.973787 0.99438292 0.00308574
4551.011738 0.99526459 0.00330757
4551.049690 0.99179433 0.00323568
4551.087641 0.99319641 0.00312082
4551.125594 0.99463682 0.00324535
4551.163546 1.00164340 0.00328172
4551.201499 0.99903275 0.00327982
4551.239452 0.99536300 0.00301067
4551.277405 0.99530097 0.00324347
4551.315359 0.98993375 0.00332431
4551.353313 0.98666046 0.00324508
4551.391267 0.98036976 0.00352285
4551.429222 0.97892623 0.00360278
4551.467177 0.97980876 0.00368364
4551.505132 0.97461410 0.00362465
4551.543088 0.96714507 0.00313883
4551.581044 0.95981330 0.00352422
4551.619000 0.95852636 0.00342181
4551.656957 0.95276578 0.00304386
4551.694914 0.95590733 0.00309848
4551.732871 0.95185977 0.00325627
4551.770828 0.94430471 0.00298783
4551.808786 0.94348230 0.00345707
4551.846744 0.93913158 0.00325159
4551.884703 0.92957744 0.00333572
4551.922662 0.92665888 0.00352337
4551.960621 0.92606131 0.00288720
4551.998580 0.92504106 0.00288275
4552.036540 0.91924482 0.00325727
4552.074500 0.91931554 0.00332018
4552.112460 0.92298150 0.00295058
4552.150421 0.91467330 0.00295193
4552.188382 0.91005538 0.00293555
4552.226343 0.91736525 0.00292802
4552.264305 0.91530260 0.00331778
4552.302267 0.91025699 0.00353691
4552.340229 0.91155183 0.00337611
4552.378192 0.91468557 0.00375582
4552.416155 0.91018876 0.00349790
4552.454118 0.90272200 0.00327285
4552.492082 0.90839279 0.00296213
4552.530045 0.90862355 0.00344648
4552.568010 0.90894156 0.00337083
4552.605974 0.90672971 0.00308285
4552.643939 0.90961837 0.00311597
4552.681904 0.91213568 0.00372178
4552.719869 0.91155973 0.00299335
4552.757835 0.90766748 0.00308036
4552.795801 0.90810307 0.00326639
4552.833768 0.91128776 0.00266433
4552.871734 0.91530297 0.00339497
4552.909701 0.90586064 0.00317871
4552.947669 0.91347074 0.00327824
4552.985636 0.92062490 0.00332471
4553.023604 0.91483428 0.00311542
4553.061573 0.91724448 0.00325444
4553.099541 0.91925626 0.00298829
4553.137510 0.91782224 0.00300306
4553.175479 0.92232462 0.00320531
4553.213449 0.92496718 0.00326959
4553.251419 0.92874750 0.00308427
4553.289389 0.93003345 0.00335472
4553.327359 0.93169895 0.00292073
4553.365330 0.93553132 0.00320913
4553.403301 0.94236509 0.00334342
4553.441273 0.94240713 0.00271976
4553.479245 0.95109335 0.00308959
4553.517217 0.95214485 0.00336269
4553.555189 0.95334643 0.00358526
4553.593162 0.96159686 0.00309920
4553.631135 0.96436471 0.00321339
4553.669108 0.96750477 0.00319296
4553.707082 0.97476593 0.00327161
4553.745056 0.97246505 0.00374771
4553.783030 0.97956239 0.00316739
4553.821005 0.98367436 0.00302676
4553.858980 0.98654584 0.00325686
4553.896955 0.98799397 0.00313242
4553.934931 0.98386705 0.00325232
4553.972907 0.98687302 0.00331594
4554.010883 0.99294623 0.00297708
4554.048859 0.99659185 0.00322056
4554.086836 0.99953509 0.00290549
4554.124813 0.99675979 0.00347551
4554.162791 0.99682933 0.00307439
4554.200769 0.99901669 0.00369620
4554.238747 0.99618605 0.00308848
4554.276725 0.99796967 0.00308551
4554.314704 0.99515194 0.00330697
4554.352683 0.99484644 0.00354831
4554.390662 0.99709615 0.00321934
4554.428642 1.00672360 0.00343939
4554.466622 1.00519458 0.00328675
4554.504602 0.99979809 0.00314643
4554.542583 1.00659165 0.00351207
4554.580564 0.99791656 0.00336207
4554.618545 0.99911386 0.00332741
4554.656527 0.99729519 0.00302504
4554.694509 0.99826118 0.00300809
4554.732491 0.99768630 0.00338255
4554.770473 0.99512628 0.00315428
4554.808456 0.99452878 0.00344638
4554.846439 0.99907097 0.00310072
4554.884423 0.99951345 0.00294198
4554.922407 1.00199299 0.00354933
4554.960391 0.99980115 0.00354104
4554.998375 0.99849513 0.00352346
4555.036360 0.99893947 0.00306647
4555.074345 0.99605212 0.00283354
4555.112330 0.99649800 0.00293395
4555.150316 0.99515775 0.00324462
4555.188302 0.99630762 0.00328835
4555.226289 0.99630429 0.00324752
4555.264275 0.99233127 0.00325116
4555.302262 0.99829773 0.00282393
4555.340249 1.00270483 0.00328227
4555.378237 0.99295425 0.00353250
4555.416225 0.99697475 0.00303507
4555.454213 0.99478432 0.00326185
4555.492202 0.99441934 0.00316501
4555.530191 0.99093419 0.00319466
4555.568180 0.99412397 0.00322282
4555.606169 0.99560105 0.00319263
4555.644159 0.99637187 0.00354941
4555.682149 0.99371763 0.00362680
4555.720140 0.99185877 0.00321339
4555.758131 0.99805004 0.00307982
4555.796122 0.99353212 0.00290065
4555.834113 0.99512411 0.00316026
4555.872105 0.99489937 0.00291101
4555.910097 0.99427978 0.00307839
4555.948089 0.99269730 0.00337036
4555.986082 0.99163683 0.00313111
4556.024075 0.99775487 0.00300726
4556.062068 0.99838174 0.00336933
4556.100062 0.99749820 0.00344881
4556.138056 0.99778176 0.00337861
4556.176050 0.99300555 0.00355714
4556.214045 0.99313577 0.00334713
4556.252039 0.99679706 0.00344656
4556.290035 0.99336887 0.00345549
4556.328030 0.99101590 0.00296034
4556.366026 0.99128111 0.00342303
4556.404022 0.99139580 0.00288763
4556.442019 0.99237541 0.00318345
4556.480015 0.99506032 0.00343376
4556.518013 0.99345934 0.00324572
4556.556010 0.99250581 0.00314128
4556.594008 0.98725219 0.00301359
4556.632006 0.98977378 0.00286956
4556.670004 0.99550196 0.00356730
4556.708003 0.99992105 0.00352289
4556.746002 1.00074812 0.00323662
4556.784001 1.00033578 0.00301072
4556.822001 0.99703224 0.00337921
4556.860001 0.99915008 0.00311963
4556.898001 0.99096822 0.00283711
4556.936002 0.99449984 0.00338790
4556.974003 0.99094410 0.00324015
4557.012004 0.99528547 0.00314066
4557.050005 0.99358189 0.00333867
4557.088007 0.99545971 0.00362839
4557.126009 1.00293815 0.00330842
4557.164012 0.99619308 0.00331579
4557.202015 0.99187677 0.00320590
4557.240018 0.99625153 0.00332730
4557.278021 0.99125752 0.00360204
4557.316025 0.99392016 0.00380156
4557.354029 0.99398696 0.00318986
4557.392034 1.00036705 0.00328851
4557.430038 1.00022410 0.00303561
4557.468043 0.99813769 0.00336112
4557.506049 0.99494015 0.00352166
4557.544054 0.99908458 0.00300418
4557.582060 0.99907111 0.00349876
4557.620067 0.99149460 0.00325565
4557.658073 0.99355431 0.00321250
4557.696080 0.99643325 0.00312195
4557.734087 0.99215733 0.00321958
4557.772095 0.99445459 0.00312873
4557.810103 0.99645588 0.00303518
4557.848111 0.99575668 0.00325855
4557.886120 0.99287755 0.00302777
4557.924128 0.99693429 0.00298567
4557.962138 0.99409850 0.00311002
4558.000147 0.99700869 0.00356378
4558.038157 0.99476823 0.00353976
4558.076167 0.99473720 0.00290994
4558.114177 0.99730811 0.00313845
4558.152188 0.99729024 0.00332039
4558.190199 0.99605515 0.00364212
4558.228211 0.99525482 0.00318162
4558.266222 0.99736170 0.00374125
4558.304234 0.99597623 0.00334955
4558.342247 0.99264931 0.00314881
4558.380259 0.99049246 0.00304528
4558.418272 0.99394181 0.00289924
4558.456285 0.99313682 0.00336080
4558.494299 0.99003795 0.00340769
4558.532313 0.99302295 0.00300948
4558.570327 1.00449703 0.00296680
4558.608342 0.99939010 0.00320604
4558.646357 0.99697804 0.00300841
4558.684372 0.99941396 0.00343341
4558.722387 0.99759911 0.00322572
4558.760403 0.99017913 0.00329517
4558.798419 0.99199084 0.00301802
4558.836436 0.99208682 0.00364349
4558.874452 0.99404930 0.00291559
4558.912470 0.99074733 0.00281970
4558.950487 0.99481794 0.00312762
4558.988505 0.99876884 0.00308795
4559.026523 0.99844981 0.00319327
4559.064541 1.00044741 0.00315315
4559.102560 0.99698883 0.00300482
4559.140579 0.99155882 0.00341552
4559.178598 0.99675335 0.00304388
4559.216618 0.99763320 0.00302085
4559.254637 0.99430620 0.00315125
4559.292658 1.00046667 0.00307377
4559.330678 0.99928802 0.00335092
4559.368699 1.00037352 0.00331417
4559.406720 1.00097740 0.00286920
4559.444742 1.00095515 0.00310682
4559.482764 0.99828291 0.00294132
4559.520786 1.00279100 0.00304872
4559.558808 1.00311610 0.00321089
4559.596831 0.99727062 0.00313259
4559.634854 0.99386148 0.00332773
4559.672878 0.99029076 0.00329089
4559.710901 0.98963840 0.00298254
4559.748925 1.00246966 0.00317992
4559.786950 1.00009925 0.00319195
4559.824975 0.99868534 0.00347440
4559.863000 0.99984325 0.00311135
4559.901025 0.99625227 0.00346272
4559.939050 0.99870147 0.00317847
4559.977076 0.99714361 0.00359200
4560.015103 0.99289341 0.00293060
4560.053129 0.99796421 0.00311850
4560.091156 1.00266899 0.00349194
4560.129183 1.00711949 0.00305739
4560.167211 1.00714659 0.00285317
4560.205239 0.99326756 0.00307892
4560.243267 0.99299336 0.00310888
4560.281296 0.99994715 0.00346285
4560.319324 0.99937232 0.00378505
4560.357353 1.00456521 0.00300009
4560.395383 1.00052172 0.00323918
4560.433413 0.99745031 0.00321836
4560.471443 1.00172795 0.00290345
4560.509473 1.00472632 0.00283402
4560.547504 1.00045490 0.00296048
4560.585535 0.99980819 0.00331585
4560.623566 0.99837832 0.00343020
4560.661598 0.99707693 0.00330107
4560.699630 0.99921974 0.00320629
4560.737662 0.99644251 0.00330530
4560.775695 1.00249039 0.00314920
4560.813728 1.00150324 0.00307027
4560.851761 0.99496820 0.00311801
4560.889795 0.99773899 0.00333365
4560.927828 0.99810769 0.00330481
4560.965863 1.00052269 0.00318576
4561.003897 0.99960526 0.00325971
4561.041932 0.99805535 0.00302498
4561.079967 1.00425663 0.00279103
4561.118003 0.99799662 0.00311119
4561.156038 0.99497426 0.00300117
4561.194075 0.99267890 0.00334361
4561.232111 1.00165631 0.00312968
4561.270148 1.00061300 0.00320874
4561.308185 1.00429826 0.00292498
4561.346222 0.99618462 0.00287175
4561.384260 1.00044854 0.00284516
4561.422298 0.99832010 0.00329177
4561.460336 0.99847216 0.00338968
4561.498375 0.99828401 0.00341236
4561.536414 0.99973167 0.00309542
4561.574453 0.99537587 0.00363057
4561.612493 1.00015157 0.00327545
4561.650533 0.99920095 0.00363034
4561.688573 0.99574374 0.00333216
4561.726613 0.99961512 0.00277483
4561.764654 1.00124593 0.00320164
4561.802695 1.00450846 0.00296061
4561.840737 0.99771701 0.00358710
4561.878779 1.00401405 0.00266058
4561.916821 1.00214358 0.00298096
4561.954863 0.99793907 0.00261554
4561.992906 0.99754691 0.00299894
4562.030949 1.00235439 0.00327462
4562.068993 1.00288682 0.00325246
4562.107036 0.99928903 0.00355913
4562.145080 0.99714973 0.00331397
4562.183125 0.99856524 0.00286632
4562.221169 0.99636697 0.00323196
4562.259214 1.00428400 0.00295390
4562.297260 1.00237935 0.00336113
4562.335305 0.99837848 0.00284911
4562.373351 0.99726407 0.00295134
4562.411397 0.99891031 0.00330192
4562.449444 0.99697504 0.00299035
4562.487491 0.99673846 0.00327732
4562.525538 0.99961244 0.00304236
4562.563586 0.99967667 0.00334951
4562.601633 1.00228067 0.00328914
4562.639682 1.00475199 0.00334443
4562.677730 0.99649626 0.00348112
4562.715779 0.99795412 0.00313444
4562.753828 0.99480477 0.00340894
4562.791877 1.00172781 0.00279832
4562.829927 1.00535099 0.00307015
4562.867977 1.00317236 0.00318933
4562.906028 0.99722880 0.00337719
4562.944078 0.98707525 0.00325587
4562.982129 0.99261880 0.00338513
4563.020181 0.99470153 0.00322441
4563.058232 1.00019970 0.00334524
4563.096284 0.99572375 0.00368213
4563.134337 0.99678380 0.00308382
4563.172389 1.00474424 0.00293722
4563.210442 1.00525177 0.00314118
4563.248495 0.99840007 0.00273820
4563.286549 0.99689094 0.00339287
4563.324603 0.99941826 0.00327239
4563.362657 1.00070143 0.00269154
4563.400711 0.99562665 0.00313616
4563.438766 0.99853255 0.00371089
4563.476821 1.00064034 0.00343918
4563.514877 1.00266610 0.00308205
4563.552933 1.00366653 0.00267012
4563.590989 1.00538571 0.00270039
4563.629045 1.00211255 0.00259616
4563.667102 0.99962092 0.00281818
4563.705159 1.00179404 0.00289977
4563.743216 1.00103121 0.00303858
4563.781274 0.99600011 0.00353872
4563.819332 1.00211693 0.00323525
4563.857390 1.00228625 0.00313207
4563.895449 0.99924899 0.00328651
4563.933508 0.99830625 0.00360124
4563.971567 0.99905892 0.00358757
4564.009627 0.99745218 0.00318068
4564.047687 1.00455290 0.00292960
4564.085747 1.00016557 0.00307088
4564.123807 0.99809056 0.00295815
4564.161868 1.00059656 0.00298950
4564.199929 0.99790531 0.00342923
4564.237991 1.00146935 0.00339940
4564.276053 0.99978409 0.00322413
4564.314115 1.00520908 0.00288731
4564.352177 1.00599685 0.00329666
4564.390240 0.99773517 0.00339934
4564.428303 1.00511959 0.00329642
4564.466367 1.00263623 0.00349302
4564.504430 1.00004695 0.00343378
4564.542494 0.99724195 0.00311773
4564.580559 0.99622887 0.00326678
4564.618623 0.99816346 0.00355098
4564.656688 1.00214048 0.00294280
4564.694754 0.99541325 0.00323987
4564.732819 1.00012696 0.00314428
4564.770885 1.00024110 0.00280001
4564.808951 0.99700402 0.00313971
4564.847018 1.00857837 0.00375573
4564.885085 0.99937435 0.00291175
4564.923152 1.00070690 0.00318131
4564.961220 1.00153914 0.00311603
4564.999287 0.99844617 0.00321232
4565.037356 0.99784263 0.00348523
4565.075424 0.99730176 0.00302219
4565.113493 0.99942621 0.00303438
4565.151562 0.99761254 0.00318300
4565.189631 0.99965573 0.00299864
4565.227701 1.00026698 0.00331312
4565.265771 0.99960081 0.00352297
4565.303841 1.00094692 0.00353653
4565.341912 1.00142485 0.00313079
4565.379983 1.00188312 0.00322412
4565.418055 0.99880779 0.00296025
4565.456126 1.00302861 0.00289835
4565.494198 1.00174615 0.00290239
4565.532270 1.00357931 0.00318536
4565.570343 1.00677452 0.00294032
4565.608416 1.00693493 0.00305469
4565.646489 1.00458892 0.00292692
4565.684563 0.99812887 0.00327094
4565.722637 1.00132132 0.00333951
4565.760711 0.99808391 0.00407423
4565.798785 0.99797232 0.00323234
4565.836860 0.99885339 0.00335422
4565.874935 0.99460241 0.00332741
4565.913011 0.99725072 0.00344303
4565.951086 0.99810923 0.00298461
4565.989163 1.00505917 0.00300345
4566.027239 1.00154240 0.00303855
4566.065316 0.99980815 0.00355403
4566.103393 1.00007712 0.00332405
4566.141470 0.99880480 0.00285566
4566.179548 0.99780807 0.00335696
4566.217626 1.00135562 0.00349611
4566.255704 1.00393111 0.00320490
4566.293783 0.99722793 0.00319436
4566.331862 0.99943159 0.00321395
4566.369941 0.99526598 0.00333573
4566.408021 0.99614458 0.00362024
4566.446100 0.99754622 0.00304531
4566.484181 0.99060228 0.00310593
4566.522261 0.99683903 0.00309101
4566.560342 0.99440742 0.00327586
4566.598423 0.99399390 0.00298253
4566.636505 0.98501217 0.00345026
4566.674587 0.97927179 0.00375635
4566.712669 0.98307056 0.00338293
4566.750751 0.97799864 0.00302221
4566.788834 0.97124674 0.00330136
4566.826917 0.97410542 0.00304390
4566.865000 0.96956359 0.00314434
4566.903084 0.96849702 0.00349485
4566.941168 0.96380504 0.00335128
4566.979252 0.95368197 0.00310919
4567.017337 0.95481878 0.00282028
4567.055422 0.95369192 0.00321717
4567.093507 0.95292223 0.00353428
4567.131593 0.95568535 0.00299783
4567.169679 0.94601715 0.00369512
4567.207765 0.94535321 0.00350853
4567.245852 0.94796603 0.00309139
4567.283939 0.94568339 0.00273247
4567.322026 0.94464056 0.00346938
4567.360113 0.94196286 0.00348470
4567.398201 0.94497896 0.00330219
4567.436289 0.93965131 0.00313252
4567.474378 0.93883411 0.00342829
4567.512467 0.93601945 0.00338681
4567.550556 0.93415243 0.00310707
4567.588645 0.93363215 0.00349540
4567.626735 0.93181689 0.00311292
4567.664825 0.93150053 0.00326514
4567.702915 0.93683533 0.00341501
4567.741006 0.93748621 0.00291873
4567.779097 0.94305706 0.00315006
4567.817188 0.93904705 0.00282670
4567.855280 0.93376072 0.00297961
4567.893372 0.93266965 0.00307955
4567.931464 0.94038114 0.00303232
4567.969557 0.93668375 0.00326525
4568.007650 0.93500962 0.00326812
4568.045743 0.93727497 0.00304459
4568.083837 0.93664283 0.00333195
4568.121931 0.93754543 0.00325699
4568.160025 0.93653140 0.00316312
4568.198119 0.93912730 0.00323278
4568.236214 0.93434960 0.00324135
4568.274309 0.94124344 0.00306130
4568.312405 0.94186849 0.00298048
4568.350501 0.93933583 0.00307527
4568.388597 0.94026866 0.00318133
4568.426693 0.95178761 0.00349832
4568.464790 0.95151167 0.00322539
4568.502887 0.95190113 0.00353268
4568.540984 0.95846777 0.00314720
4568.579082 0.95443881 0.00306221
4568.617180 0.95918366 0.00297019
4568.655278 0.96213194 0.00289160
4568.693377 0.96339915 0.00271249
4568.731476 0.96748798 0.00339171
4568.769575 0.96552858 0.00366969
4568.807675 0.97155564 0.00349512
4568.845775 0.97290087 0.00293609
4568.883875 0.97999939 0.00302728
4568.921975 0.98265963 0.00329386
4568.960076 0.98331108 0.00294414
4568.998177 0.99045764 0.00281058
4569.036279 0.99136915 0.00333169
4569.074381 0.99100710 0.00318739
4569.112483 0.98851913 0.00334529
4569.150585 0.99424551 0.00366710
4569.188688 0.99869605 0.00287344
4569.226791 1.00517786 0.00294717
4569.264895 1.00065643 0.00310109
4569.302998 1.00027273 0.00285998
4569.341102 0.99686008 0.00353820
4569.379207 0.99771041 0.00305647
4569.417311 0.99736744 0.00334755
4569.455416 1.00239236 0.00326339
4569.493522 0.99900503 0.00319992
4569.531627 0.99744500 0.00333166
4569.569733 0.99864227 0.00318966
4569.607840 0.99786733 0.00336678
4569.645946 0.99945824 0.00278188
4569.684053 0.99916122 0.00352741
4569.722160 1.00003393 0.00324889
4569.760268 0.99759912 0.00351251
4569.798376 0.99842779 0.00336048
4569.836484 0.99783502 0.00294332
4569.874592 0.99618819 0.00304088
4569.912701 1.00033040 0.00293053
4569.950810 1.00433429 0.00299777
4569.988920 1.00158381 0.00305193
4570.027030 0.99811546 0.00355805
4570.065140 0.99875433 0.00357154
4570.103250 0.99974224 0.00305174
4570.141361 1.00214341 0.00323701
4570.179472 0.99812348 0.00319458
4570.217583 1.00125442 0.00303621
4570.255695 1.00255372 0.00308876
4570.293807 1.00182841 0.00319804
4570.331919 1.00286840 0.00303170
4570.370032 0.99983013 0.00297863
4570.408145 0.99900176 0.00333993
4570.446258 1.00406759 0.00301866
4570.484372 1.00260375 0.00313028
4570.522485 0.99718911 0.00332321
4570.560600 1.00267187 0.00303193
4570.598714 1.00426450 0.00283527
4570.636829 0.99841930 0.00330452
4570.674944 0.99902019 0.00308255
4570.713060 1.00019120 0.00361023
4570.751175 1.00034688 0.00322961
4570.789292 0.99808311 0.00293982
4570.827408 0.99923686 0.00301050
4570.865525 1.00041897 0.00370393
4570.903642 0.99969665 0.00345748
4570.941759 0.99838086 0.00291478
4570.979877 1.00259516 0.00295723
4571.017995 0.99737753 0.00336597
4571.056113 1.00298492 0.00336377
4571.094232 1.00261355 0.00298404
4571.132351 1.00018223 0.00330065
4571.170470 0.99552096 0.00292390
4571.208590 0.99970625 0.00309700
4571.246710 1.00145814 0.00329136
4571.284830 1.00053227 0.00341067
4571.322951 1.00524758 0.00322095
4571.361072 0.99949237 0.00316662
4571.399193 0.99723775 0.00325032
4571.437314 0.99919486 0.00306564
4571.475436 1.00706612 0.00314082
4571.513558 1.00138514 0.00307220
4571.551681 0.99997307 0.00330017
4571.589804 1.00677845 0.00331015
4571.627927 1.00382263 0.00302754
4571.666050 1.00129521 0.00314075
4571.704174 0.99748362 0.00344298
4571.742298 1.00184799 0.00352817
4571.780422 1.00208836 0.00302232
4571.818547 0.99898816 0.00320421
4571.856672 1.00105724 0.00287111
4571.894797 1.00343095 0.00319744
4571.932923 0.99070115 0.00303171
4571.971049 0.99859489 0.00337267
4572.009175 0.99589479 0.00327328
4572.047302 0.99578772 0.00351166
4572.085429 1.00130366 0.00337382
4572.123556 1.00159576 0.00321344
4572.161684 0.99898738 0.00337240
4572.199812 1.00118513 0.00303345
4572.237940 0.99820785 0.00314102
4572.276068 0.99435261 0.00333881
4572.314197 0.99832648 0.00316561
4572.352326 1.00348130 0.00296703
4572.390456 0.99832650 0.00311060
4572.428585 0.99835042 0.00274651
4572.466716 1.00074740 0.00331375
4572.504846 0.99827285 0.00330982
4572.542977 0.99447665 0.00317193
4572.581108 0.99927082 0.00328452
4572.619239 0.99450593 0.00348822
4572.657371 0.99791228 0.00298202
4572.695503 0.99848276 0.00310878
4572.733635 0.99688898 0.00331223
4572.771768 1.00046897 0.00318394
4572.809901 1.00058692 0.00305103
4572.848034 0.99523974 0.00339961
4572.886168 0.99935929 0.00308317
4572.924302 0.99634162 0.00311766
4572.962436 1.00147055 0.00288338
4573.000571 1.00163978 0.00319941
4573.038705 1.00101214 0.00322678
4573.076841 0.99795775 0.00306366
4573.114976 1.00002280 0.00306703
4573.153112 1.00437868 0.00276819
4573.191248 0.99486399 0.00322886
4573.229385 0.99838956 0.00310156
4573.267521 0.99945558 0.00313744
4573.305658 0.99859298 0.00316015
4573.343796 1.00023463 0.00332685
4573.381934 0.99971692 0.00358427
4573.420072 1.00264437 0.00298473
4573.458210 0.99733537 0.00311049
4573.496349 0.99242397 0.00288770
4573.534488 0.99890367 0.00333501
4573.572627 0.99615215 0.00296217
4573.610767 0.99443354 0.00325610
4573.648907 0.99227986 0.00353696
4573.687047 0.99123717 0.00306998
4573.725188 0.99101824 0.00312173
4573.763329 0.98704748 0.00313121
4573.801470 0.98522062 0.00300115
4573.839611 0.98299311 0.00322633
4573.877753 0.98774916 0.00302629
4573.915895 0.98475789 0.00308593
4573.954038 0.98124899 0.00332360
4573.992181 0.97858416 0.00298024
4574.030324 0.98202067 0.00297341
4574.068467 0.98294597 0.00316131
4574.106611 0.98130205 0.00338063
4574.144755 0.97991680 0.00288198
4574.182900 0.97857993 0.00277005
4574.221044 0.97888365 0.00332207
4574.259189 0.97918634 0.00318015
4574.297335 0.97691218 0.00336221
4574.335481 0.97417120 0.00303881
4574.373627 0.97170187 0.00307482
4574.411773 0.97687133 0.00297744
4574.449920 0.97729932 0.00301301
4574.488066 0.97378013 0.00347557
4574.526214 0.97358324 0.00329892
4574.564361 0.97224066 0.00294682
4574.602509 0.97398143 0.00296515
4574.640658 0.97388248 0.00292453
4574.678806 0.97103807 0.00306866
4574.716955 0.97270336 0.00330931
4574.755104 0.97080046 0.00333639
4574.793254 0.96882726 0.00338798
4574.831403 0.96893080 0.00317008
4574.869554 0.97166889 0.00352805
4574.907704 0.97560768 0.00321444
4574.945855 0.97295974 0.00319659
4574.984006 0.97429759 0.00330945
4575.022157 0.97137468 0.00334667
4575.060309 0.97381007 0.00298260
4575.098461 0.97019961 0.00284200
4575.136614 0.97245259 0.00317655
4575.174766 0.96906512 0.00314826
4575.212919 0.97316791 0.00331603
4575.251073 0.97948845 0.00361154
4575.289226 0.97389287 0.00345253
4575.327380 0.97343862 0.00338042
4575.365534 0.97433921 0.00316609
4575.403689 0.97757109 0.00257896
4575.441844 0.98081995 0.00327559
4575.479999 0.97780850 0.00359820
4575.518155 0.97881585 0.00330448
4575.556311 0.98402290 0.00366499
4575.594467 0.98369576 0.00300058
4575.632623 0.98361167 0.00338356
4575.670780 0.98298470 0.00298851
4575.708937 0.98848412 0.00341021
4575.747095 0.98620877 0.00303092
4575.785253 0.99252255 0.00278564
4575.823411 0.98980114 0.00333604
4575.861569 0.98657785 0.00329771
4575.899728 0.99394919 0.00296569
4575.937887 0.99352926 0.00296965
4575.976046 0.99623452 0.00346249
4576.014206 0.99757692 0.00338164
4576.052366 0.99892418 0.00282532
4576.090526 1.00145718 0.00282106
4576.128687 1.00084434 0.00358492
4576.166848 0.99849603 0.00305307
4576.205009 0.99963970 0.00301391
4576.243171 1.00367737 0.00273529
4576.281333 0.99673453 0.00274042
4576.319495 1.00385442 0.00309402
4576.357658 1.00132614 0.00286412
4576.395820 1.00031369 0.00300375
4576.433984 1.00045885 0.00327463
4576.472147 0.99653397 0.00304254
4576.510311 0.99841924 0.00311867
4576.548475 1.00475998 0.00284917
4576.586640 1.00007330 0.00316393
4576.624804 1.00134712 0.00316544
4576.662969 0.99927181 0.00330583
4576.701135 0.99561654 0.00282481
4576.739301 0.99677128 0.00277452
4576.777467 0.99667378 0.00288148
4576.815633 1.00203351 0.00300349
4576.853800 1.00109233 0.00345795
4576.891967 1.00079730 0.00327084
4576.930134 0.99888630 0.00289276
4576.968302 1.00397972 0.00313405
4577.006470 1.00229621 0.00289316
4577.044638 1.00183835 0.00293484
4577.082807 1.00218345 0.00316871
4577.120975 1.00295412 0.00290552
4577.159145 0.99929363 0.00310229
4577.197314 1.00080986 0.00299879
4577.235484 0.99764249 0.00312991
4577.273654 1.00071083 0.00336128
4577.311825 1.00290711 0.00333280
4577.349996 0.99942187 0.00314780
4577.388167 1.00613184 0.00276406
4577.426338 0.99642548 0.00314561
4577.464510 0.99708590 0.00327853
4577.502682 0.99335215 0.00351295
4577.540855 1.00209602 0.00312883
4577.579027 1.00036730 0.00293741
4577.617200 0.99959064 0.00285123
4577.655374 1.00071191 0.00290142
4577.693547 1.00359230 0.00325314
4577.731721 0.99793788 0.00322078
4577.769896 1.00118890 0.00313278
4577.808070 1.00575544 0.00301735
4577.846245 1.00325921 0.00311342
4577.884421 0.99639634 0.00340015
4577.922596 1.00062473 0.00331574
4577.960772 0.99815958 0.00295342
4577.998949 0.99745999 0.00285004
4578.037125 0.99409346 0.00287813
4578.075302 0.99761673 0.00312408
4578.113479 0.99714447 0.00261712
4578.151657 0.99883505 0.00299155
4578.189834 1.00346018 0.00313026
4578.228013 1.00075934 0.00308856
4578.266191 1.00374800 0.00310753
4578.304370 1.00134412 0.00336151
4578.342549 1.00305491 0.00322957
4578.380728 1.00343062 0.00295358
4578.418908 0.99791679 0.00338559
4578.457088 1.00028988 0.00293962
4578.495269 1.00490812 0.00257802
4578.533449 1.00218554 0.00315718
4578.571630 1.00057533 0.00301930
4578.609812 0.99980120 0.00308313
4578.647993 0.99927762 0.00329517
4578.686175 0.99835532 0.00290337
4578.724358 0.99903556 0.00274352
4578.762540 0.99935793 0.00290832
4578.800723 0.99756226 0.00322189
4578.838906 1.00122155 0.00294396
4578.877090 1.00183486 0.00270159
4578.915274 1.00101807 0.00296945
4578.953458 1.00032174 0.00296741
4578.991643 0.99740526 0.00300786
4579.029827 0.99681813 0.00311565
4579.068013 0.99958465 0.00269536
4579.106198 1.00006421 0.00279921
4579.144384 0.99918908 0.00267198
4579.182570 1.00261444 0.00242628
4579.220756 0.99745053 0.00256578
4579.258943 0.99605303 0.00266450
4579.297130 0.99833314 0.00258168
4579.335318 1.00402688 0.00248676
4579.373505 1.00441740 0.00308335
4579.411693 1.00190503 0.00261434
4579.449882 1.00241003 0.00264470
4579.488070 0.99670437 0.00258467
4579.526259 0.99807078 0.00246967
4579.564449 1.00147443 0.00259874
4579.602638 0.99636441 0.00251923
4579.640828 1.00056079 0.00262625
4579.679018 1.00068824 0.00245862
4579.717209 1.00063258 0.00241879
4579.755400 0.99942605 0.00248106
4579.793591 0.99833653 0.00274426
4579.831783 1.00008877 0.00248282
4579.869974 0.99914909 0.00258675
4579.908167 0.99959628 0.00258140
4579.946359 0.99997464 0.00266529
4579.984552 0.99963395 0.00242448
