# Synthetic disentangled spectrum for the MINATO SPAN tutorial.
# Generated from PoWR GAL-OB-Vd3 models 32-40 and 22-42; see provenance.json.
# wavelength_A normalised_flux marginal_flux_error_1sigma
3980.000000 0.96248056 0.01891016
3980.033190 0.96163068 0.02195397
3980.066380 0.97277255 0.02051275
3980.099570 0.99511293 0.02157507
3980.132761 0.96348341 0.01829951
3980.165952 0.95274682 0.01947185
3980.199143 0.95068507 0.02102932
3980.232334 0.99987315 0.02303644
3980.265526 0.95177934 0.02311021
3980.298718 0.96817644 0.02101495
3980.331910 0.99069098 0.02014987
3980.365103 0.99555355 0.02049417
3980.398295 1.00030990 0.02177388
3980.431489 0.97822684 0.01756554
3980.464682 0.97060270 0.01937075
3980.497876 0.98291648 0.02081357
3980.531069 0.96243454 0.02234347
3980.564264 0.97534300 0.02014637
3980.597458 1.01060358 0.01972430
3980.630653 0.99836102 0.02364841
3980.663848 1.00402633 0.02039446
3980.697043 0.98554431 0.02222019
3980.730239 0.94880904 0.02584423
3980.763435 0.89738463 0.02220983
3980.796631 0.92528702 0.02524524
3980.829827 0.95352191 0.02675749
3980.863024 0.89698636 0.02318232
3980.896221 0.89714582 0.02313357
3980.929418 0.91746871 0.02783963
3980.962616 0.92998617 0.02244073
3980.995813 0.93365538 0.02116301
3981.029011 0.94230276 0.02273183
3981.062210 0.91642646 0.02609402
3981.095408 0.94116078 0.02201488
3981.128607 0.98287252 0.02281790
3981.161807 0.96883303 0.02203018
3981.195006 0.92062867 0.02243053
3981.228206 0.91707977 0.02281395
3981.261406 0.96442967 0.02280653
3981.294606 0.96420470 0.02209540
3981.327807 0.99515547 0.02455794
3981.361007 0.98367488 0.02301696
3981.394208 0.93472772 0.02586129
3981.427410 0.96124783 0.02516807
3981.460612 0.96681700 0.02395060
3981.493814 0.95526705 0.02620587
3981.527016 0.95690015 0.02372737
3981.560218 0.96496963 0.02339942
3981.593421 0.92477262 0.02423711
3981.626624 0.93923889 0.02176018
3981.659827 0.96893377 0.02224755
3981.693031 0.92655517 0.02618885
3981.726235 0.94852204 0.02437060
3981.759439 0.94046099 0.02170296
3981.792643 0.94073292 0.02351726
3981.825848 0.96455369 0.02150915
3981.859053 0.95255846 0.02183140
3981.892258 0.95417464 0.02652347
3981.925464 0.90116768 0.02741412
3981.958670 0.92317335 0.02407886
3981.991876 0.95837015 0.02501920
3982.025082 0.96306929 0.02432765
3982.058289 0.99155773 0.02579594
3982.091496 0.92831634 0.02618984
3982.124703 0.89030114 0.02529224
3982.157911 0.90970982 0.02510396
3982.191118 0.96099697 0.02503986
3982.224326 0.92843657 0.02722347
3982.257535 0.88886196 0.02450427
3982.290743 0.91131537 0.02707753
3982.323952 0.89869143 0.02656916
3982.357161 0.84492801 0.02734282
3982.390371 0.87399150 0.02609312
3982.423580 0.90108922 0.02869442
3982.456790 0.92796977 0.02627020
3982.490001 0.88923511 0.02654216
3982.523211 0.91915506 0.02567167
3982.556422 0.89003516 0.02430610
3982.589633 0.89377531 0.02330101
3982.622844 0.87963522 0.02708448
3982.656056 0.86293483 0.02425988
3982.689268 0.94361342 0.02498837
3982.722480 0.93959882 0.02402483
3982.755693 0.92107985 0.02346337
3982.788905 0.90169429 0.02394019
3982.822118 0.89143668 0.02706914
3982.855332 0.89118315 0.02370194
3982.888545 0.91746693 0.02606484
3982.921759 0.93486591 0.02454378
3982.954973 0.90706993 0.02221854
3982.988188 0.94466666 0.02947924
3983.021402 0.92431824 0.02709707
3983.054617 0.89372640 0.02792292
3983.087833 0.95206492 0.02564000
3983.121048 0.93416805 0.02652336
3983.154264 0.89127741 0.02956021
3983.187480 0.89904345 0.02576463
3983.220696 0.90086424 0.02731072
3983.253913 0.91005000 0.02538145
3983.287130 0.92418739 0.02513729
3983.320347 0.92079699 0.02999734
3983.353564 0.94240504 0.03113579
3983.386782 0.96856691 0.02589873
3983.420000 0.92563076 0.02764818
3983.453218 0.91062018 0.02680877
3983.486437 0.92258626 0.02793076
3983.519656 0.92526097 0.02664741
3983.552875 0.98731998 0.02645765
3983.586094 0.94904780 0.02539579
3983.619314 0.92084252 0.02757501
3983.652534 0.95927116 0.02582705
3983.685754 0.96705221 0.02798359
3983.718975 0.94624126 0.02823916
3983.752196 0.98282510 0.02559248
3983.785417 0.98489710 0.02761371
3983.818638 0.92286352 0.02518536
3983.851860 0.89411959 0.02713510
3983.885081 0.93205415 0.02540630
3983.918304 0.96874485 0.02486393
3983.951526 0.98434658 0.02753805
3983.984749 0.93458470 0.02654975
3984.017972 0.97800172 0.02734253
3984.051195 0.95273916 0.02569683
3984.084419 0.94377628 0.02702099
3984.117642 0.93693446 0.02665302
3984.150866 0.95956103 0.02980741
3984.184091 0.97045348 0.02758359
3984.217316 0.99070731 0.02659401
3984.250540 0.96897735 0.02620622
3984.283766 1.02274525 0.02827105
3984.316991 1.01135872 0.02755642
3984.350217 0.98531523 0.02647094
3984.383443 0.99184907 0.02826911
3984.416669 0.95694413 0.02631358
3984.449896 0.97276773 0.02692474
3984.483123 1.00001675 0.02817207
3984.516350 1.00466724 0.02813616
3984.549577 0.92680217 0.02941024
3984.582805 0.98364662 0.02708671
3984.616033 0.96623616 0.02769758
3984.649261 0.95669098 0.02310456
3984.682490 0.93874017 0.02939742
3984.715719 0.91796909 0.02614226
3984.748948 0.94507717 0.02923700
3984.782177 0.98283580 0.02896851
3984.815407 0.98953814 0.02617432
3984.848637 0.96228542 0.02848612
3984.881867 0.96423691 0.02888504
3984.915097 0.97306985 0.02489957
3984.948328 0.97264366 0.02214396
3984.981559 1.00907348 0.02682228
3985.014790 1.00981036 0.02604920
3985.048022 0.94115849 0.02727974
3985.081254 0.94811399 0.02867952
3985.114486 0.98587207 0.02724979
3985.147718 0.96004711 0.03047451
3985.180951 0.99281352 0.02666332
3985.214184 0.99395741 0.02562945
3985.247417 1.03651684 0.02604052
3985.280651 0.97682145 0.02744653
3985.313885 0.99625401 0.02743112
3985.347119 0.97953167 0.02446640
3985.380353 0.98236559 0.02913551
3985.413588 0.96089410 0.02688713
3985.446823 0.93768057 0.02774166
3985.480058 0.96178606 0.02962392
3985.513293 0.94490430 0.02825804
3985.546529 0.98219021 0.02678546
3985.579765 0.99208898 0.02648694
3985.613001 0.97741565 0.02506079
3985.646238 0.96232773 0.02727428
3985.679475 0.97920820 0.02865016
3985.712712 0.96365573 0.02524516
3985.745949 1.00325403 0.02798598
3985.779187 0.98747526 0.02909249
3985.812425 0.95601236 0.02488570
3985.845663 0.97115543 0.02800350
3985.878902 0.97675409 0.02803341
3985.912140 1.00013757 0.02629835
3985.945380 0.97760435 0.02958792
3985.978619 1.00083867 0.02366774
3986.011859 0.95622980 0.02695248
3986.045098 1.01230625 0.02488967
3986.078339 0.96484710 0.02629606
3986.111579 0.93511533 0.02557316
3986.144820 0.95832330 0.02644097
3986.178061 0.98771783 0.02712326
3986.211302 0.99754424 0.02927818
3986.244544 0.96159569 0.02776669
3986.277785 0.95864800 0.02478840
3986.311028 0.95523651 0.02548998
3986.344270 0.96558811 0.02592591
3986.377513 0.97943918 0.02898420
3986.410756 1.01524552 0.02758967
3986.443999 0.98955112 0.02751215
3986.477242 0.99524648 0.02586011
3986.510486 0.98024396 0.02738589
3986.543730 0.96715296 0.02557947
3986.576975 0.97414086 0.02657174
3986.610219 0.99884435 0.02801784
3986.643464 0.93610297 0.02559247
3986.676709 0.98417109 0.02880932
3986.709955 0.96949842 0.02970014
3986.743200 0.97073071 0.02891967
3986.776446 1.03030440 0.02634618
3986.809693 0.95647117 0.02568550
3986.842939 0.97410394 0.02762672
3986.876186 0.99121196 0.02481230
3986.909433 0.97772163 0.02574348
3986.942680 0.98873527 0.02874790
3986.975928 0.98746830 0.03158317
3987.009176 0.97721445 0.02448328
3987.042424 0.97930394 0.02631164
3987.075673 0.97425972 0.03000080
3987.108922 1.00423332 0.02591156
3987.142171 0.96616085 0.02252400
3987.175420 0.96016692 0.02712097
3987.208670 0.99962098 0.03030851
3987.241919 1.00229852 0.02933068
3987.275170 0.95108558 0.02807872
3987.308420 0.98314327 0.02728079
3987.341671 1.00731253 0.02433794
3987.374922 0.94344906 0.02945497
3987.408173 0.95075011 0.02619851
3987.441425 0.93511142 0.02544684
3987.474676 0.99856812 0.02287236
3987.507928 1.04259002 0.02843955
3987.541181 0.97907235 0.02917231
3987.574433 0.99271059 0.02724110
3987.607686 0.97742206 0.02379816
3987.640940 0.98492002 0.02452033
3987.674193 0.99285071 0.02907454
3987.707447 0.95924909 0.02788259
3987.740701 0.97666681 0.03010756
3987.773955 0.99189138 0.02830337
3987.807210 1.02015400 0.02881280
3987.840465 0.94554256 0.02533723
3987.873720 0.95500524 0.02582210
3987.906975 0.96121553 0.02413305
3987.940231 0.98000647 0.02398471
3987.973487 1.02461148 0.02554891
3988.006743 0.96372527 0.02775640
3988.040000 0.96000165 0.02762046
3988.073257 0.94586426 0.02888404
3988.106514 0.97426205 0.02564945
3988.139771 0.95138276 0.02630450
3988.173029 0.98792233 0.02558586
3988.206287 0.95275427 0.02825490
3988.239545 0.95114953 0.02840006
3988.272803 1.00784589 0.02746821
3988.306062 0.98546876 0.02661073
3988.339321 0.99805804 0.02481730
3988.372580 0.96939911 0.02240615
3988.405840 0.94401890 0.02929271
3988.439100 0.95377577 0.02642032
3988.472360 0.99775854 0.02679667
3988.505620 0.98510473 0.02908086
3988.538881 0.95831136 0.02655790
3988.572142 0.99944056 0.02833256
3988.605403 0.98919292 0.02606842
3988.638665 0.97444820 0.03142896
3988.671927 0.92523914 0.02772389
3988.705189 0.96045714 0.03073606
3988.738451 0.95474469 0.02715614
3988.771714 0.98901495 0.02599510
3988.804977 1.00828529 0.02442728
3988.838240 0.99718889 0.02543534
3988.871503 0.98755431 0.02452773
3988.904767 1.02442971 0.02846249
3988.938031 1.01086034 0.02725473
3988.971295 1.01599473 0.02658896
3989.004560 0.97926652 0.02781855
3989.037825 1.00322197 0.02688495
3989.071090 1.00276555 0.02292360
3989.104355 1.01501979 0.02658448
3989.137621 0.92702742 0.02778432
3989.170887 0.99595388 0.02958192
3989.204153 0.98016340 0.02600033
3989.237420 0.99634598 0.02469373
3989.270687 1.01285739 0.03019224
3989.303954 0.98548883 0.02620151
3989.337221 0.98598719 0.02719883
3989.370489 0.96071257 0.02930040
3989.403756 1.02205697 0.02623607
3989.437025 0.99213101 0.02572568
3989.470293 0.97594272 0.02526123
3989.503562 1.01752138 0.02675144
3989.536831 0.99404610 0.02469493
3989.570100 0.95867285 0.02913676
3989.603370 0.96951734 0.02689503
3989.636640 0.95232746 0.02618266
3989.669910 0.96305742 0.02704669
3989.703180 0.98945620 0.02516835
3989.736451 0.98993793 0.02335873
3989.769722 1.00210082 0.02671341
3989.802993 1.01124627 0.02523881
3989.836265 0.96944658 0.02583708
3989.869536 1.02154516 0.02328636
3989.902808 0.99811804 0.02542304
3989.936081 0.96009423 0.02844153
3989.969353 0.96842393 0.02679215
3990.002626 0.98682910 0.02728212
3990.035899 0.98239460 0.02614097
3990.069173 0.99518158 0.02511837
3990.102447 0.95693736 0.02594290
3990.135721 0.96022318 0.02729760
3990.168995 1.00366726 0.02806450
3990.202269 1.00853889 0.02657522
3990.235544 0.98332986 0.02912457
3990.268819 0.98255665 0.02729836
3990.302095 0.99384511 0.02655388
3990.335371 1.00263262 0.02559516
3990.368646 0.99580671 0.02432233
3990.401923 1.02233579 0.02431388
3990.435199 1.01524785 0.02568772
3990.468476 1.01991011 0.02805042
3990.501753 0.99739146 0.02680639
3990.535030 1.00434305 0.03082087
3990.568308 0.96198309 0.02843574
3990.601586 0.96031534 0.03015480
3990.634864 0.96156697 0.03224973
3990.668143 0.98209128 0.02712722
3990.701421 0.96587292 0.02763102
3990.734700 1.01293131 0.02737966
3990.767980 1.01324933 0.02464587
3990.801259 1.03341724 0.02684965
3990.834539 0.97968557 0.02731247
3990.867819 1.02032718 0.02433111
3990.901099 1.03717164 0.02405400
3990.934380 1.00487581 0.02988526
3990.967661 1.00596023 0.02774379
3991.000942 1.01711721 0.02546287
3991.034224 1.02304246 0.02463171
3991.067506 0.97577233 0.02884697
3991.100788 0.99385996 0.02761316
3991.134070 0.96299824 0.02709697
3991.167353 0.94815467 0.02557682
3991.200636 0.93085987 0.02648771
3991.233919 0.93836968 0.02793336
3991.267202 0.96306219 0.02769106
3991.300486 1.00011872 0.02591385
3991.333770 1.01847780 0.02851940
3991.367054 0.98037304 0.02837406
3991.400339 0.96283712 0.02391437
3991.433624 1.00985568 0.02605823
3991.466909 1.02513419 0.02578811
3991.500194 1.05400390 0.02835143
3991.533480 1.00226938 0.02430831
3991.566766 0.99478982 0.02606341
3991.600052 0.95043831 0.02530896
3991.633338 0.96644833 0.02324820
3991.666625 1.00827894 0.02565554
3991.699912 0.98850226 0.02944327
3991.733200 0.96905881 0.02618031
3991.766487 0.93805102 0.02815503
3991.799775 0.96616753 0.02838404
3991.833063 0.98329900 0.02905644
3991.866352 0.98027682 0.03000675
3991.899640 0.98595314 0.02391041
3991.932929 1.02453687 0.02476575
3991.966219 1.03538458 0.02650714
3991.999508 1.02639059 0.02795166
3992.032798 0.98381304 0.02638680
3992.066088 0.99131800 0.03077248
3992.099379 1.00710303 0.02688885
3992.132669 1.00207131 0.02306966
3992.165960 0.99010423 0.02542908
3992.199251 0.97734907 0.02517033
3992.232543 1.00925644 0.02859513
3992.265835 0.97785856 0.02849528
3992.299127 0.95305180 0.02729559
3992.332419 0.97491546 0.02794084
3992.365712 0.96549506 0.02793728
3992.399005 0.96316403 0.02570252
3992.432298 0.98818124 0.02897520
3992.465591 0.99208159 0.02780898
3992.498885 1.01265604 0.02960936
3992.532179 1.03432624 0.02888945
3992.565473 1.01712986 0.02561847
3992.598768 1.02805409 0.02816179
3992.632062 1.00905428 0.02873534
3992.665358 0.98076471 0.02985701
3992.698653 1.03242923 0.02800824
3992.731949 1.03994046 0.02513711
3992.765245 1.01051525 0.02574605
3992.798541 0.97927320 0.02509788
3992.831837 1.01167724 0.02911865
3992.865134 0.98981310 0.02637966
3992.898431 1.02470895 0.02850132
3992.931728 1.00212251 0.02730473
3992.965026 1.04607589 0.02542780
3992.998324 1.04526580 0.02608554
3993.031622 1.02979562 0.02774726
3993.064921 0.99038222 0.03096916
3993.098219 1.06518987 0.02555596
3993.131518 1.03366730 0.02421817
3993.164818 0.95635818 0.02903038
3993.198117 0.97228669 0.02300023
3993.231417 0.99032684 0.02518983
3993.264717 1.00802197 0.02797464
3993.298017 0.98804579 0.02655342
3993.331318 0.99856531 0.02914055
3993.364619 0.97659071 0.02774690
3993.397920 0.98728120 0.02812635
3993.431222 0.98028912 0.02793295
3993.464523 1.04289385 0.02589650
3993.497825 1.00820432 0.02666383
3993.531128 0.98953570 0.02618699
3993.564430 0.98947266 0.02650426
3993.597733 0.96314127 0.02348740
3993.631036 0.95467851 0.02934772
3993.664340 0.94749419 0.02742044
3993.697644 0.96709030 0.02848689
3993.730948 0.97542902 0.02984212
3993.764252 0.98062348 0.02682393
3993.797556 0.94700415 0.02263063
3993.830861 0.93042990 0.02838706
3993.864166 0.97475318 0.03023421
3993.897472 0.95752604 0.02853478
3993.930777 0.94099501 0.02933596
3993.964083 0.94935956 0.02932946
3993.997390 0.92171365 0.02771146
3994.030696 0.94566281 0.02701966
3994.064003 0.94418703 0.02812147
3994.097310 0.94801641 0.02626566
3994.130617 0.99487443 0.02658595
3994.163925 0.97041884 0.02541102
3994.197233 0.96555655 0.02621427
3994.230541 0.95010494 0.02588579
3994.263849 0.96119364 0.02337939
3994.297158 0.89800474 0.02511662
3994.330467 0.90415330 0.02697924
3994.363776 0.91102390 0.02610585
3994.397086 0.94383162 0.02528414
3994.430396 0.95574689 0.02815958
3994.463706 0.95534850 0.02396483
3994.497016 0.94346390 0.02692609
3994.530327 0.98186085 0.02758014
3994.563638 0.94502362 0.02892557
3994.596949 0.97023031 0.02919055
3994.630260 0.92916213 0.02817594
3994.663572 0.95644221 0.02559117
3994.696884 1.00441607 0.02606045
3994.730197 0.99171989 0.02844836
3994.763509 0.92294103 0.02546344
3994.796822 0.92885918 0.03015729
3994.830135 0.90428276 0.02436330
3994.863449 0.89601327 0.02846705
3994.896762 0.98208640 0.02602938
3994.930076 0.98392284 0.02504286
3994.963391 0.98816998 0.02820507
3994.996705 0.96980174 0.02721266
3995.030020 0.93062793 0.02631075
3995.063335 0.93407220 0.02711083
3995.096650 0.97259971 0.02275142
3995.129966 0.94258042 0.02535496
3995.163282 0.92267420 0.02470221
3995.196598 0.94560297 0.02782308
3995.229915 0.90922281 0.02810157
3995.263232 0.94416673 0.02894073
3995.296549 0.92347238 0.02372497
3995.329866 0.93100452 0.02769563
3995.363183 0.94967628 0.02331348
3995.396501 0.96269710 0.02800567
3995.429820 0.92894705 0.02545358
3995.463138 0.93507494 0.02667016
3995.496457 0.94240963 0.02506535
3995.529776 0.93662350 0.02928445
3995.563095 0.92574867 0.03188238
3995.596414 0.92378455 0.02795270
3995.629734 0.94989208 0.02749954
3995.663054 0.92948626 0.02742640
3995.696375 0.92642821 0.02485407
3995.729695 0.94331906 0.02967618
3995.763016 1.01414157 0.02536018
3995.796338 0.99080993 0.02724440
3995.829659 0.93524198 0.02730136
3995.862981 0.94003555 0.02870080
3995.896303 0.96462828 0.02998512
3995.929625 0.96462025 0.02965651
3995.962948 0.94044834 0.02928021
3995.996271 0.92615372 0.02746005
3996.029594 0.94656865 0.02975233
3996.062917 0.97667588 0.02696664
3996.096241 0.99936055 0.02794778
3996.129565 0.97087841 0.02701838
3996.162889 0.98692223 0.02644123
3996.196214 0.97165233 0.02688628
3996.229539 0.98100525 0.02747740
3996.262864 0.95937350 0.02782265
3996.296189 1.00340574 0.02944072
3996.329515 0.99191280 0.02849210
3996.362841 0.97287360 0.02397607
3996.396167 0.95709259 0.02368785
3996.429494 0.98962878 0.02578123
3996.462820 0.96827932 0.02349134
3996.496147 1.00567114 0.02673913
3996.529475 0.99162163 0.02494765
3996.562802 0.99614755 0.02355826
3996.596130 1.01908007 0.03051429
3996.629458 1.02769556 0.02731189
3996.662787 0.98380100 0.02856604
3996.696115 1.00706312 0.02783547
3996.729444 1.01092823 0.02900374
3996.762774 0.99828624 0.02747595
3996.796103 1.00843693 0.02499932
3996.829433 0.95872785 0.02459876
3996.862763 1.04894708 0.02661630
3996.896094 0.98323309 0.02606194
3996.929424 0.99871250 0.02714424
3996.962755 0.98739242 0.02795112
3996.996086 1.00412116 0.02791252
3997.029418 1.06256699 0.02715939
3997.062750 0.96548803 0.02706344
3997.096082 0.97295371 0.02804540
3997.129414 0.97843595 0.02505425
3997.162747 1.01548218 0.02380872
3997.196080 1.01221194 0.02821593
3997.229413 0.99493786 0.02764048
3997.262746 0.99191049 0.02580860
3997.296080 0.98843690 0.02863657
3997.329414 1.00935492 0.02768816
3997.362748 0.99651447 0.02782858
3997.396083 1.00317858 0.02951735
3997.429418 1.01924382 0.02630285
3997.462753 1.01906553 0.02773100
3997.496088 0.99060382 0.02816982
3997.529424 0.98326156 0.02760459
3997.562760 0.95086505 0.03019129
3997.596096 0.96345398 0.02796281
3997.629432 0.99146590 0.02987465
3997.662769 0.98603431 0.02837103
3997.696106 0.99792936 0.02741907
3997.729444 1.02713942 0.02778222
3997.762781 0.99740836 0.02942002
3997.796119 0.95616677 0.02777962
3997.829457 0.95960439 0.02971894
3997.862796 0.96383829 0.02595438
3997.896135 1.01443955 0.02823599
3997.929474 0.99301511 0.02833331
3997.962813 0.96249240 0.02911046
3997.996152 0.95772381 0.02342563
3998.029492 1.00601092 0.02517865
3998.062832 1.00363742 0.02636667
3998.096173 1.01537347 0.02591689
3998.129513 1.00470125 0.02605023
3998.162854 1.01233989 0.02649345
3998.196196 0.97044072 0.02816975
3998.229537 0.98454734 0.02563695
3998.262879 0.99887975 0.02878751
3998.296221 0.97838719 0.03014846
3998.329563 1.00297087 0.02956989
3998.362906 0.99655646 0.02797404
3998.396249 1.00580679 0.02781551
3998.429592 0.95135030 0.02809887
3998.462935 0.99553477 0.02471308
3998.496279 1.04369989 0.02507607
3998.529623 1.06001257 0.02623638
3998.562967 1.01824979 0.02958311
3998.596312 1.01765708 0.02817375
3998.629657 0.97566054 0.02685226
3998.663002 1.04586132 0.02523486
3998.696347 1.05545259 0.02644099
3998.729693 1.02338416 0.02811572
3998.763039 1.04297505 0.02606609
3998.796385 0.99746877 0.02631845
3998.829732 1.01032941 0.02645850
3998.863079 1.04470152 0.02560028
3998.896426 1.00100477 0.02609017
3998.929773 0.98940252 0.02870966
3998.963121 1.03507218 0.03100034
3998.996468 1.02839298 0.02906097
3999.029817 0.98583601 0.02690624
3999.063165 0.98703447 0.02662859
3999.096514 0.98587222 0.02814103
3999.129863 1.00720331 0.02500530
3999.163212 1.01183630 0.02562400
3999.196562 1.01779861 0.02907014
3999.229912 0.98513461 0.02861356
3999.263262 0.95281170 0.02831165
3999.296612 1.02290465 0.03116487
3999.329963 1.02862083 0.02526868
3999.363314 1.00077188 0.02577157
3999.396665 0.98640925 0.02986892
3999.430016 0.99960230 0.02562853
3999.463368 1.01037190 0.02651738
3999.496720 1.00587858 0.02812992
3999.530073 0.98823094 0.02976956
3999.563425 0.98255863 0.02544668
3999.596778 0.95055226 0.02769317
3999.630131 0.97876148 0.02935474
3999.663485 0.99992330 0.02544931
3999.696839 1.02213139 0.02934461
3999.730193 1.03367225 0.02870966
3999.763547 1.04579780 0.02420562
3999.796902 1.05905208 0.02504937
3999.830256 1.03325483 0.02732299
3999.863612 0.98617506 0.02819727
3999.896967 0.95256505 0.02456009
3999.930323 0.99455084 0.03145892
3999.963679 1.05789761 0.02567914
3999.997035 0.96776341 0.02709082
4000.030391 1.02161088 0.03102030
4000.063748 1.00908495 0.02729598
4000.097105 1.01929049 0.02762552
4000.130463 1.02566242 0.02804062
4000.163820 0.94533689 0.02807575
4000.197178 0.96829588 0.02818789
4000.230536 0.99088761 0.02803936
4000.263895 1.00704678 0.03090928
4000.297254 1.00020155 0.02794056
4000.330613 1.01194614 0.02748850
4000.363972 1.01883912 0.03056069
4000.397331 1.02567622 0.02787579
4000.430691 0.94795917 0.02479110
4000.464051 1.00016882 0.02727257
4000.497412 1.04260236 0.02521495
4000.530773 0.99401900 0.02937135
4000.564134 1.03819046 0.02500145
4000.597495 1.03144761 0.02843693
4000.630856 1.03841890 0.02919202
4000.664218 0.99746856 0.02656952
4000.697580 0.98232000 0.02665322
4000.730943 0.96251976 0.03086465
4000.764305 0.99171272 0.02788496
4000.797668 0.98892360 0.02670735
4000.831031 1.01716759 0.02664552
4000.864395 0.98072661 0.02726616
4000.897759 1.00496388 0.02539130
4000.931123 0.95245235 0.02797549
4000.964487 0.96846597 0.02514777
4000.997852 0.99150663 0.02866284
4001.031216 0.98434968 0.02361139
4001.064582 0.95738564 0.02640700
4001.097947 0.96378318 0.02895326
4001.131313 1.04055217 0.02676715
4001.164679 0.99687198 0.02455643
4001.198045 0.99010522 0.02337366
4001.231411 0.97805099 0.02904976
4001.264778 0.96695178 0.02496503
4001.298145 0.99322597 0.02638217
4001.331513 0.98047132 0.02826265
4001.364880 0.97819798 0.02962342
4001.398248 1.02003249 0.03096909
4001.431617 0.99825951 0.02372055
4001.464985 0.96465818 0.02521816
4001.498354 0.94294467 0.02777793
4001.531723 0.98842586 0.02618370
4001.565092 1.03198126 0.03111879
4001.598462 1.00366062 0.02879243
4001.631832 0.99848268 0.02735602
4001.665202 0.98002607 0.02794340
4001.698572 0.99492365 0.03181634
4001.731943 0.99561077 0.02776840
4001.765314 1.00661103 0.02548438
4001.798685 0.99953808 0.02888228
4001.832057 0.95999307 0.02619603
4001.865429 1.00556275 0.02965551
4001.898801 0.96411382 0.02601723
4001.932173 0.93338950 0.02908270
4001.965546 0.95007374 0.02784322
4001.998919 0.95465870 0.02779462
4002.032292 1.04677361 0.02512488
4002.065665 1.03979616 0.02797239
4002.099039 0.95826630 0.02781345
4002.132413 1.05850749 0.02416850
4002.165788 1.02083469 0.02272946
4002.199162 0.98138440 0.02840051
4002.232537 1.00175915 0.02801852
4002.265912 1.03576737 0.02709039
4002.299288 0.97288027 0.02702753
4002.332663 0.96859840 0.02769175
4002.366039 0.99820262 0.02486999
4002.399416 0.99652694 0.02778928
4002.432792 1.00531677 0.02788885
4002.466169 0.96749077 0.02575554
4002.499546 0.99634500 0.02519266
4002.532924 0.98748884 0.02779075
4002.566301 0.97251284 0.03073450
4002.599679 1.02880525 0.02833090
4002.633057 1.03157019 0.02875682
4002.666436 1.03599413 0.02656089
4002.699815 0.99369287 0.02835314
4002.733194 0.99038360 0.02626547
4002.766573 1.00313676 0.02542307
4002.799953 0.98181089 0.03086043
4002.833333 1.00199949 0.02613376
4002.866713 1.01094051 0.02609398
4002.900093 1.00400401 0.02330628
4002.933474 1.00982656 0.02969711
4002.966855 1.01597004 0.02969252
4003.000236 0.96996707 0.02811030
4003.033618 0.98798408 0.02646044
4003.067000 0.96563631 0.02802485
4003.100382 0.96961093 0.03164952
4003.133764 0.98355816 0.02300163
4003.167147 0.99549408 0.02555598
4003.200530 1.00597212 0.02768739
4003.233913 0.95697811 0.02750993
4003.267297 0.96167461 0.02686345
4003.300680 0.97952173 0.02487795
4003.334065 1.00534647 0.02551848
4003.367449 0.97315390 0.02681440
4003.400833 0.96512260 0.02894686
4003.434218 1.01653437 0.02862521
4003.467604 0.98969125 0.02813795
4003.500989 1.00098193 0.03005309
4003.534375 0.99108192 0.02717734
4003.567761 1.00743923 0.02955262
4003.601147 0.99666804 0.02772236
4003.634534 0.98987152 0.02547964
4003.667921 0.98076836 0.02744486
4003.701308 1.02236291 0.02907975
4003.734695 1.02259028 0.02929826
4003.768083 0.97600637 0.02806241
4003.801471 0.99680953 0.02986820
4003.834859 1.04593860 0.02674239
4003.868248 1.02067338 0.02897692
4003.901636 1.02484305 0.02720523
4003.935025 0.97142374 0.02592833
4003.968415 0.96074154 0.03083055
4004.001804 0.99078507 0.02419753
4004.035194 1.00838666 0.02634482
4004.068585 0.94287962 0.02667417
4004.101975 0.98879590 0.02992118
4004.135366 0.95582943 0.02499647
4004.168757 1.00211513 0.02836133
4004.202148 0.96618516 0.02904602
4004.235540 0.99632820 0.02963615
4004.268932 0.97101896 0.02825814
4004.302324 0.95530966 0.02733331
4004.335716 1.00731398 0.02610000
4004.369109 1.05900959 0.02572397
4004.402502 1.00761898 0.02403395
4004.435895 1.03321154 0.02755983
4004.469289 0.99077808 0.02234165
4004.502682 0.95425605 0.02709879
4004.536077 0.97906557 0.02968939
4004.569471 1.01310576 0.02707251
4004.602866 1.00313335 0.02756513
4004.636261 1.03000121 0.02914666
4004.669656 0.98659059 0.02738935
4004.703051 0.98928750 0.02859555
4004.736447 1.00708768 0.02674243
4004.769843 1.00033192 0.02656164
4004.803239 1.02804298 0.02613364
4004.836636 1.00310979 0.02611390
4004.870033 1.03175792 0.02367292
4004.903430 0.98972586 0.02568980
4004.936827 1.00357899 0.02359635
4004.970225 0.97737657 0.02910831
4005.003623 0.99202052 0.02630525
4005.037021 0.99658661 0.02697346
4005.070420 0.99607773 0.02845542
4005.103819 0.93521002 0.03089294
4005.137218 0.94382238 0.02645836
4005.170617 0.97961744 0.02686956
4005.204017 0.96711735 0.02986499
4005.237417 0.96060721 0.02893315
4005.270817 0.98933460 0.02346217
4005.304218 1.00120452 0.02697354
4005.337618 0.95834821 0.02676665
4005.371020 0.99183535 0.02569337
4005.404421 1.01298871 0.02588229
4005.437822 1.00708537 0.02584898
4005.471224 1.00825548 0.03033687
4005.504627 0.98333863 0.02847776
4005.538029 0.95600687 0.02751009
4005.571432 0.93048632 0.02626081
4005.604835 1.02036570 0.02533336
4005.638238 0.97280815 0.02596321
4005.671642 0.99023457 0.02674332
4005.705045 1.00248165 0.02646114
4005.738450 0.97686741 0.02901016
4005.771854 0.99720131 0.02874365
4005.805259 0.99478305 0.02889975
4005.838664 0.99263430 0.02867545
4005.872069 1.00500161 0.02792221
4005.905474 1.01697567 0.02698146
4005.938880 0.99735992 0.02571275
4005.972286 1.05352898 0.02607902
4006.005693 1.01019203 0.02530674
4006.039099 1.00230405 0.02678548
4006.072506 0.97276505 0.02540631
4006.105913 1.03188778 0.02904595
4006.139321 0.97626950 0.02396968
4006.172729 0.98227764 0.02826491
4006.206137 0.99963859 0.02779060
4006.239545 1.01006135 0.02445603
4006.272953 0.99047614 0.03023013
4006.306362 0.98919578 0.02770834
4006.339771 0.96800690 0.03030965
4006.373181 0.98915599 0.02788449
4006.406591 1.03673654 0.02753107
4006.440001 0.99087157 0.02662018
4006.473411 0.99677581 0.02896611
4006.506821 1.01283642 0.02836919
4006.540232 0.97035492 0.02608096
4006.573643 0.99094097 0.02789409
4006.607055 0.99324734 0.02894365
4006.640466 0.99841930 0.02663341
4006.673878 0.97370704 0.02619553
4006.707290 0.91855604 0.02819811
4006.740703 0.95322052 0.02854404
4006.774116 0.99464000 0.02982160
4006.807529 0.96501802 0.02670975
4006.840942 1.02128909 0.02556162
4006.874356 1.00729298 0.02654839
4006.907769 0.94236331 0.02982469
4006.941184 0.99630293 0.02715541
4006.974598 1.03634223 0.02666100
4007.008013 0.97960274 0.02621953
4007.041428 1.02734781 0.02611004
4007.074843 0.97527304 0.02899692
4007.108258 0.96251088 0.02716021
4007.141674 0.92520096 0.02788904
4007.175090 0.93860487 0.02996476
4007.208507 0.93778110 0.02879616
4007.241923 0.97265045 0.02393733
4007.275340 0.93501945 0.03022365
4007.308758 0.99425516 0.02543503
4007.342175 0.99960517 0.02746751
4007.375593 0.97619022 0.02940473
4007.409011 0.95680047 0.02589327
4007.442429 0.91493520 0.02769232
4007.475848 0.92968566 0.02487003
4007.509267 0.94544331 0.02946791
4007.542686 0.94620716 0.03151479
4007.576105 0.99476976 0.02852699
4007.609525 0.94121467 0.02673924
4007.642945 0.97866185 0.02527961
4007.676365 0.95149921 0.02737109
4007.709786 0.95578835 0.02579086
4007.743207 0.96297156 0.02673241
4007.776628 0.90589228 0.02821399
4007.810049 0.93492092 0.02661706
4007.843471 0.97644983 0.02724141
4007.876893 0.95126188 0.02941515
4007.910315 0.92974289 0.02880669
4007.943738 0.89284328 0.02707898
4007.977161 0.86808990 0.02956088
4008.010584 0.92528443 0.03157408
4008.044007 0.92512625 0.02774291
4008.077431 0.95618360 0.02647834
4008.110854 0.89720149 0.02642763
4008.144279 0.92667083 0.02719602
4008.177703 0.89584720 0.02695868
4008.211128 0.92605630 0.02930403
4008.244553 0.92508162 0.02836812
4008.277978 0.86356440 0.03094268
4008.311404 0.85209403 0.02844303
4008.344830 0.89116571 0.02854232
4008.378256 0.90943799 0.02585496
4008.411682 0.87135159 0.02735626
4008.445109 0.83409130 0.03014942
4008.478536 0.86983906 0.03126498
4008.511963 0.88727157 0.02582339
4008.545391 0.83192917 0.02757674
4008.578818 0.83895112 0.02722501
4008.612247 0.88993518 0.02410222
4008.645675 0.88558575 0.02824649
4008.679104 0.87171344 0.02725868
4008.712532 0.83728383 0.03120749
4008.745962 0.91294798 0.02774602
4008.779391 0.89219150 0.02477582
4008.812821 0.81128147 0.02788398
4008.846251 0.82713713 0.02997872
4008.879681 0.86122143 0.02623820
4008.913112 0.89650054 0.02671460
4008.946543 0.85250853 0.02831091
4008.979974 0.84481871 0.03241659
4009.013405 0.83210760 0.02839395
4009.046837 0.88672175 0.02508783
4009.080269 0.84468843 0.02974182
4009.113701 0.83661070 0.02789091
4009.147134 0.81701641 0.02920291
4009.180567 0.81786027 0.03120159
4009.214000 0.88593574 0.02644780
4009.247433 0.86970598 0.02585610
4009.280867 0.86737848 0.02675287
4009.314301 0.85793056 0.02671718
4009.347735 0.87372793 0.02481548
4009.381170 0.88154721 0.02717708
4009.414604 0.84325657 0.02568854
4009.448039 0.81828457 0.02728859
4009.481475 0.82554238 0.02693688
4009.514910 0.84757316 0.02936150
4009.548346 0.81931897 0.02963072
4009.581782 0.81230713 0.03010630
4009.615219 0.83821413 0.02609966
4009.648656 0.82241161 0.02376039
4009.682093 0.82763146 0.02821448
4009.715530 0.90517409 0.02658056
4009.748967 0.83971901 0.02708511
4009.782405 0.89623833 0.02679975
4009.815843 0.88382002 0.02875209
4009.849282 0.85708530 0.02842913
4009.882720 0.87719983 0.02671089
4009.916159 0.84235889 0.02235122
4009.949599 0.90006441 0.02923479
4009.983038 0.89215616 0.02633608
4010.016478 0.87822786 0.02622198
4010.049918 0.86737544 0.02752272
4010.083358 0.87630581 0.02422905
4010.116799 0.91262624 0.03281885
4010.150240 0.88316472 0.02798383
4010.183681 0.90544500 0.02890136
4010.217123 0.94043534 0.02712940
4010.250564 0.86878611 0.02812630
4010.284006 0.88225802 0.02937330
4010.317449 0.89699373 0.02422119
4010.350891 0.96367208 0.02660698
4010.384334 0.96935033 0.02729016
4010.417777 0.91443692 0.02921043
4010.451221 0.93654933 0.02659179
4010.484664 0.93550641 0.03040933
4010.518108 0.92536968 0.03060594
4010.551553 0.94056706 0.02944036
4010.584997 0.95615258 0.02769879
4010.618442 0.88586764 0.02629871
4010.651887 0.93692975 0.02852527
4010.685333 0.91534687 0.02511295
4010.718778 0.94257741 0.02921899
4010.752224 0.96066367 0.02883448
4010.785670 0.96725255 0.02895356
4010.819117 0.95334403 0.02903253
4010.852564 0.95924907 0.02706703
4010.886011 0.98117126 0.02712790
4010.919458 0.93859291 0.02715532
4010.952906 1.00773342 0.02789155
4010.986353 0.97937531 0.02697261
4011.019802 0.98490193 0.02709393
4011.053250 0.98105164 0.02477804
4011.086699 0.97068294 0.02844196
4011.120148 0.98408719 0.02632980
4011.153597 0.95642082 0.02490546
4011.187047 0.96812468 0.02776640
4011.220497 0.92040975 0.02645203
4011.253947 0.95713902 0.02637543
4011.287397 0.98910401 0.02875946
4011.320848 1.00548854 0.02800064
4011.354299 0.98476469 0.03007986
4011.387750 0.97826585 0.02904095
4011.421201 0.96783581 0.02908765
4011.454653 1.01302183 0.03132042
4011.488105 1.00104212 0.02539666
4011.521558 0.91511743 0.02568212
4011.555010 0.97249013 0.02627944
4011.588463 1.01410963 0.02651463
4011.621916 0.95497820 0.02596782
4011.655370 0.98270164 0.02461933
4011.688824 0.98625627 0.02804085
4011.722278 0.99349282 0.02702878
4011.755732 0.97496967 0.02749644
4011.789186 0.92941223 0.02848931
4011.822641 0.99278170 0.02880683
4011.856096 0.99599434 0.02628958
4011.889552 0.96906320 0.02899186
4011.923008 0.97675206 0.02718516
4011.956464 0.98847254 0.02995625
4011.989920 0.97499898 0.02852299
4012.023376 0.97593572 0.02704829
4012.056833 0.98796235 0.02588681
4012.090290 1.01471821 0.02427137
4012.123748 0.97675687 0.02298498
4012.157205 1.00576231 0.02920507
4012.190663 1.01802343 0.02727851
4012.224121 0.97382713 0.02514101
4012.257580 0.98187614 0.02819927
4012.291039 0.96010423 0.02591462
4012.324498 0.96236933 0.02818756
4012.357957 0.98845332 0.02655477
4012.391417 1.04535200 0.02275807
4012.424876 1.00941011 0.02863620
4012.458337 1.04026884 0.02697544
4012.491797 1.00647423 0.02641756
4012.525258 0.96862358 0.02714246
4012.558719 0.95165452 0.02818575
4012.592180 1.02200129 0.02662203
4012.625642 1.03966009 0.02904924
4012.659103 1.00034552 0.02601215
4012.692566 0.99598076 0.02685058
4012.726028 0.98100528 0.02715853
4012.759491 0.99424069 0.02822682
4012.792954 1.00054972 0.02786614
4012.826417 0.96010550 0.02634268
4012.859880 0.96368956 0.02623649
4012.893344 1.01163436 0.02621562
4012.926808 0.99453552 0.02981061
4012.960273 1.01527454 0.02806274
4012.993737 1.04855080 0.02783773
4013.027202 1.01824847 0.02484004
4013.060667 1.03105026 0.02584160
4013.094133 1.04603132 0.02424673
4013.127598 0.97470733 0.02763530
4013.161065 0.96543627 0.02911900
4013.194531 0.95859146 0.02920127
4013.227997 0.99500055 0.02506529
4013.261464 1.01256567 0.02587119
4013.294931 1.00629710 0.02871966
4013.328399 0.99559254 0.03104734
4013.361866 0.97359501 0.02744346
4013.395334 0.97623620 0.02523748
4013.428803 1.00941544 0.02751099
4013.462271 0.96105693 0.02695908
4013.495740 0.96356040 0.02572460
4013.529209 0.97530624 0.02950111
4013.562679 1.00061413 0.02811935
4013.596148 0.95648910 0.02769924
4013.629618 0.99435980 0.02898078
4013.663088 1.00856244 0.02594353
4013.696559 0.98802101 0.02983826
4013.730030 0.97262967 0.02649245
4013.763501 0.98887614 0.02703231
4013.796972 0.99266945 0.03029633
4013.830444 0.96104586 0.02699425
4013.863915 0.96994218 0.02735443
4013.897388 0.98138799 0.02635487
4013.930860 0.96850799 0.02646100
4013.964333 0.96288951 0.02778092
4013.997806 0.99766913 0.02716516
4014.031279 0.93202233 0.02941906
4014.064753 0.99179679 0.02925079
4014.098226 1.01447144 0.03041213
4014.131701 1.02597953 0.02436341
4014.165175 0.96452118 0.02684791
4014.198650 0.95232610 0.02686950
4014.232125 0.97155775 0.02600580
4014.265600 0.99116168 0.02742855
4014.299075 1.01744590 0.02474711
4014.332551 1.00378312 0.02910721
4014.366027 1.02385419 0.02902813
4014.399504 1.02762195 0.02356681
4014.432980 1.00111731 0.02691730
4014.466457 1.01354700 0.03082610
4014.499934 1.03010345 0.02757130
4014.533412 0.97888168 0.02705997
4014.566889 0.95762841 0.03215828
4014.600367 0.97179332 0.02652881
4014.633846 0.96657457 0.02481276
4014.667324 1.03719320 0.02997204
4014.700803 1.00731232 0.02604442
4014.734282 0.98586362 0.02578965
4014.767762 1.00223533 0.02783370
4014.801241 0.96178955 0.02771037
4014.834721 1.00943369 0.02763645
4014.868202 0.97044057 0.02754413
4014.901682 0.99939595 0.02864244
4014.935163 1.00268052 0.02589403
4014.968644 1.05198413 0.02572317
4015.002126 1.01961798 0.02619055
4015.035607 1.01286397 0.02512740
4015.069089 0.99317304 0.02698283
4015.102571 1.00069544 0.02966956
4015.136054 0.96742999 0.02341517
4015.169537 0.94154750 0.02923136
4015.203020 0.99736817 0.02769856
4015.236503 1.06643953 0.02772800
4015.269987 1.00653614 0.02606956
4015.303470 0.95833842 0.02642175
4015.336955 1.01108288 0.02923908
4015.370439 0.98063346 0.03035150
4015.403924 1.00137080 0.02909311
4015.437409 1.01809684 0.02786056
4015.470894 1.01829123 0.02778580
4015.504380 0.97620787 0.02521878
4015.537865 0.97240469 0.02506213
4015.571352 0.98257587 0.02503891
4015.604838 1.02718322 0.02820852
4015.638325 0.98409231 0.02877701
4015.671812 0.99741846 0.02985723
4015.705299 1.04938889 0.02960593
4015.738786 1.06682323 0.02478739
4015.772274 1.02880805 0.02824503
4015.805762 1.02985792 0.02859167
4015.839251 0.99634568 0.02374471
4015.872739 0.99773633 0.02929723
4015.906228 0.98629645 0.02555746
4015.939717 1.00879378 0.02836216
4015.973207 0.97702666 0.02853490
4016.006697 1.00534490 0.03146347
4016.040187 1.01967290 0.02539180
4016.073677 1.03557819 0.02566694
4016.107168 0.94936754 0.03090344
4016.140658 0.97089915 0.02407544
4016.174150 0.97750614 0.02701102
4016.207641 0.99729140 0.02913563
4016.241133 0.99133018 0.02903368
4016.274625 0.96074097 0.03043219
4016.308117 1.00676919 0.02309121
4016.341609 0.98168993 0.02633111
4016.375102 1.02834225 0.02817927
4016.408595 1.02312237 0.02707032
4016.442089 0.99152413 0.02679738
4016.475582 0.99196019 0.02842219
4016.509076 1.00235826 0.02728543
4016.542571 1.00505212 0.02858688
4016.576065 1.01461644 0.02786192
4016.609560 1.00502461 0.02520018
4016.643055 1.04724238 0.02444880
4016.676550 1.04771579 0.02789692
4016.710046 0.99455713 0.02677182
4016.743542 1.00763313 0.02472812
4016.777038 1.05006430 0.02660446
4016.810534 1.02036229 0.02538564
4016.844031 0.99279221 0.02516936
4016.877528 0.92875772 0.02702845
4016.911025 0.93652203 0.03123058
4016.944523 0.97033166 0.02670946
4016.978021 0.98512957 0.02907309
4017.011519 1.00806656 0.02937486
4017.045017 0.99618523 0.02732913
4017.078516 0.99782119 0.02605571
4017.112015 1.02585263 0.02525875
4017.145514 0.99616815 0.02759931
4017.179014 0.97488151 0.02758259
4017.212514 0.96497577 0.02846951
4017.246014 0.97935658 0.03009128
4017.279514 1.03480575 0.03019627
4017.313015 1.01598405 0.02683002
4017.346516 0.96598354 0.02370357
4017.380017 0.97446016 0.02762401
4017.413518 0.97799076 0.02578849
4017.447020 0.96574471 0.02983984
4017.480522 0.99815854 0.02707617
4017.514024 0.98282524 0.02927866
4017.547527 1.02430758 0.02760208
4017.581030 1.07953136 0.02556904
4017.614533 1.01622775 0.03104898
4017.648037 0.95868146 0.03123861
4017.681540 0.96571480 0.02647089
4017.715044 1.00536080 0.02894973
4017.748549 1.01219055 0.02872411
4017.782053 0.99660414 0.03157220
4017.815558 0.98959792 0.02432730
4017.849063 0.98427788 0.02714393
4017.882568 1.00864203 0.02777685
4017.916074 0.99841905 0.02680053
4017.949580 0.95297000 0.02886395
4017.983086 0.99853248 0.02576027
4018.016593 1.01234931 0.02954454
4018.050100 1.00897180 0.02828826
4018.083607 0.99075757 0.02944127
4018.117114 1.00887399 0.02741749
4018.150622 1.01534346 0.02775162
4018.184130 0.98628905 0.02750453
4018.217638 0.96306038 0.02915399
4018.251146 1.01314872 0.02834664
4018.284655 1.01560243 0.02422881
4018.318164 0.99549727 0.02441931
4018.351673 0.97852837 0.02492361
4018.385183 1.02438750 0.02603259
4018.418693 1.02643669 0.02519377
4018.452203 0.97494183 0.02684794
4018.485713 0.98965257 0.02462680
4018.519224 0.97062548 0.02820810
4018.552735 0.99710913 0.02655897
4018.586246 0.98999521 0.02861479
4018.619758 1.02071108 0.02414845
4018.653270 1.02018772 0.02644310
4018.686782 1.03107860 0.02482523
4018.720294 1.06705373 0.02532402
4018.753807 0.97674475 0.02542470
4018.787320 1.00138702 0.02935073
4018.820833 0.99416623 0.02582879
4018.854346 1.04541215 0.02807909
4018.887860 0.95566713 0.02436601
4018.921374 0.96679938 0.02506635
4018.954889 1.00284465 0.02405714
4018.988403 0.99305161 0.02700053
4019.021918 0.99180201 0.02566778
4019.055433 0.98942761 0.02808455
4019.088949 0.98614448 0.02768081
4019.122464 0.97760538 0.02590329
4019.155981 1.01190092 0.02783311
4019.189497 0.99399632 0.02937106
4019.223013 1.03757228 0.02790748
4019.256530 0.96332754 0.02411614
4019.290047 1.03226201 0.02543407
4019.323565 1.01103696 0.02806002
4019.357082 1.01214356 0.02566798
4019.390600 1.00797353 0.02563754
4019.424119 1.00317165 0.03083422
4019.457637 0.96727950 0.02695616
4019.491156 0.96040340 0.02865707
4019.524675 0.95283730 0.02943469
4019.558194 0.98033919 0.02473076
4019.591714 0.98143507 0.02651096
4019.625234 0.99500223 0.02990522
4019.658754 0.93182106 0.02952602
4019.692275 0.94767138 0.02744380
4019.725796 0.97514237 0.02821818
4019.759317 1.00896479 0.02964822
4019.792838 0.98678131 0.02601135
4019.826359 0.99727062 0.02589969
4019.859881 0.96739428 0.02527985
4019.893404 0.97548509 0.02638866
4019.926926 1.01103426 0.02993056
4019.960449 0.97356127 0.02478733
4019.993972 1.02273306 0.02941359
4020.027495 0.98094029 0.02686861
4020.061019 1.02926272 0.03037902
4020.094542 1.02939700 0.02806106
4020.128066 0.94568419 0.03097768
4020.161591 0.93512565 0.03073999
4020.195116 0.98155394 0.03048060
4020.228641 0.97487522 0.02614535
4020.262166 1.01011508 0.02510818
4020.295691 0.98914972 0.03241258
4020.329217 1.01037050 0.02722145
4020.362743 1.01882830 0.02599636
4020.396270 1.03974057 0.02502041
4020.429796 1.02270481 0.02437826
4020.463323 1.00542969 0.02622331
4020.496850 0.99091041 0.02859167
4020.530378 0.96911000 0.02612336
4020.563905 0.94549668 0.02401464
4020.597434 1.00186693 0.02565086
4020.630962 0.94805129 0.02589890
4020.664490 0.96226045 0.02646773
4020.698019 1.02093411 0.03039726
4020.731548 0.98870464 0.02741676
4020.765078 0.97994318 0.02781760
4020.798608 0.96642316 0.02271979
4020.832138 0.91153916 0.02749961
4020.865668 0.96896314 0.02787661
4020.899198 0.98445701 0.02892137
4020.932729 1.01005514 0.02929717
4020.966260 1.01760164 0.02603856
4020.999792 1.01561548 0.02907836
4021.033323 1.01258203 0.02882946
4021.066855 1.02212462 0.02736479
4021.100388 0.97609638 0.02877205
4021.133920 0.97586686 0.02979222
4021.167453 0.94653311 0.02982925
4021.200986 0.99531880 0.02591667
4021.234519 1.00764075 0.02701544
4021.268053 0.98030773 0.02390150
4021.301587 0.98148757 0.02594332
4021.335121 0.93695877 0.02541394
4021.368655 0.98318535 0.02997596
4021.402190 0.95151164 0.02745797
4021.435725 0.96691605 0.02889571
4021.469261 0.97142282 0.02617902
4021.502796 0.96646769 0.02662368
4021.536332 0.93759774 0.02669619
4021.569868 0.98210413 0.03089975
4021.603405 0.96869115 0.02882400
4021.636941 0.95284629 0.02869896
4021.670478 0.94605158 0.02827974
4021.704016 0.99250672 0.02741365
4021.737553 1.03114061 0.02950994
4021.771091 1.00618305 0.02968525
4021.804629 0.98227700 0.02814401
4021.838167 0.90637497 0.02478885
4021.871706 0.98339032 0.02750607
4021.905245 0.92943338 0.02528955
4021.938784 0.93133013 0.02529777
4021.972324 0.96560248 0.02685821
4022.005863 0.98505182 0.02638638
4022.039404 0.99075984 0.02804369
4022.072944 0.92617539 0.02647964
4022.106484 0.94391749 0.02790507
4022.140025 0.95527007 0.02993510
4022.173567 0.97691394 0.02487354
4022.207108 0.95541090 0.02828137
4022.240650 0.90789296 0.03013589
4022.274192 0.96715444 0.02541779
4022.307734 0.98169394 0.02741893
4022.341277 0.98333176 0.02671003
4022.374819 0.96172667 0.02572197
4022.408363 0.95366008 0.02932340
4022.441906 0.93970475 0.02973470
4022.475450 0.93768936 0.02853255
4022.508994 0.87980055 0.02948957
4022.542538 0.93874403 0.02493962
4022.576082 0.94232818 0.02762461
4022.609627 0.95674102 0.02396886
4022.643172 0.94886553 0.02454949
4022.676718 0.91469249 0.02792554
4022.710263 0.87591435 0.02833761
4022.743809 0.94894999 0.02667602
4022.777356 0.94676391 0.02559937
4022.810902 0.96211668 0.02709352
4022.844449 0.93924891 0.02534121
4022.877996 0.94454174 0.02906978
4022.911543 0.91991719 0.02616657
4022.945091 0.94254037 0.02563648
4022.978639 0.91673174 0.02646161
4023.012187 0.91295918 0.02712785
4023.045735 0.94159870 0.02799297
4023.079284 0.94790073 0.02916363
4023.112833 0.91885999 0.02838434
4023.146382 0.89099880 0.02807838
4023.179932 0.93857943 0.02581778
4023.213482 0.93101340 0.02746987
4023.247032 0.89299834 0.02542131
4023.280582 0.89897748 0.02521739
4023.314133 0.92976737 0.02961737
4023.347684 0.87003369 0.02746633
4023.381235 0.88365628 0.03386087
4023.414787 0.91581788 0.02955750
4023.448339 0.94055327 0.02702556
4023.481891 0.95719427 0.03188000
4023.515443 0.94384640 0.03166547
4023.548996 0.86339988 0.02857107
4023.582549 0.87772797 0.02836583
4023.616102 0.94943870 0.02691558
4023.649655 0.93073109 0.02515637
4023.683209 0.90459373 0.02939882
4023.716763 0.89940268 0.03089176
4023.750317 0.90035308 0.02864080
4023.783872 0.88679039 0.02815281
4023.817427 0.89408600 0.02885064
4023.850982 0.89100838 0.02822248
4023.884538 0.84464081 0.03058076
4023.918093 0.87454457 0.02668571
4023.951649 0.87734170 0.02725870
4023.985206 0.87142103 0.02665518
4024.018762 0.88446949 0.02540913
4024.052319 0.92146569 0.02309856
4024.085876 0.88581650 0.02889123
4024.119433 0.89100055 0.02796721
4024.152991 0.82836334 0.02900217
4024.186549 0.87357464 0.02800836
4024.220107 0.88893800 0.02900061
4024.253666 0.84528547 0.02573085
4024.287225 0.88614455 0.02973755
4024.320784 0.89121312 0.03026523
4024.354343 0.84488899 0.03267083
4024.387903 0.78016927 0.03009709
4024.421463 0.80510301 0.02936189
4024.455023 0.81765525 0.02626741
4024.488583 0.84487211 0.02819387
4024.522144 0.83061340 0.02820551
4024.555705 0.82394254 0.02549297
4024.589267 0.81501869 0.02882897
4024.622828 0.80073707 0.02932193
4024.656390 0.82981634 0.03091229
4024.689952 0.79378975 0.02280834
4024.723515 0.83263411 0.02707360
4024.757077 0.78838627 0.03199700
4024.790640 0.74543933 0.02670012
4024.824204 0.76912318 0.02734728
4024.857767 0.77933639 0.02714013
4024.891331 0.75916527 0.02683541
4024.924895 0.76929722 0.02557783
4024.958460 0.73692293 0.02745712
4024.992024 0.73127684 0.02641610
4025.025589 0.72556811 0.02948906
4025.059154 0.77606188 0.02840533
4025.092720 0.80395882 0.02540916
4025.126286 0.75412253 0.02908756
4025.159852 0.70940782 0.03132178
4025.193418 0.70910687 0.02345461
4025.226985 0.71400930 0.02666926
4025.260552 0.73540808 0.02893824
4025.294119 0.73149595 0.02155782
4025.327686 0.71700622 0.02320989
4025.361254 0.73469094 0.02665186
4025.394822 0.75731175 0.03052597
4025.428391 0.72693450 0.02832007
4025.461959 0.71563958 0.02418595
4025.495528 0.67223375 0.02692801
4025.529097 0.66280972 0.02723610
4025.562667 0.67308358 0.03017308
4025.596236 0.66286330 0.02878023
4025.629806 0.68413536 0.02693398
4025.663377 0.70324376 0.02848954
4025.696947 0.71908223 0.02878401
4025.730518 0.71097460 0.02309945
4025.764089 0.71006270 0.02809093
4025.797661 0.69928146 0.02822346
4025.831232 0.64753625 0.02496714
4025.864804 0.61390571 0.03153156
4025.898376 0.67954248 0.03277498
4025.931949 0.67716773 0.02775738
4025.965522 0.71977156 0.02702437
4025.999095 0.68748713 0.03242623
4026.032668 0.71308735 0.02809148
4026.066242 0.70226404 0.02970544
4026.099816 0.71469250 0.02770577
4026.133390 0.66825421 0.02516917
4026.166964 0.62728380 0.02891051
4026.200539 0.65441010 0.02755129
4026.234114 0.64189257 0.02870516
4026.267689 0.63639760 0.02867002
4026.301265 0.66123683 0.02733250
4026.334841 0.67005130 0.02621677
4026.368417 0.67836968 0.02597957
4026.401994 0.69206138 0.02839616
4026.435570 0.70106844 0.02484301
4026.469147 0.64880076 0.02429045
4026.502725 0.65657704 0.02870293
4026.536302 0.64808568 0.03058685
4026.569880 0.70869758 0.02574121
4026.603458 0.67837577 0.02784716
4026.637036 0.66415425 0.02741050
4026.670615 0.65922132 0.02727186
4026.704194 0.68673058 0.02519140
4026.737773 0.72599688 0.02590798
4026.771353 0.70530509 0.02856294
4026.804933 0.70587089 0.02929813
4026.838513 0.69023226 0.02872058
4026.872093 0.67425980 0.02880866
4026.905674 0.68917376 0.02665510
4026.939255 0.71799464 0.02844514
4026.972836 0.74624887 0.02788043
4027.006417 0.71313255 0.02617449
4027.039999 0.77789916 0.02541216
4027.073581 0.77120696 0.02703734
4027.107163 0.73023862 0.02554526
4027.140746 0.78784442 0.02641784
4027.174329 0.74469701 0.02708570
4027.207912 0.73994115 0.02987330
4027.241496 0.74103334 0.02777067
4027.275079 0.75551314 0.02700867
4027.308663 0.71734849 0.02886087
4027.342248 0.74405708 0.02775554
4027.375832 0.75984468 0.02617159
4027.409417 0.79114368 0.02814315
4027.443002 0.79875851 0.02372357
4027.476587 0.76267997 0.02915081
4027.510173 0.78081919 0.02888542
4027.543759 0.74931610 0.02790222
4027.577345 0.76710944 0.02503705
4027.610932 0.83740740 0.02732654
4027.644519 0.76685805 0.02992810
4027.678106 0.78399974 0.02779792
4027.711693 0.83230614 0.03102456
4027.745281 0.83382400 0.02660488
4027.778869 0.85526575 0.02659895
4027.812457 0.83607028 0.02744942
4027.846045 0.83150822 0.03240724
4027.879634 0.86968250 0.02415647
4027.913223 0.82968242 0.02952847
4027.946812 0.80231951 0.02916598
4027.980402 0.83357479 0.03440152
4028.013992 0.83277046 0.03059349
4028.047582 0.86778807 0.02714835
4028.081173 0.89861547 0.02766211
4028.114763 0.86101502 0.02492284
4028.148354 0.86956539 0.03062881
4028.181946 0.88867998 0.02498032
4028.215537 0.87737498 0.03027397
4028.249129 0.86224170 0.03058240
4028.282721 0.84176931 0.03200516
4028.316313 0.84911859 0.02733170
4028.349906 0.86737812 0.02903142
4028.383499 0.89953221 0.02327941
4028.417092 0.92636963 0.02604258
4028.450686 0.93996613 0.02940701
4028.484280 0.90338163 0.02566313
4028.517874 0.95788140 0.02783371
4028.551468 0.94532998 0.02443365
4028.585063 0.91955166 0.02582574
4028.618658 0.89525517 0.02738444
4028.652253 0.95712889 0.02782905
4028.685848 0.97151007 0.02784128
4028.719444 0.91843756 0.02944657
4028.753040 0.96651990 0.02950745
4028.786637 0.94344434 0.02622392
4028.820233 0.90177502 0.02635771
4028.853830 0.91315607 0.02655823
4028.887427 0.91101792 0.02682947
4028.921025 0.93416762 0.02353661
4028.954622 0.91500900 0.03153047
4028.988220 0.89122110 0.02588881
4029.021819 0.91010705 0.03092077
4029.055417 0.91675462 0.03153651
4029.089016 0.92092284 0.02923280
4029.122615 0.90762113 0.02874930
4029.156215 0.91083827 0.02874515
4029.189814 0.93635181 0.02727214
4029.223414 0.95707556 0.02704954
4029.257014 0.94824730 0.02943958
4029.290615 0.91444440 0.02954663
4029.324216 0.89882575 0.03119158
4029.357817 0.88018880 0.02690998
4029.391418 0.89856438 0.02757568
4029.425020 0.97585455 0.02558304
4029.458622 0.97034835 0.02815594
4029.492224 0.96108250 0.02467583
4029.525827 0.96796522 0.02532774
4029.559429 0.92861152 0.02572190
4029.593032 0.94493427 0.03012397
4029.626636 0.94394031 0.02550616
4029.660239 0.95953912 0.02663319
4029.693843 0.99568181 0.02979089
4029.727447 1.00670053 0.02627014
4029.761052 0.91875192 0.02756093
4029.794657 0.96380958 0.03016636
4029.828262 0.97540960 0.02714396
4029.861867 0.97517473 0.02750127
4029.895472 0.94193948 0.02440805
4029.929078 0.91558232 0.02783448
4029.962684 0.95237997 0.02789620
4029.996291 0.97073670 0.02689285
4030.029897 0.95682574 0.02840576
4030.063504 0.97243085 0.02422360
4030.097112 0.93107328 0.02506609
4030.130719 1.01820758 0.02619123
4030.164327 0.97155188 0.02611597
4030.197935 0.96633801 0.02605818
4030.231544 0.92614906 0.03034135
4030.265152 0.92841234 0.02518244
4030.298761 0.97929258 0.02606621
4030.332370 1.01260886 0.02701354
4030.365980 0.98822768 0.02836889
4030.399590 0.94817327 0.02494856
4030.433200 0.99177417 0.02342447
4030.466810 0.99602910 0.02654143
4030.500421 1.00471698 0.02720487
4030.534031 0.97944557 0.02618370
4030.567643 0.95735523 0.02402963
4030.601254 1.00913083 0.02807474
4030.634866 0.95130361 0.02864894
4030.668478 1.00526316 0.02900749
4030.702090 0.99798689 0.02866635
4030.735703 0.99185432 0.02780482
4030.769316 0.99945518 0.02479732
4030.802929 0.99542612 0.02659365
4030.836542 1.03808418 0.02733816
4030.870156 1.03107488 0.02816238
4030.903770 0.97991047 0.02581131
4030.937384 1.01717811 0.02790141
4030.970999 0.97237184 0.02707166
4031.004613 0.97733032 0.02760651
4031.038229 0.99329974 0.03023367
4031.071844 0.94676160 0.02471543
4031.105460 0.97107153 0.02675518
4031.139076 0.96895042 0.02879453
4031.172692 0.97082977 0.02750244
4031.206308 0.95890263 0.03070132
4031.239925 0.98890847 0.02814043
4031.273542 0.96968984 0.02811777
4031.307159 0.94987188 0.02579170
4031.340777 0.95609108 0.02445732
4031.374395 0.95405449 0.02955941
4031.408013 0.95811123 0.02703289
4031.441632 0.97863317 0.02947900
4031.475250 0.98713674 0.02553588
4031.508869 0.97634510 0.02704639
4031.542489 0.97848297 0.02731677
4031.576108 0.97888927 0.02971679
4031.609728 0.98195312 0.02718587
4031.643348 0.96542587 0.02958189
4031.676969 1.00368606 0.02885965
4031.710589 1.01637474 0.03153867
4031.744210 0.99229488 0.02392062
4031.777832 0.95206084 0.02610312
4031.811453 0.96207442 0.02928769
4031.845075 1.01541763 0.02489652
4031.878697 0.97247710 0.03169694
4031.912320 0.95794546 0.03016963
4031.945942 1.02182293 0.02889919
4031.979565 1.02486362 0.02680372
4032.013188 1.03053710 0.02825613
4032.046812 1.08613128 0.03035057
4032.080436 0.98498781 0.02677373
4032.114060 0.99017461 0.02763860
4032.147684 1.00884803 0.02972332
4032.181309 1.03606934 0.02665938
4032.214934 1.00693080 0.03062301
4032.248559 1.00423970 0.02506358
4032.282184 0.98171691 0.02966824
4032.315810 0.99396097 0.02913589
4032.349436 1.02432551 0.02610292
4032.383062 1.06528572 0.02709286
4032.416689 1.03426810 0.02900089
4032.450316 0.99813771 0.02613449
4032.483943 0.99466144 0.02560345
4032.517571 0.99765547 0.03026279
4032.551198 0.99254320 0.03101104
4032.584826 1.00311806 0.02810372
4032.618455 0.99455832 0.02995920
4032.652083 0.99287027 0.02622789
4032.685712 0.97675664 0.02750661
4032.719341 0.99184559 0.02931352
4032.752970 0.99335983 0.02594581
4032.786600 0.97183784 0.02264577
4032.820230 1.01319486 0.02753337
4032.853860 0.98684228 0.02805737
4032.887491 0.98150826 0.02739350
4032.921122 1.00129277 0.02681641
4032.954753 0.97585923 0.02875554
4032.988384 0.98963718 0.02927288
4033.022016 1.00879509 0.02778644
4033.055648 1.02094999 0.02645486
4033.089280 1.02560951 0.02787000
4033.122912 0.98858944 0.02748467
4033.156545 0.96540592 0.02934484
4033.190178 0.98524251 0.02387381
4033.223811 0.98379900 0.02794007
4033.257445 0.99586978 0.02956075
4033.291079 0.98758398 0.02731786
4033.324713 0.96143256 0.03253726
4033.358348 1.00984872 0.03027930
4033.391982 1.00286021 0.02524461
4033.425617 0.94592885 0.02563026
4033.459253 0.94464659 0.02845723
4033.492888 0.96838374 0.02750354
4033.526524 0.95975465 0.02579656
4033.560160 0.97514184 0.02552988
4033.593797 1.03399460 0.02593936
4033.627433 1.00327227 0.02615510
4033.661070 1.02865958 0.02464957
4033.694707 0.97419806 0.02795120
4033.728345 0.96636897 0.02889107
4033.761983 0.96649556 0.03050731
4033.795621 1.01473818 0.02696077
4033.829259 0.97323116 0.02537786
4033.862898 0.95101712 0.02258016
4033.896537 0.97012605 0.02918568
4033.930176 0.97621507 0.02735043
4033.963816 0.96933101 0.02478229
4033.997455 0.98951416 0.03090059
4034.031095 0.99273927 0.02771543
4034.064736 1.02483717 0.02557149
4034.098376 1.00840236 0.02321266
4034.132017 0.95656326 0.02683534
4034.165658 0.97359307 0.02620619
4034.199300 1.01030665 0.02707632
4034.232942 1.01179389 0.02846845
4034.266584 0.98009579 0.02614632
4034.300226 0.96190572 0.02909804
4034.333869 0.94788744 0.02522278
4034.367511 1.00343705 0.02911555
4034.401155 0.98226729 0.02568199
4034.434798 0.95803466 0.02463186
4034.468442 0.96912439 0.02714109
4034.502086 0.93656428 0.02662455
4034.535730 0.96899793 0.02611590
4034.569375 0.98559400 0.03165347
4034.603019 0.98998346 0.02785057
4034.636664 0.98663489 0.02755584
4034.670310 0.98895581 0.02898427
4034.703956 0.97947107 0.02718843
4034.737601 0.97666035 0.03011618
4034.771248 0.99686108 0.02674284
4034.804894 0.96281502 0.02745278
4034.838541 0.92923312 0.02541492
4034.872188 0.97932077 0.02863513
4034.905835 1.02744785 0.02847632
4034.939483 0.99589759 0.02826475
4034.973131 0.91593704 0.02961245
4035.006779 0.91177642 0.02757195
4035.040428 0.94613370 0.02895681
4035.074076 0.96789708 0.02472347
4035.107725 0.98185538 0.02762876
4035.141375 0.96587044 0.02958339
4035.175024 1.01665703 0.02530329
4035.208674 0.99690028 0.02596507
4035.242324 1.00043459 0.02617230
4035.275975 1.01531622 0.02814080
4035.309626 0.94493180 0.02417632
4035.343277 0.97444573 0.02725276
4035.376928 1.02327596 0.02916652
4035.410579 1.00465419 0.02941894
4035.444231 1.00660966 0.03020371
4035.477883 0.98336057 0.02894689
4035.511536 0.96746739 0.02773298
4035.545188 0.98816181 0.02745187
4035.578841 0.97975042 0.02372205
4035.612495 1.02554330 0.02872682
4035.646148 1.00716523 0.02715748
4035.679802 1.00786465 0.02433066
4035.713456 0.98487306 0.02460689
4035.747110 1.04637681 0.02639539
4035.780765 0.99191156 0.02462675
4035.814420 0.97560882 0.02983044
4035.848075 0.98419563 0.03022017
4035.881731 1.00022113 0.02967066
4035.915386 0.99907885 0.02920248
4035.949043 0.98047813 0.02524230
4035.982699 1.00739950 0.02763390
4036.016355 1.00495847 0.02541128
4036.050012 1.04342727 0.02716943
4036.083670 0.95856240 0.02577221
4036.117327 0.96619651 0.02592861
4036.150985 1.01666858 0.02995357
4036.184643 1.01199781 0.02719516
4036.218301 0.98864401 0.02550884
4036.251960 0.98905609 0.02456037
4036.285619 1.04164685 0.02822469
4036.319278 0.96872269 0.02641352
4036.352937 0.99264247 0.03134160
4036.386597 0.97997504 0.02669601
4036.420257 1.00220278 0.02828139
4036.453917 1.00351733 0.02600650
4036.487578 1.01317786 0.02646626
4036.521238 0.99289940 0.02828350
4036.554899 0.99770002 0.02418525
4036.588561 1.00907719 0.02420330
4036.622223 0.94825028 0.02824519
4036.655884 0.97342062 0.02630429
4036.689547 0.97396576 0.02798829
4036.723209 0.99452743 0.02371820
4036.756872 0.97954226 0.02775761
4036.790535 1.04872164 0.02621285
4036.824198 1.03264729 0.02500037
4036.857862 1.00141066 0.02959003
4036.891526 1.00126258 0.02732842
4036.925190 1.01004049 0.02691866
4036.958855 0.99865842 0.02822413
4036.992519 0.98981748 0.02837538
4037.026184 0.96481101 0.02694676
4037.059850 0.98439432 0.03350054
4037.093515 0.97063758 0.02784419
4037.127181 1.00448058 0.02759160
4037.160847 0.97857788 0.02592306
4037.194514 1.02793667 0.02720994
4037.228181 1.04625133 0.02677754
4037.261848 1.01283976 0.02786652
4037.295515 1.01129543 0.02434732
4037.329182 1.03270924 0.02442818
4037.362850 1.00353807 0.03102236
4037.396518 1.02376969 0.02938319
4037.430187 1.06490518 0.02737314
4037.463855 1.01393919 0.02620333
4037.497524 1.02339111 0.02706013
4037.531194 1.07769874 0.02434475
4037.564863 1.03189695 0.02389607
4037.598533 0.98717542 0.02794502
4037.632203 1.04583762 0.02689532
4037.665873 1.03836575 0.02579675
4037.699544 0.97770650 0.02887432
4037.733215 0.96006638 0.02699757
4037.766886 0.98126213 0.02798362
4037.800558 1.00660225 0.02634337
4037.834229 1.01694038 0.02778580
4037.867902 0.99904452 0.02410020
4037.901574 1.00896506 0.02467528
4037.935246 0.98840852 0.02413028
4037.968919 0.99104505 0.02669134
4038.002593 1.04094560 0.02841528
4038.036266 1.02741218 0.02699700
4038.069940 1.01342786 0.02654863
4038.103614 1.01149746 0.02274442
4038.137288 1.01844452 0.02888380
4038.170963 1.01886606 0.02699662
4038.204637 1.00469481 0.02727243
4038.238313 0.95957912 0.03134362
4038.271988 0.98390468 0.02596343
4038.305664 0.95290377 0.02584343
4038.339340 0.99578495 0.02643663
4038.373016 0.95390750 0.02635891
4038.406693 1.04597904 0.02617445
4038.440369 1.02803623 0.02749587
4038.474046 1.02219578 0.03024260
4038.507724 1.03699979 0.03144784
4038.541402 1.05751953 0.02534006
4038.575080 1.03524140 0.02449719
4038.608758 0.96975979 0.02567769
4038.642436 0.99370999 0.02747607
4038.676115 1.04037348 0.02715179
4038.709794 1.02409453 0.02757196
4038.743473 0.96121077 0.02565369
4038.777153 0.98387554 0.02998752
4038.810833 1.00465391 0.02730592
4038.844513 0.99601893 0.02961370
4038.878194 0.99589158 0.02898660
4038.911874 0.98516233 0.02696730
4038.945555 0.95696076 0.02636922
4038.979237 0.94763712 0.02661190
4039.012918 1.04455167 0.02750321
4039.046600 0.98213400 0.02446466
4039.080282 1.01195128 0.02512356
4039.113965 1.01270240 0.02902270
4039.147648 1.00373448 0.02869949
4039.181331 0.99704728 0.02892697
4039.215014 1.02274241 0.02709241
4039.248697 1.02926782 0.02745870
4039.282381 0.99671958 0.02531639
4039.316065 1.00362463 0.02625727
4039.349750 0.98171240 0.02549188
4039.383435 1.01896921 0.02961512
4039.417120 1.06281273 0.02653728
4039.450805 1.04042507 0.02424361
4039.484490 1.00828129 0.02749759
4039.518176 1.02403503 0.02547639
4039.551862 1.01951956 0.02816539
4039.585549 0.97437902 0.02913813
4039.619235 1.00478226 0.03131043
4039.652922 1.01460609 0.02852180
4039.686609 0.99720560 0.02837475
4039.720297 1.02064190 0.02834566
4039.753985 1.01882427 0.03007502
4039.787673 0.96929489 0.02600994
4039.821361 0.98048520 0.02900462
4039.855050 1.03879487 0.02693909
4039.888739 0.97864806 0.02906810
4039.922428 0.97233773 0.02918663
4039.956117 0.95978455 0.02847406
4039.989807 0.98311245 0.02624726
4040.023497 0.96038481 0.02624548
4040.057187 1.00511056 0.02679141
4040.090878 0.99548170 0.02703744
4040.124569 0.99775212 0.02731383
4040.158260 1.01610459 0.02908703
4040.191951 0.99728422 0.03033524
4040.225643 0.95703808 0.02861938
4040.259335 1.00166946 0.03208349
4040.293027 0.94737946 0.02795559
4040.326720 1.02613984 0.02583387
4040.360413 0.99468309 0.02774176
4040.394106 0.93817231 0.02608580
4040.427799 0.98411347 0.02563298
4040.461493 0.97709127 0.02708308
4040.495187 0.97152536 0.02903266
4040.528881 0.96626102 0.02579303
4040.562576 0.93295480 0.02861277
4040.596271 0.93350206 0.02548395
4040.629966 0.96334700 0.02783717
4040.663661 0.98376474 0.02612395
4040.697357 0.99897830 0.02826159
4040.731053 1.00481363 0.02869203
4040.764749 0.93635996 0.02567972
4040.798445 1.00147841 0.02661965
4040.832142 0.97078497 0.02767291
4040.865839 0.98198406 0.02611639
4040.899536 0.96188253 0.02842283
4040.933234 0.94588063 0.02540989
4040.966932 0.97244111 0.02472552
4041.000630 0.98261352 0.02563173
4041.034329 0.92922746 0.02866889
4041.068027 0.95115593 0.02454335
4041.101726 0.96705418 0.02472427
4041.135426 0.95726126 0.02439088
4041.169125 0.98973526 0.02487842
4041.202825 0.99961337 0.02679934
4041.236525 0.98458581 0.02887403
4041.270226 0.97927045 0.02684474
4041.303926 0.96762208 0.02489455
4041.337627 0.97242968 0.02918171
4041.371329 0.92570448 0.02641065
4041.405030 0.94700370 0.02979939
4041.438732 0.97002259 0.02710040
4041.472434 0.99065456 0.02836558
4041.506137 0.96562930 0.02775410
4041.539839 0.99456698 0.02684096
4041.573542 0.93013584 0.02828896
4041.607245 0.96507417 0.02957809
4041.640949 0.97855685 0.02472137
4041.674653 0.96158412 0.02804473
4041.708357 0.95498788 0.02569830
4041.742061 0.97345151 0.02925639
4041.775766 0.99107807 0.02876360
4041.809471 0.95816272 0.02822697
4041.843176 0.99174461 0.02739294
4041.876881 0.97759575 0.02467710
4041.910587 0.93382945 0.02451417
4041.944293 0.93782893 0.02915531
4041.978000 0.93664469 0.02670762
4042.011706 0.96225978 0.02808499
4042.045413 0.97601351 0.02956229
4042.079120 1.05298311 0.02717198
4042.112828 1.00333122 0.02698332
4042.146535 0.94921208 0.02269915
4042.180243 1.00469868 0.02415886
4042.213952 1.00798781 0.02553297
4042.247660 1.00216166 0.02581971
4042.281369 0.97000226 0.02711382
4042.315078 1.01464239 0.02659143
4042.348788 0.95566519 0.02701777
4042.382497 0.93990942 0.02691533
4042.416207 0.97355956 0.02502081
4042.449918 0.98242838 0.02543775
4042.483628 1.00030168 0.02707103
4042.517339 1.00012073 0.02472224
4042.551050 0.97956776 0.02797454
4042.584762 1.00231733 0.02906288
4042.618473 1.01161964 0.02727771
4042.652185 1.00722601 0.02627271
4042.685897 0.96429509 0.02640459
4042.719610 1.00795439 0.02946628
4042.753323 1.00496585 0.02745527
4042.787036 0.97579976 0.02662240
4042.820749 1.00210761 0.02721003
4042.854463 1.02082466 0.02998203
4042.888177 1.01258696 0.02720741
4042.921891 1.02456226 0.02681991
4042.955605 1.01934939 0.03009042
4042.989320 1.02139162 0.02680161
4043.023035 1.01702574 0.02438657
4043.056750 1.00274884 0.02806026
4043.090466 0.96830805 0.02678072
4043.124182 0.99408829 0.02702816
4043.157898 1.02190663 0.02752239
4043.191615 1.00579488 0.02837253
4043.225331 1.04483209 0.02699638
4043.259048 1.02575526 0.02670458
4043.292766 0.99710311 0.02511535
4043.326483 1.00809342 0.02831951
4043.360201 0.97441313 0.02606771
4043.393919 1.04130318 0.02601796
4043.427638 1.02952854 0.03018223
4043.461356 1.08497565 0.02793700
4043.495075 1.04281038 0.02611076
4043.528795 1.01798241 0.02569956
4043.562514 0.99175026 0.02472440
4043.596234 1.01920549 0.02919995
4043.629954 1.03532669 0.02683087
4043.663674 1.01296055 0.02715652
4043.697395 1.01464558 0.02824886
4043.731116 0.97336006 0.02677546
4043.764837 1.00825836 0.02735398
4043.798559 1.03111625 0.03024780
4043.832281 1.00712862 0.02728305
4043.866003 1.02047269 0.02630275
4043.899725 1.00444920 0.02570469
4043.933448 0.98078985 0.02611923
4043.967170 1.00961539 0.02647114
4044.000894 1.04824063 0.02115379
4044.034617 1.02651920 0.02629216
4044.068341 1.01638230 0.02691976
4044.102065 1.03554333 0.02713722
4044.135789 0.98590253 0.02558509
4044.169514 0.97728662 0.02810786
4044.203239 0.97594515 0.02671841
4044.236964 1.03263840 0.02989210
4044.270689 1.04031709 0.02646737
4044.304415 0.98108941 0.02752407
4044.338141 1.03199798 0.02714733
4044.371867 1.06548160 0.02420849
4044.405594 1.05958714 0.02429849
4044.439321 1.02958391 0.02867288
4044.473048 1.03627135 0.02840929
4044.506775 1.02246371 0.02450992
4044.540503 1.03777331 0.02680814
4044.574231 1.02287932 0.02676434
4044.607959 1.01153103 0.02667233
4044.641688 1.04038715 0.02315913
4044.675417 0.99116117 0.02880407
4044.709146 0.99545855 0.02898036
4044.742875 0.98853489 0.02912525
4044.776605 1.00038716 0.02396321
4044.810335 1.00523993 0.02711623
4044.844065 1.04196533 0.02664816
4044.877796 1.04401769 0.02749491
4044.911526 1.02222383 0.02633155
4044.945257 0.99482088 0.02764583
4044.978989 1.03583524 0.02677695
4045.012720 1.04930964 0.02438344
4045.046452 0.99705604 0.02947086
4045.080184 0.98118615 0.02596594
4045.113917 1.00180864 0.02700243
4045.147650 1.02261001 0.02650628
4045.181383 1.02768998 0.02479267
4045.215116 1.02339663 0.02739033
4045.248850 0.98228062 0.02557604
4045.282584 1.01096440 0.02774911
4045.316318 0.97026285 0.02638237
4045.350052 0.98574466 0.02319720
4045.383787 0.98615979 0.02140388
4045.417522 0.97017382 0.02524742
4045.451257 0.99214857 0.02695042
4045.484993 0.99938488 0.02661286
4045.518729 1.04559317 0.02623265
4045.552465 1.02806861 0.02659830
4045.586201 1.01683752 0.02836769
4045.619938 1.01318306 0.02956287
4045.653675 0.99577742 0.02669263
4045.687412 0.99203975 0.03271143
4045.721150 1.01398568 0.03100968
4045.754888 0.99933768 0.02535720
4045.788626 1.00198587 0.02961818
4045.822364 0.98872157 0.02759897
4045.856103 1.02048217 0.02695001
4045.889842 1.00751910 0.02980717
4045.923581 1.03005760 0.02854136
4045.957320 1.04379435 0.02561022
4045.991060 1.00222026 0.02462337
4046.024800 0.99042284 0.02754655
4046.058541 0.98963726 0.03092068
4046.092281 1.00613602 0.02922759
4046.126022 1.01367314 0.02834715
4046.159763 1.02797558 0.02741213
4046.193505 1.04430812 0.02756154
4046.227247 0.98685298 0.02867421
4046.260989 0.99503994 0.02874555
4046.294731 1.01998969 0.02614526
4046.328474 0.98758764 0.02786223
4046.362216 1.00429646 0.02651223
4046.395960 1.02351736 0.02796033
4046.429703 1.02923010 0.02985449
4046.463447 1.04191908 0.02660310
4046.497191 1.00968074 0.03018635
4046.530935 0.97758697 0.03076437
4046.564680 1.00917601 0.02641545
4046.598425 0.98132708 0.02778944
4046.632170 0.96750399 0.02558654
4046.665915 1.02309329 0.02643552
4046.699661 1.05595901 0.02804286
4046.733407 1.00492731 0.02775569
4046.767153 0.98799295 0.02447551
4046.800900 1.03648546 0.02680868
4046.834646 0.99945741 0.02315621
4046.868394 1.02200309 0.02510465
4046.902141 0.97657300 0.02939711
4046.935889 1.01274938 0.02882098
4046.969637 1.01318986 0.02708969
4047.003385 0.98011174 0.02837299
4047.037133 1.00638772 0.02672330
4047.070882 0.99457466 0.02488448
4047.104631 1.00532339 0.02387335
4047.138381 0.97505162 0.02681240
4047.172130 1.04658422 0.02632161
4047.205880 1.02368779 0.02636797
4047.239630 1.03204320 0.02590698
4047.273381 0.99019475 0.02737003
4047.307132 1.01362468 0.03173757
4047.340883 0.98662102 0.02714639
4047.374634 0.98572741 0.02783925
4047.408386 0.99853496 0.02848054
4047.442137 0.99682796 0.02762036
4047.475890 0.99496173 0.02844422
4047.509642 1.00711863 0.02369943
4047.543395 1.01456307 0.02827966
4047.577148 0.99159199 0.02960433
4047.610901 0.99660260 0.02636478
4047.644655 1.03482819 0.02057667
4047.678409 1.02408922 0.02702831
4047.712163 1.07672347 0.02446953
4047.745917 1.06960751 0.02511427
4047.779672 1.01942689 0.02672362
4047.813427 1.01714408 0.02934571
4047.847182 1.02221875 0.02722353
4047.880938 0.98851962 0.02907287
4047.914694 0.97182237 0.02656384
4047.948450 0.97439159 0.02604286
4047.982206 0.99552078 0.02723292
4048.015963 0.98497622 0.02918478
4048.049720 1.05714297 0.02626817
4048.083477 1.04046444 0.02628225
4048.117234 1.06028666 0.02621116
4048.150992 1.02778062 0.02872500
4048.184750 1.03230464 0.02482380
4048.218509 1.00686545 0.02487450
4048.252267 1.01632032 0.02602919
4048.286026 0.99094591 0.03167924
4048.319785 1.04291511 0.02840551
4048.353545 1.03067720 0.02556473
4048.387305 1.01967032 0.02419534
4048.421065 1.02249011 0.03251473
4048.454825 1.01833787 0.02832948
4048.488586 1.01242077 0.02280705
4048.522347 1.01048485 0.02858963
4048.556108 0.97341867 0.02521517
4048.589869 0.98724476 0.02835112
4048.623631 0.98932875 0.02481019
4048.657393 0.99520819 0.02557531
4048.691155 0.99319564 0.02491136
4048.724918 0.99426214 0.02851765
4048.758681 1.02383109 0.02754515
4048.792444 1.00371557 0.03083589
4048.826207 1.00066725 0.02935884
4048.859971 1.01945269 0.02679739
4048.893735 1.03808202 0.02696075
4048.927499 1.00412845 0.02747084
4048.961264 0.99733264 0.03032585
4048.995029 0.97535492 0.03151616
4049.028794 0.97671650 0.02857129
4049.062559 0.99152978 0.02903035
4049.096325 1.04176669 0.02839729
4049.130091 1.02681358 0.02681909
4049.163857 1.02691759 0.02990526
4049.197624 1.00443797 0.02826707
4049.231391 1.03926520 0.02945230
4049.265158 1.02852807 0.02787977
4049.298925 0.98191570 0.02764969
4049.332693 1.02546405 0.02904592
4049.366461 1.04386383 0.02728378
4049.400229 1.02079395 0.02629612
4049.433997 1.03962943 0.02629867
4049.467766 0.96940049 0.02825173
4049.501535 0.98797912 0.02930957
4049.535305 1.03242305 0.02830302
4049.569074 1.02876572 0.03093451
4049.602844 1.03149892 0.02771125
4049.636614 1.02830403 0.02812830
4049.670385 0.99701283 0.02644461
4049.704156 1.02908923 0.02678965
4049.737927 1.00815528 0.02677714
4049.771698 1.01393566 0.02830081
4049.805470 0.98346014 0.02889019
4049.839241 1.00310328 0.02564281
4049.873014 1.00087992 0.02816245
4049.906786 1.00734424 0.02872336
4049.940559 1.06744235 0.02246792
4049.974332 1.00999655 0.02889621
4050.008105 1.02302585 0.02998368
4050.041879 1.04819881 0.02686628
4050.075653 1.03024311 0.02562210
4050.109427 1.02883380 0.02578305
4050.143201 1.01643310 0.02356441
4050.176976 0.99345409 0.02561090
4050.210751 1.01401548 0.02914116
4050.244526 1.01648880 0.02632335
4050.278302 1.02278822 0.02681686
4050.312077 1.02772392 0.02676077
4050.345853 0.98856812 0.02952937
4050.379630 0.97355311 0.02367621
4050.413407 0.97733830 0.02760627
4050.447184 1.05027266 0.02767277
4050.480961 1.04478051 0.02267399
4050.514738 0.96404340 0.02650541
4050.548516 1.04465707 0.02680836
4050.582294 1.05497015 0.02622656
4050.616072 1.03266658 0.02485101
4050.649851 1.00925471 0.02972570
4050.683630 1.03926841 0.02590391
4050.717409 0.97951876 0.02838315
4050.751189 0.98859534 0.02863817
4050.784969 0.99538244 0.02978680
4050.818749 0.97088545 0.02427800
4050.852529 0.97580335 0.02714181
4050.886310 1.01541955 0.02412095
4050.920090 1.03104225 0.02534327
4050.953872 1.03117019 0.02540852
4050.987653 1.01307675 0.02296339
4051.021435 0.98995265 0.02784372
4051.055217 1.05152727 0.02991726
4051.088999 1.00656928 0.02696183
4051.122782 0.97912193 0.02864058
4051.156565 1.00096184 0.02470899
4051.190348 1.00116971 0.02830776
4051.224131 1.06185842 0.02507079
4051.257915 1.02973095 0.02764308
4051.291699 1.01057129 0.02400676
4051.325483 1.02479374 0.02659235
4051.359268 1.01436845 0.02580378
4051.393053 1.00472673 0.02479717
4051.426838 0.99433141 0.02763060
4051.460623 0.97798200 0.02400418
4051.494409 0.97663906 0.02622449
4051.528195 0.97442796 0.02810222
4051.561981 0.99511400 0.02734566
4051.595768 0.99940152 0.02853636
4051.629554 0.99978686 0.02798547
4051.663341 1.02995411 0.02708910
4051.697129 1.01330940 0.02682631
4051.730916 0.99508325 0.02852314
4051.764704 1.04201273 0.02440959
4051.798493 1.00208399 0.02328416
4051.832281 0.98093371 0.02657362
4051.866070 1.00611201 0.03089809
4051.899859 1.03312186 0.02779899
4051.933648 0.99864964 0.02764957
4051.967438 1.01340733 0.02678591
4052.001228 1.02907130 0.02669922
4052.035018 0.99809214 0.02658647
4052.068809 1.00936420 0.02556354
4052.102599 1.02591817 0.02951860
4052.136390 1.00574553 0.02885408
4052.170182 0.97544750 0.02658810
4052.203973 1.00758614 0.02474947
4052.237765 1.05799555 0.02632250
4052.271557 0.98936193 0.02661946
4052.305350 0.94470219 0.02619471
4052.339142 1.00800595 0.02881324
4052.372935 0.97652829 0.02329903
4052.406729 1.01351153 0.02798237
4052.440522 1.01915292 0.02532518
4052.474316 1.03370433 0.02592181
4052.508110 1.00073348 0.02601154
4052.541905 1.03632019 0.02694680
4052.575699 1.04531814 0.02402040
4052.609494 1.07798058 0.02634544
4052.643290 1.01600349 0.02634472
4052.677085 0.97023579 0.02590450
4052.710881 0.98502568 0.02579627
4052.744677 0.96894946 0.02666749
4052.778474 1.03776466 0.02545079
4052.812270 1.03369431 0.02716710
4052.846067 1.00420765 0.02790520
4052.879864 1.01757080 0.02875830
4052.913662 0.99644308 0.02790424
4052.947460 0.97433925 0.02676604
4052.981258 0.98387907 0.02815297
4053.015056 1.01581694 0.03055626
4053.048855 1.01291185 0.02533511
4053.082654 1.01757375 0.02788817
4053.116453 0.99602156 0.02756725
4053.150253 0.93763705 0.02710815
4053.184052 0.97928239 0.02514922
4053.217852 1.03750397 0.02277093
4053.251653 0.96404635 0.02508826
4053.285453 0.97008794 0.02274200
4053.319254 0.98860751 0.02564828
4053.353055 1.02642375 0.02702191
4053.386857 0.99086463 0.02772471
4053.420659 1.01232267 0.02627167
4053.454461 1.04187689 0.02818093
4053.488263 1.00608822 0.02852144
4053.522066 0.99548861 0.02914188
4053.555868 0.99795660 0.02837947
4053.589672 0.99098088 0.02704096
4053.623475 0.97993924 0.02518420
4053.657279 1.01276766 0.02740829
4053.691083 1.02127747 0.02889156
4053.724887 1.03349649 0.02776380
4053.758692 1.00409324 0.02762842
4053.792496 1.02798781 0.02773925
4053.826302 0.98694751 0.02827709
4053.860107 1.03112500 0.02678123
4053.893913 0.96876061 0.02691445
4053.927719 1.04403647 0.02562943
4053.961525 1.02566299 0.02767894
4053.995332 0.98622451 0.02889374
4054.029138 1.00023848 0.02518521
4054.062945 0.99155759 0.02739063
4054.096753 1.02785167 0.03289693
4054.130560 1.00175886 0.02623952
4054.164368 0.94320775 0.02897760
4054.198177 0.99816173 0.02852656
4054.231985 1.01304815 0.02232138
4054.265794 1.03576703 0.02757788
4054.299603 1.00455072 0.02524097
4054.333412 1.02516316 0.02651131
4054.367222 1.04557227 0.02532938
4054.401032 1.02179757 0.02500026
4054.434842 1.04521211 0.02766462
4054.468653 1.00997147 0.02581554
4054.502463 1.04343887 0.02398687
4054.536275 1.04769415 0.02554616
4054.570086 0.98255454 0.02702633
4054.603897 1.02656982 0.02845448
4054.637709 0.99399934 0.02527432
4054.671522 1.01538290 0.02905482
4054.705334 1.01391633 0.02543583
4054.739147 0.98458145 0.02526405
4054.772960 0.99279022 0.02695477
4054.806773 0.97307814 0.02599507
4054.840587 0.94521508 0.02623529
4054.874401 1.02290410 0.02702838
4054.908215 1.03094268 0.02743548
4054.942029 1.01975006 0.02218585
4054.975844 1.00876039 0.02729161
4055.009659 0.99201901 0.02562460
4055.043474 0.98900326 0.02665460
4055.077290 0.98508207 0.02656707
4055.111106 1.06304333 0.02657054
4055.144922 1.05080790 0.02642889
4055.178738 0.98120734 0.02736233
4055.212555 0.97424214 0.02588633
4055.246372 1.01696262 0.02705764
4055.280189 1.03396125 0.02759357
4055.314007 1.04746530 0.02751973
4055.347824 1.01722312 0.02837380
4055.381642 0.97752020 0.02900992
4055.415461 1.02114211 0.02617594
4055.449280 1.06428653 0.02523559
4055.483098 0.99402951 0.02822000
4055.516918 1.03746347 0.02688839
4055.550737 0.98091963 0.02774287
4055.584557 0.96956881 0.02381186
4055.618377 1.02174097 0.02715790
4055.652197 1.01277929 0.02478988
4055.686018 1.02069662 0.02462000
4055.719839 1.03037992 0.03151302
4055.753660 0.98475272 0.02508587
4055.787482 0.95446252 0.02780333
4055.821303 1.04584529 0.02503097
4055.855125 1.06848589 0.02589114
4055.888948 1.03323415 0.02852068
4055.922770 0.99290190 0.02324710
4055.956593 1.00273183 0.02643722
4055.990417 0.99723481 0.02637460
4056.024240 1.02039590 0.02333295
4056.058064 1.01724952 0.02956504
4056.091888 0.99322476 0.02578459
4056.125712 1.03895816 0.02901902
4056.159537 1.02707719 0.02591296
4056.193362 1.00049927 0.02939616
4056.227187 0.94136361 0.02560405
4056.261012 0.99149411 0.02547702
4056.294838 1.03608145 0.02407342
4056.328664 1.07236533 0.02560321
4056.362490 1.03451332 0.02897766
4056.396317 1.03193001 0.02636794
4056.430144 1.01174246 0.02896175
4056.463971 1.06239462 0.02501745
4056.497798 1.01598311 0.02688758
4056.531626 1.00993041 0.02595232
4056.565454 0.99370325 0.02357786
4056.599282 1.00229993 0.02608382
4056.633110 1.03348958 0.02847619
4056.666939 1.03989656 0.02791899
4056.700768 1.08599178 0.02748900
4056.734598 1.03986189 0.02835173
4056.768427 0.97501317 0.02778325
4056.802257 0.99019591 0.02730010
4056.836088 1.03702494 0.02589244
4056.869918 1.04598588 0.03140495
4056.903749 1.00070783 0.03293237
4056.937580 1.03345882 0.02702466
4056.971411 1.03746068 0.02839876
4057.005243 1.01077089 0.02696134
4057.039075 1.00274644 0.02476697
4057.072907 0.99722924 0.02547490
4057.106740 1.00014829 0.02764286
4057.140572 0.98843302 0.02723084
4057.174405 0.99614431 0.02958614
4057.208239 1.02341828 0.02851808
4057.242072 1.03386512 0.02636966
4057.275906 0.98703761 0.02466603
4057.309740 0.99081332 0.02446638
4057.343575 1.04515840 0.02603480
4057.377410 1.06271092 0.02697936
4057.411245 1.01074886 0.02823965
4057.445080 0.99516581 0.02473768
4057.478916 1.00840716 0.02340537
4057.512752 1.00633256 0.02496796
4057.546588 0.97340524 0.03000568
4057.580424 1.00825320 0.02879523
4057.614261 0.97942713 0.02570278
4057.648098 0.95342234 0.02705751
4057.681935 0.99886795 0.02441224
4057.715773 1.00212968 0.02869536
4057.749611 1.00760615 0.02434724
4057.783449 0.97087781 0.02516030
4057.817287 1.00120231 0.02682200
4057.851126 0.99607918 0.02535040
4057.884965 1.03126036 0.02505588
4057.918804 0.97624719 0.02882014
4057.952644 0.98956967 0.02947375
4057.986483 1.02393080 0.02815160
4058.020323 0.97009143 0.02818594
4058.054164 1.01001431 0.02861044
4058.088005 1.00260293 0.02680220
4058.121845 0.99817746 0.02049108
4058.155687 1.06913066 0.02659675
4058.189528 0.99401282 0.02740952
4058.223370 1.00591729 0.03205945
4058.257212 1.00090958 0.02779011
4058.291054 1.02302930 0.02433466
4058.324897 1.00101517 0.02747724
4058.358740 1.02995542 0.02564887
4058.392583 1.03810037 0.02637159
4058.426427 1.02359841 0.02711866
4058.460271 1.06131370 0.02071126
4058.494115 1.03989505 0.02608128
4058.527959 1.00370522 0.02823382
4058.561804 1.02062027 0.02900671
4058.595648 1.03023790 0.02601936
4058.629494 1.00725028 0.02850585
4058.663339 1.01810967 0.02983841
4058.697185 1.02970631 0.02381273
4058.731031 1.06371126 0.02359817
4058.764877 1.01556643 0.02362916
4058.798724 1.01136711 0.02487138
4058.832571 1.01953130 0.02811460
4058.866418 1.02112410 0.02514915
4058.900265 1.03150479 0.02794859
4058.934113 0.98739244 0.02456174
4058.967961 1.04252505 0.02390994
4059.001809 1.03178134 0.02789900
4059.035658 0.98957019 0.02743063
4059.069507 1.02776400 0.02771529
4059.103356 1.00095253 0.02488367
4059.137205 1.03618030 0.02937213
4059.171055 1.00741269 0.02604113
4059.204905 1.03945135 0.02438288
4059.238755 1.04169824 0.02551181
4059.272606 0.99953728 0.02691223
4059.306457 1.01153874 0.02826189
4059.340308 1.02595742 0.02664719
4059.374159 1.02037022 0.02553396
4059.408011 1.03205359 0.02728946
4059.441863 0.98474421 0.02801644
4059.475715 0.96941536 0.02815237
4059.509568 0.98408651 0.02785166
4059.543420 1.01159321 0.02961758
4059.577273 0.97810024 0.02945133
4059.611127 1.02064631 0.02920095
4059.644980 1.04666656 0.02860834
4059.678834 1.05377122 0.02552782
4059.712689 1.05873963 0.02477628
4059.746543 1.04389287 0.02875752
4059.780398 1.01997404 0.02655083
4059.814253 0.95276145 0.02613207
4059.848108 0.98658713 0.03061069
4059.881964 0.99744420 0.02752392
4059.915820 0.97953103 0.02899245
4059.949676 0.99324419 0.02763577
4059.983533 1.03027587 0.02456161
4060.017389 0.98799508 0.02621078
4060.051246 1.03787060 0.02887502
4060.085104 1.04592029 0.02675217
4060.118961 1.03910542 0.02479896
4060.152819 0.98396721 0.02310459
4060.186677 0.97741776 0.02361244
4060.220536 0.97213468 0.02725446
4060.254394 1.02235230 0.02784131
4060.288254 0.99478517 0.02625503
4060.322113 1.00783270 0.02789503
4060.355972 1.02544499 0.02495723
4060.389832 1.01457763 0.02451159
4060.423692 1.03655083 0.02623116
4060.457553 1.03642284 0.02898821
4060.491414 1.02928684 0.02700460
4060.525275 1.07669537 0.02236826
4060.559136 1.02656149 0.02557184
4060.592997 1.02839366 0.02798654
4060.626859 1.04464931 0.02717494
4060.660721 1.00820016 0.02483219
4060.694584 1.03883938 0.02449472
4060.728446 1.02264660 0.02994641
4060.762309 1.01417466 0.02741383
4060.796173 0.97402026 0.02737161
4060.830036 1.03297238 0.03094528
4060.863900 1.05912259 0.02691735
4060.897764 1.03435043 0.02642849
4060.931629 1.06233086 0.02745109
4060.965493 1.02829876 0.03044859
4060.999358 1.02935288 0.02624367
4061.033223 0.95607155 0.02768111
4061.067089 1.01476754 0.03005105
4061.100955 1.00581017 0.02459615
4061.134821 1.02348570 0.02571220
4061.168687 1.00530107 0.02826025
4061.202554 1.05244998 0.03040948
4061.236421 1.01909137 0.02705671
4061.270288 0.96761200 0.03072321
4061.304155 1.05066472 0.02783945
4061.338023 1.04979537 0.02298944
4061.371891 1.06943747 0.02459865
4061.405760 1.05875224 0.02413494
4061.439628 1.04302938 0.02925515
4061.473497 1.03976447 0.02777319
4061.507366 1.00316550 0.02835224
4061.541236 1.05274696 0.02737687
4061.575105 1.04826793 0.02864302
4061.608975 0.99670407 0.02839746
4061.642846 1.02873623 0.02515683
4061.676716 0.98592993 0.02720049
4061.710587 1.02584288 0.02971067
4061.744458 1.01842790 0.02638755
4061.778330 1.01678422 0.02627732
4061.812202 1.04320207 0.02494982
4061.846074 1.01683225 0.02358602
4061.879946 0.99223961 0.02764653
4061.913818 1.00998499 0.02682639
4061.947691 1.03036447 0.02833077
4061.981564 1.00587060 0.02770516
4062.015438 1.02751438 0.02979905
4062.049312 1.02508854 0.02738642
4062.083186 1.01426458 0.03007720
4062.117060 1.00376989 0.03051890
4062.150934 1.02965084 0.02598762
4062.184809 0.99129869 0.02656193
4062.218684 1.02428788 0.03153894
4062.252560 1.01560887 0.02352491
4062.286435 0.97332509 0.02638939
4062.320311 0.97656387 0.02447664
4062.354188 0.98433795 0.02692680
4062.388064 1.01061196 0.02778164
4062.421941 1.01869281 0.03113090
4062.455818 1.04126672 0.02521706
4062.489695 1.01482123 0.02942946
4062.523573 1.00098763 0.03075032
4062.557451 0.97881873 0.03093636
4062.591329 1.04374053 0.02910568
4062.625208 1.06374995 0.02523914
4062.659087 1.00070854 0.02581479
4062.692966 1.01164677 0.02753797
4062.726845 1.04102256 0.02644703
4062.760725 1.05291537 0.02670013
4062.794605 1.05948444 0.02515230
4062.828485 1.04260793 0.02730035
4062.862365 0.99999595 0.02449154
4062.896246 1.00247309 0.03134757
4062.930127 0.94081342 0.02547548
4062.964008 0.99728515 0.02882354
4062.997890 1.02216638 0.02757595
4063.031772 1.04232616 0.02918026
4063.065654 0.99779414 0.02970394
4063.099537 1.01005784 0.02693430
4063.133419 1.03133640 0.02885256
4063.167302 1.01201125 0.02941529
4063.201186 1.01565594 0.02839164
4063.235069 1.05171588 0.02758883
4063.268953 1.05727963 0.02912636
4063.302837 1.00694405 0.02547611
4063.336722 1.03013757 0.02810760
4063.370606 1.04626908 0.02830872
4063.404491 1.00153333 0.02606572
4063.438377 1.05414201 0.02307047
4063.472262 1.02782890 0.02754535
4063.506148 1.02804005 0.02764799
4063.540034 1.06127920 0.02765811
4063.573921 1.04744914 0.02754565
4063.607807 1.04165695 0.02881725
4063.641694 1.03758417 0.02646794
4063.675582 0.96713196 0.02914021
4063.709469 0.98236393 0.02655781
4063.743357 0.98169687 0.02313569
4063.777245 1.04457247 0.02667355
4063.811134 1.00378564 0.02598587
4063.845022 1.01336966 0.02565001
4063.878911 1.04030820 0.02866608
4063.912800 1.01388767 0.03070679
4063.946690 1.02938991 0.02714956
4063.980580 1.00322213 0.02979535
4064.014470 1.02692759 0.02557702
4064.048360 1.02125103 0.02690357
4064.082251 1.00495822 0.02829834
4064.116142 1.00249918 0.02936546
4064.150033 1.06385317 0.02232580
4064.183925 1.02856538 0.03019000
4064.217816 1.00870715 0.02968732
4064.251708 0.98287348 0.02749221
4064.285601 1.03763165 0.02704913
4064.319493 1.02214474 0.02697641
4064.353386 0.98690937 0.02932600
4064.387279 1.03113379 0.02658380
4064.421173 1.03764591 0.02709574
4064.455067 1.04274980 0.02813794
4064.488961 1.04188786 0.02823445
4064.522855 1.01609826 0.03186382
4064.556750 0.99369447 0.02544905
4064.590645 0.98266185 0.02740310
4064.624540 0.95346069 0.02726712
4064.658435 1.00051057 0.02770559
4064.692331 1.04530852 0.02517886
4064.726227 1.06669783 0.02545934
4064.760123 1.01879910 0.02905683
4064.794020 1.00656037 0.02792067
4064.827917 1.03774731 0.02320563
4064.861814 1.01770619 0.02774810
4064.895711 0.97835108 0.02426867
4064.929609 1.00379783 0.02931843
4064.963507 1.03484186 0.02629578
4064.997405 0.99598477 0.02853376
4065.031304 1.04104595 0.02569891
4065.065203 1.05948081 0.02222034
4065.099102 1.04710010 0.02694768
4065.133001 1.06910985 0.02613815
4065.166901 1.02009407 0.02829388
4065.200801 0.99715743 0.02838318
4065.234701 0.98149100 0.02773292
4065.268602 1.02507519 0.02443620
4065.302503 1.01312371 0.03078331
4065.336404 1.00233700 0.02626698
4065.370305 0.99427372 0.03164516
4065.404207 1.03028226 0.02839680
4065.438109 1.03901894 0.02717568
4065.472011 1.00253403 0.02578030
4065.505914 1.00457005 0.02540066
4065.539816 1.01749056 0.02536943
4065.573720 1.02072398 0.02628555
4065.607623 1.00119182 0.02503251
4065.641527 1.01417679 0.03007866
4065.675431 1.02494036 0.02493967
4065.709335 1.03967816 0.02371983
4065.743239 1.03800740 0.02722884
4065.777144 1.05075296 0.02693726
4065.811049 1.06118471 0.02778689
4065.844955 1.03738513 0.02871839
4065.878860 1.02508547 0.02648167
4065.912766 0.99383621 0.02836816
4065.946672 1.04382038 0.02699902
4065.980579 1.00868919 0.02861769
4066.014486 0.99339686 0.02981810
4066.048393 1.05622790 0.02658446
4066.082300 1.02065434 0.02714294
4066.116208 0.99539963 0.02709820
4066.150115 1.00901750 0.02901915
4066.184024 1.02244122 0.02843898
4066.217932 1.01670437 0.02895318
4066.251841 0.98694360 0.02762804
4066.285750 0.97145582 0.02663809
4066.319659 0.98447303 0.02585497
4066.353569 0.98335984 0.02590100
4066.387479 1.01958152 0.02597131
4066.421389 1.04497308 0.02488541
4066.455299 1.02031678 0.02833016
4066.489210 0.98289757 0.02668474
4066.523121 0.98892675 0.02977875
4066.557032 0.99307460 0.02613399
4066.590944 1.00343192 0.02501339
4066.624856 0.99258418 0.02307119
4066.658768 1.03563701 0.02668547
4066.692680 1.03860321 0.02703599
4066.726593 1.01922212 0.02865685
4066.760506 1.01295919 0.02490193
4066.794419 1.06716002 0.02618334
4066.828333 1.03522073 0.02550982
4066.862247 1.02418546 0.02957504
4066.896161 1.01871053 0.02623045
4066.930075 0.98818783 0.02492364
4066.963990 1.00194982 0.02672297
4066.997905 0.97450008 0.02701994
4067.031820 0.98790751 0.02705658
4067.065736 0.98868962 0.02802541
4067.099651 0.98486586 0.02137088
4067.133568 1.05007892 0.02276133
4067.167484 1.04681603 0.02792098
4067.201401 1.01462905 0.02841679
4067.235318 1.04504766 0.02896574
4067.269235 0.99163246 0.02740599
4067.303152 1.00610807 0.02646994
4067.337070 1.03821696 0.02809157
4067.370988 1.04254120 0.02599231
4067.404907 1.01841372 0.02562869
4067.438825 1.01577222 0.03133705
4067.472744 1.02013578 0.03043260
4067.506663 1.01312193 0.02875612
4067.540583 1.04124404 0.03032579
4067.574503 0.95509893 0.02904630
4067.608423 1.00001641 0.02687879
4067.642343 1.02083756 0.02880741
4067.676264 1.01662304 0.02758397
4067.710185 1.03399211 0.02553689
4067.744106 1.00625575 0.02785756
4067.778027 1.03290733 0.02710695
4067.811949 0.97981633 0.02461692
4067.845871 1.01552941 0.02571120
4067.879793 1.00105794 0.02613659
4067.913716 1.00344290 0.02503713
4067.947639 1.01074467 0.02948279
4067.981562 1.01716333 0.02681812
4068.015485 1.03369137 0.02501697
4068.049409 1.03570882 0.02873002
4068.083333 1.03121499 0.02901725
4068.117258 1.03139765 0.02848022
4068.151182 1.04581188 0.02390725
4068.185107 1.03202266 0.02970348
4068.219032 1.00869686 0.03095306
4068.252958 1.01320361 0.03055977
4068.286883 1.01194071 0.02743310
4068.320809 1.02335537 0.02602853
4068.354736 1.01856393 0.02534214
4068.388662 0.98563130 0.02709528
4068.422589 0.96508943 0.02979204
4068.456516 0.96808105 0.02701980
4068.490444 0.96210841 0.02437466
4068.524371 0.99821214 0.02734564
4068.558299 0.97865033 0.02963447
4068.592228 0.95018215 0.02826668
4068.626156 0.94070948 0.02945571
4068.660085 0.95112272 0.03112030
4068.694014 0.97479607 0.02844637
4068.727943 0.91117039 0.02951634
4068.761873 0.95391946 0.02682835
4068.795803 0.97548537 0.02863490
4068.829733 1.01078468 0.02551898
4068.863664 1.00355443 0.02720670
4068.897595 0.97732178 0.02505218
4068.931526 0.92185852 0.02634901
4068.965457 0.92968350 0.02209703
4068.999389 0.94652375 0.02603760
4069.033321 0.91387715 0.02976289
4069.067253 0.95051555 0.03078130
4069.101185 0.95329781 0.02529511
4069.135118 0.94111040 0.02933886
4069.169051 0.93462928 0.02958758
4069.202985 0.94471282 0.02882036
4069.236918 0.91447759 0.02478752
4069.270852 0.91222003 0.02884158
4069.304786 0.92046015 0.03052059
4069.338721 0.87580102 0.02559478
4069.372656 0.90898250 0.02704345
4069.406591 0.92869938 0.02761450
4069.440526 0.88402178 0.02850501
4069.474462 0.93241185 0.02939379
4069.508398 0.90911811 0.02828161
4069.542334 0.92288616 0.02786787
4069.576270 0.91684794 0.03022580
4069.610207 0.92394905 0.02323093
4069.644144 0.92448531 0.02393470
4069.678081 0.95828735 0.02806778
4069.712019 0.90965609 0.03025078
4069.745957 0.89379881 0.02675041
4069.779895 0.96403203 0.02205410
4069.813834 0.93751859 0.02737336
4069.847772 0.91555490 0.03146117
4069.881711 0.90330024 0.02769858
4069.915651 0.88550041 0.02789238
4069.949590 0.90305710 0.02939394
4069.983530 0.92462657 0.02752936
4070.017470 0.89969003 0.02488819
4070.051411 0.90140500 0.02290334
4070.085351 0.90239716 0.02633025
4070.119292 0.93587983 0.02411668
4070.153234 0.93234598 0.02588454
4070.187175 0.94274551 0.02912384
4070.221117 0.94701659 0.02833671
4070.255059 0.91460522 0.02547090
4070.289002 0.92058087 0.02702789
4070.322944 0.94244489 0.03011678
4070.356887 0.92492968 0.02896034
4070.390831 0.90003869 0.02738518
4070.424774 0.91970322 0.02930374
4070.458718 0.91062219 0.02881429
4070.492662 0.95255133 0.02140115
4070.526606 0.94739742 0.02518222
4070.560551 0.97376467 0.02771753
4070.594496 0.96453320 0.02703255
4070.628441 0.93947740 0.02707498
4070.662387 0.95992838 0.02461163
4070.696333 0.90864685 0.02943839
4070.730279 0.95519483 0.03132816
4070.764225 0.91858505 0.02866955
4070.798172 0.87620131 0.02582844
4070.832119 0.91425905 0.02953667
4070.866066 0.98006488 0.02532342
4070.900013 0.92706064 0.02495072
4070.933961 0.92362511 0.02910591
4070.967909 0.97307887 0.02781904
4071.001858 0.91071363 0.02796070
4071.035806 0.92748706 0.02978832
4071.069755 0.93278770 0.02733192
4071.103704 0.92437222 0.02644830
4071.137654 0.92196278 0.02790027
4071.171604 0.93569860 0.02694940
4071.205554 0.93142155 0.02582642
4071.239504 0.96643559 0.02753081
4071.273455 0.93761220 0.03017593
4071.307406 0.93376362 0.02628973
4071.341357 0.86926603 0.03056759
4071.375308 0.93699002 0.03118394
4071.409260 0.91383694 0.02652559
4071.443212 0.94492646 0.02665950
4071.477164 0.93776731 0.02944515
4071.511117 0.88373470 0.02909013
4071.545070 0.94188727 0.02968934
4071.579023 0.93485181 0.02722160
4071.612977 0.93257775 0.02912733
4071.646930 0.95193047 0.02548540
4071.680884 0.95085462 0.02789480
4071.714839 0.91593495 0.02916411
4071.748793 0.94721470 0.02377228
4071.782748 0.96142242 0.02765750
4071.816703 0.98050536 0.02758749
4071.850659 0.96158772 0.03007169
4071.884614 0.97790676 0.02734427
4071.918570 0.98500658 0.02708635
4071.952527 0.96650240 0.02460914
4071.986483 0.95696885 0.03151338
4072.020440 0.91540325 0.02854354
4072.054397 0.91518963 0.02800431
4072.088355 0.92909892 0.02724412
4072.122312 0.93016798 0.02846359
4072.156270 0.94952764 0.03271550
4072.190229 0.98279930 0.03009818
4072.224187 0.94951876 0.02829887
4072.258146 1.00248821 0.02703456
4072.292105 0.99621120 0.02873446
4072.326065 0.93275556 0.02622589
4072.360024 0.95639589 0.03063472
4072.393984 0.98649577 0.02589276
4072.427944 0.97351398 0.02025667
4072.461905 0.96171874 0.02996784
4072.495866 0.93392035 0.02391739
4072.529827 0.93444424 0.02546572
4072.563788 0.96414218 0.02622132
4072.597750 0.94645963 0.02648623
4072.631712 0.95704695 0.03015276
4072.665674 0.91383212 0.02718422
4072.699637 0.97043741 0.02556331
4072.733599 0.97894740 0.02723171
4072.767563 0.94813062 0.02451031
4072.801526 0.93844661 0.03078936
4072.835490 0.93271207 0.02892859
4072.869454 0.93010762 0.02995789
4072.903418 1.00724219 0.02976081
4072.937382 0.99843671 0.02599988
4072.971347 0.93216751 0.03178285
4073.005312 0.90533482 0.02548733
4073.039277 0.91045189 0.03153312
4073.073243 0.92983910 0.03289371
4073.107209 0.97464538 0.02998956
4073.141175 0.96134871 0.02783252
4073.175142 0.91990911 0.02587381
4073.209108 0.96212477 0.02903752
4073.243075 0.98983839 0.02890621
4073.277043 0.97035982 0.03054148
4073.311010 0.93485770 0.02505627
4073.344978 1.02504730 0.02660375
4073.378947 0.98347783 0.02195798
4073.412915 1.01934154 0.02598358
4073.446884 0.99272261 0.02802714
4073.480853 0.97431993 0.02486839
4073.514822 0.96401653 0.03303914
4073.548792 0.99126213 0.03019915
4073.582762 0.98179897 0.02765005
4073.616732 0.97993354 0.02661559
4073.650702 0.95586449 0.02633115
4073.684673 0.93696185 0.02838429
4073.718644 0.96463942 0.02825332
4073.752615 0.99958546 0.02971208
4073.786587 0.96137324 0.03293173
4073.820559 0.97585810 0.02516532
4073.854531 1.01855297 0.02746795
4073.888503 1.01893021 0.02720729
4073.922476 1.00940669 0.02937030
4073.956449 0.97205984 0.02788921
4073.990422 1.00116984 0.02973139
4074.024396 1.00298138 0.03061228
4074.058370 1.03090395 0.02387316
4074.092344 1.04178296 0.02849849
4074.126318 0.96804145 0.02815042
4074.160293 0.96278393 0.02597985
4074.194268 1.00979915 0.02744954
4074.228243 1.03385316 0.03151769
4074.262219 1.02864633 0.02432120
4074.296195 1.01822609 0.02877023
4074.330171 0.98108290 0.02783285
4074.364147 0.94218477 0.02626841
4074.398124 0.95339331 0.02687647
4074.432101 0.97965592 0.02874780
4074.466078 0.97382676 0.02572922
4074.500055 0.98066736 0.02651427
4074.534033 0.97851867 0.02781870
4074.568011 0.98743742 0.02724314
4074.601990 0.95207105 0.03105008
4074.635968 1.04446766 0.02685517
4074.669947 0.98265614 0.02755812
4074.703927 0.97064946 0.02484164
4074.737906 0.96365546 0.02836748
4074.771886 0.95220424 0.02633089
4074.805866 0.93078500 0.02973684
4074.839846 0.93509065 0.02843172
4074.873827 0.93025500 0.03026828
4074.907808 0.94788098 0.03117342
4074.941789 0.91041219 0.02887845
4074.975771 0.88157247 0.02806356
4075.009752 0.92942254 0.03001783
4075.043735 0.94851442 0.03084380
4075.077717 0.93914274 0.02529773
4075.111699 0.96725945 0.03171703
4075.145682 0.93588857 0.02640546
4075.179666 0.88968148 0.02693952
4075.213649 0.95079601 0.02956684
4075.247633 0.92251931 0.03238095
4075.281617 0.95463060 0.02835529
4075.315601 0.93523076 0.02618969
4075.349586 0.95253208 0.03027551
4075.383571 0.92853935 0.02614262
4075.417556 0.95051158 0.02700418
4075.451541 0.94829388 0.03027946
4075.485527 0.93269473 0.02718769
4075.519513 0.91734768 0.02692173
4075.553500 0.92446360 0.02456256
4075.587486 0.89432125 0.02924402
4075.621473 0.91960910 0.03011456
4075.655460 0.92169463 0.03001083
4075.689448 0.97932426 0.02323487
4075.723435 0.96432857 0.03026676
4075.757423 0.95552010 0.03033948
4075.791412 0.91929482 0.02741354
4075.825400 0.94241060 0.03216559
4075.859389 0.93319025 0.02578330
4075.893378 0.97679115 0.02865965
4075.927368 0.96780000 0.02606058
4075.961357 0.90738548 0.02701460
4075.995347 0.94535882 0.02629495
4076.029338 0.95735113 0.03093325
4076.063328 0.94416282 0.02808608
4076.097319 0.92483550 0.02963570
4076.131310 0.93994959 0.03088830
4076.165302 0.94410326 0.02821955
4076.199293 0.92809379 0.03029292
4076.233285 0.90477900 0.02965318
4076.267278 0.94818497 0.02813472
4076.301270 0.95153052 0.02648802
4076.335263 0.96464214 0.02417347
4076.369256 0.94805485 0.02778775
4076.403250 0.90369090 0.02780871
4076.437243 0.95601691 0.02986542
4076.471237 0.99468272 0.02390386
4076.505231 0.91576700 0.02950133
4076.539226 0.93665658 0.02812351
4076.573221 0.96695852 0.02654371
4076.607216 0.97092590 0.02932829
4076.641211 0.96067110 0.03017835
4076.675207 0.96418716 0.02865693
4076.709203 0.91411151 0.02568150
4076.743199 0.94434556 0.02722730
4076.777196 0.95193702 0.03015125
4076.811192 0.92541084 0.02783847
4076.845190 0.88807032 0.02834880
4076.879187 0.92469079 0.02935527
4076.913185 0.97573652 0.02801147
4076.947183 0.94132778 0.02967373
4076.981181 0.92892826 0.02690603
4077.015179 0.92281779 0.02978411
4077.049178 0.97117130 0.02998892
4077.083177 1.00252713 0.02904063
4077.117176 0.97152166 0.02903348
4077.151176 0.97910798 0.02702500
4077.185176 1.00662643 0.02454042
4077.219176 0.98993963 0.02749754
4077.253177 1.02613227 0.02844072
4077.287177 0.98018007 0.02529804
4077.321179 0.96453346 0.02698725
4077.355180 1.02404459 0.02863013
4077.389182 0.97904254 0.02926235
4077.423183 0.95820054 0.02585067
4077.457186 0.98229400 0.02677578
4077.491188 0.93853618 0.02897652
4077.525191 0.96908372 0.02951822
4077.559194 1.02001434 0.02838889
4077.593197 0.96183912 0.02800773
4077.627201 0.99648227 0.02989840
4077.661205 0.99502346 0.03165417
4077.695209 0.99869123 0.02569850
4077.729213 1.04035180 0.02852385
4077.763218 1.01109477 0.02836049
4077.797223 1.00336321 0.03227240
4077.831228 0.97808711 0.02607639
4077.865234 0.95070988 0.03090000
4077.899240 0.98999311 0.03155904
4077.933246 1.03075592 0.02669556
4077.967253 1.03970397 0.02482206
4078.001259 1.02650462 0.02796732
4078.035266 0.94590014 0.02816463
4078.069274 0.95062896 0.02761332
4078.103281 0.95355002 0.02471495
4078.137289 0.97703791 0.02965133
4078.171297 0.97062349 0.03056567
4078.205306 0.96197685 0.02984066
4078.239314 0.95821807 0.02675073
4078.273323 0.98994446 0.02732282
4078.307333 0.98258041 0.02532189
4078.341342 0.99337868 0.02912673
4078.375352 0.94704225 0.02674096
4078.409362 0.94094150 0.03123642
4078.443373 0.94299295 0.02663097
4078.477383 0.94223060 0.02918771
4078.511394 0.95091480 0.02863748
4078.545405 0.95369612 0.03050306
4078.579417 0.95837415 0.02835681
4078.613429 0.95244372 0.02832115
4078.647441 0.95565019 0.02816458
4078.681453 0.99347641 0.02870827
4078.715466 1.01071160 0.02892775
4078.749479 1.01076977 0.02318454
4078.783492 0.94888407 0.02571663
4078.817506 0.95090387 0.02857102
4078.851520 0.91878573 0.03127032
4078.885534 0.99650347 0.02499007
4078.919548 1.01749752 0.02513121
4078.953563 1.00602810 0.02900382
4078.987578 0.97778019 0.02990638
4079.021593 0.96275604 0.02763920
4079.055608 0.98220034 0.02843318
4079.089624 0.97114532 0.03169277
4079.123640 0.96381245 0.03039507
4079.157657 0.96348423 0.02837704
4079.191673 0.98717768 0.03098971
4079.225690 0.95417589 0.02741967
4079.259708 0.95760816 0.02766055
4079.293725 0.95978233 0.02789516
4079.327743 0.95403197 0.02703717
4079.361761 0.94517402 0.02742393
4079.395779 0.96569227 0.02978598
4079.429798 0.99178667 0.02859427
4079.463817 1.03376357 0.02737563
4079.497836 0.96557521 0.02409560
4079.531856 1.01307213 0.02636926
4079.565875 0.98051311 0.02602925
4079.599895 0.99889576 0.02382217
4079.633916 1.00000167 0.03003638
4079.667936 1.00988917 0.02975473
4079.701957 1.02386590 0.02848911
4079.735978 0.98867914 0.02922964
4079.770000 0.99518451 0.02901722
4079.804022 0.94235756 0.02586633
4079.838044 0.97946714 0.02638271
4079.872066 0.97003697 0.02930956
4079.906089 0.93981846 0.02981714
4079.940112 0.91228242 0.02940622
4079.974135 0.93061492 0.03118707
4080.008158 0.97712128 0.03177068
4080.042182 1.03041858 0.02812029
4080.076206 0.98068726 0.03028809
4080.110230 0.92798270 0.02813059
4080.144255 0.97462962 0.02686057
4080.178280 1.01376536 0.03014810
4080.212305 0.93878924 0.02902008
4080.246330 0.93195983 0.02944350
4080.280356 0.91946838 0.02777542
4080.314382 0.96009868 0.02365217
4080.348408 0.95467764 0.02761332
4080.382435 0.98993947 0.02432470
4080.416462 0.96420315 0.02703908
4080.450489 1.00740671 0.03054701
4080.484517 0.97699272 0.02923438
4080.518544 0.97988725 0.02889118
4080.552572 0.97745680 0.02639062
4080.586601 0.96014930 0.02648258
4080.620629 0.99040416 0.02681160
4080.654658 1.01164626 0.02595345
4080.688687 1.00527074 0.03155376
4080.722717 0.94526005 0.03110921
4080.756746 0.94809264 0.03125415
4080.790776 0.97070720 0.03188346
4080.824806 0.90341955 0.02633145
4080.858837 0.99229282 0.02962408
4080.892868 0.99389223 0.03060191
4080.926899 0.96727504 0.03283067
4080.960930 0.93211753 0.03048897
4080.994962 0.97282345 0.02896883
4081.028994 0.98566543 0.03065060
4081.063026 0.98311827 0.02717507
4081.097059 0.99678673 0.02902389
4081.131092 1.02618596 0.03335910
4081.165125 1.01148558 0.02823382
4081.199158 0.96850600 0.02576765
4081.233192 0.94409198 0.02732673
4081.267226 0.98687656 0.02953460
4081.301260 1.00351302 0.02466083
4081.335295 0.97232416 0.02673128
4081.369329 0.97445980 0.03137352
4081.403365 1.01294883 0.02884805
4081.437400 0.98547741 0.02989812
4081.471436 0.97249329 0.02978785
4081.505472 0.99929012 0.03054293
4081.539508 1.00463220 0.02975945
4081.573544 0.96684941 0.03073756
4081.607581 1.02843825 0.03089925
4081.641618 1.03383910 0.02750053
4081.675656 0.97476970 0.02555543
4081.709693 0.98414061 0.02610101
4081.743731 0.97841662 0.02853295
4081.777769 1.00528581 0.02554035
4081.811808 1.00941294 0.02757657
4081.845847 0.92435348 0.02770665
4081.879886 0.93731501 0.02714270
4081.913925 0.95197029 0.02722237
4081.947965 0.94526635 0.02899009
4081.982005 0.96776411 0.02510347
4082.016045 1.00488298 0.02793489
4082.050085 1.01762587 0.02792108
4082.084126 1.03584711 0.02406604
4082.118167 1.03428111 0.02333990
4082.152209 1.00602278 0.02544898
4082.186250 1.00012771 0.02781867
4082.220292 1.01633242 0.02721237
4082.254334 1.01770823 0.02550927
4082.288377 0.98770471 0.02716935
4082.322420 1.05092133 0.02764548
4082.356463 0.97815529 0.03148863
4082.390506 1.00249505 0.03150830
4082.424550 0.98302503 0.03176654
4082.458593 0.97038428 0.02671212
4082.492638 0.96648229 0.02860265
4082.526682 0.99011046 0.03133461
4082.560727 0.94921098 0.02729053
4082.594772 0.96881932 0.03056472
4082.628817 0.94075693 0.02776271
4082.662863 0.97516241 0.03097028
4082.696909 0.97471947 0.02718215
4082.730955 0.96039230 0.03188156
4082.765001 0.98827503 0.02490202
4082.799048 0.99872096 0.02948108
4082.833095 0.94441875 0.03209484
4082.867142 0.97541664 0.02639245
4082.901190 0.95656167 0.02804085
4082.935238 0.93077769 0.02958801
4082.969286 0.97235637 0.02408933
4083.003334 0.98406235 0.02546312
4083.037383 0.97541730 0.02681049
4083.071432 0.98085691 0.02819314
4083.105481 0.98112688 0.03028550
4083.139531 0.98433711 0.02921774
4083.173581 1.00688329 0.02967576
4083.207631 0.96524385 0.03026353
4083.241681 0.97836903 0.02772088
4083.275732 0.97554220 0.02749786
4083.309783 0.96105332 0.02895667
4083.343834 0.99815316 0.02943062
4083.377886 0.99972319 0.02863946
4083.411938 1.01000005 0.02753206
4083.445990 0.99642622 0.02686622
4083.480042 1.00868230 0.02696742
4083.514095 0.98307137 0.02884719
4083.548148 0.97354367 0.02759079
4083.582201 1.00405503 0.03123228
4083.616255 1.03025038 0.02973085
4083.650309 1.01873099 0.02493907
4083.684363 0.99893987 0.02638330
4083.718417 1.01743899 0.02779364
4083.752472 0.99031123 0.02872175
4083.786527 1.02643513 0.02833134
4083.820582 0.97650542 0.02809503
4083.854638 0.92447228 0.02693800
4083.888694 0.99286372 0.02852500
4083.922750 0.97956884 0.02515209
4083.956806 1.00107472 0.02958395
4083.990863 0.92933362 0.02959200
4084.024920 0.93300858 0.03039488
4084.058977 0.91542314 0.02449793
4084.093034 1.02371423 0.03080330
4084.127092 1.00071532 0.02617397
4084.161150 1.03099801 0.02706588
4084.195209 0.96898833 0.02795718
4084.229267 0.95938673 0.02937255
4084.263326 0.99839291 0.02580177
4084.297386 0.94932461 0.02999187
4084.331445 0.95428133 0.02757084
4084.365505 0.93466204 0.02687087
4084.399565 0.96969351 0.02552349
4084.433625 0.99796562 0.02643258
4084.467686 0.95787633 0.03167439
4084.501747 0.89937060 0.02613282
4084.535808 0.90061616 0.02650734
4084.569870 0.93992403 0.03162888
4084.603931 0.92441768 0.02861504
4084.637993 0.95626053 0.02984876
4084.672056 1.00898745 0.02763667
4084.706118 0.92496001 0.02748891
4084.740181 0.91915007 0.02751660
4084.774245 0.90960285 0.02480488
4084.808308 0.95046790 0.02711176
4084.842372 0.95306484 0.02668373
4084.876436 0.88635500 0.02926459
4084.910500 0.91109601 0.02851073
4084.944565 0.96181189 0.02805774
4084.978630 0.94141119 0.02854549
4085.012695 0.94733851 0.03224485
4085.046761 0.94424866 0.02850719
4085.080826 0.94210671 0.03112677
4085.114892 0.96422392 0.02907831
4085.148959 0.92476836 0.02833023
4085.183025 0.96237929 0.02741745
4085.217092 0.94526125 0.02732983
4085.251159 0.93453182 0.03366463
4085.285227 0.93148261 0.02976010
4085.319295 0.94251319 0.02676851
4085.353363 0.91218954 0.02767891
4085.387431 0.90080390 0.02747041
4085.421500 0.94588729 0.02863923
4085.455568 0.97353066 0.03001755
4085.489638 0.93111852 0.02733934
4085.523707 1.00313177 0.02978234
4085.557777 1.00933852 0.02694706
4085.591847 0.96633718 0.02777942
4085.625917 0.94790909 0.02536087
4085.659988 0.99318192 0.02837052
4085.694059 0.94640500 0.02843047
4085.728130 0.99057873 0.02863711
4085.762201 0.99420621 0.03000280
4085.796273 0.98368953 0.02776156
4085.830345 0.99830293 0.03076057
4085.864417 0.95119964 0.02772241
4085.898490 0.99083635 0.02984845
4085.932563 0.96726855 0.02792504
4085.966636 0.97255602 0.03133106
4086.000709 0.99401053 0.02763277
4086.034783 0.94165908 0.02731564
4086.068857 0.90161949 0.02992120
4086.102931 0.99156012 0.02605251
4086.137006 0.94410688 0.02875092
4086.171081 0.95253578 0.03010431
4086.205156 0.98366417 0.02801448
4086.239231 0.98812365 0.02828060
4086.273307 0.96924862 0.03121246
4086.307383 0.94237475 0.02842676
4086.341459 0.93660592 0.02900879
4086.375536 0.97047545 0.02791812
4086.409613 0.96807710 0.02943581
4086.443690 0.99500078 0.03201024
4086.477767 0.96722545 0.02666227
4086.511845 0.99276658 0.02980489
4086.545923 0.92019655 0.02949679
4086.580001 0.92278010 0.02884253
4086.614080 0.97407344 0.02876308
4086.648159 1.01306045 0.02662794
4086.682238 0.93731338 0.02985949
4086.716317 0.94411421 0.03060316
4086.750397 0.95689283 0.02920651
4086.784477 0.96628843 0.02704452
4086.818557 0.96496394 0.02680509
4086.852638 0.98516120 0.02521138
4086.886718 0.99959425 0.02855864
4086.920800 0.99973864 0.02880139
4086.954881 0.97156626 0.02806126
4086.988963 0.98203008 0.03073673
4087.023045 0.93236564 0.03058033
4087.057127 1.01308608 0.03433356
4087.091209 0.97474850 0.02919045
4087.125292 0.92561010 0.02585625
4087.159375 0.97699672 0.02481047
4087.193459 1.00128162 0.02728904
4087.227542 0.92956405 0.02664403
4087.261626 0.94624508 0.02736045
4087.295710 0.95086383 0.02927092
4087.329795 0.97461870 0.03180495
4087.363880 0.92786379 0.02944857
4087.397965 0.93715538 0.02862418
4087.432050 0.96389399 0.02730669
4087.466136 0.95553041 0.02945145
4087.500222 0.99591238 0.02713886
4087.534308 0.97151087 0.02842086
4087.568395 0.98045324 0.03094734
4087.602481 0.97869388 0.03092294
4087.636568 0.98958050 0.02659122
4087.670656 0.93821559 0.02763034
4087.704743 0.98588265 0.02658173
4087.738831 1.00804756 0.02758810
4087.772920 0.93568331 0.03148176
4087.807008 0.92381579 0.03138418
4087.841097 0.93819813 0.02769981
4087.875186 0.96244823 0.02778793
4087.909275 0.98105975 0.02629293
4087.943365 0.92795215 0.02832270
4087.977455 0.96935270 0.02769764
4088.011545 0.96694754 0.03067783
4088.045636 0.92401046 0.02764614
4088.079726 0.92650693 0.03328128
4088.113817 0.93400358 0.02883008
4088.147909 0.95676813 0.02756951
4088.182000 0.96595044 0.02630355
4088.216092 0.95537631 0.03127579
4088.250184 0.99677976 0.03113472
4088.284277 0.93569807 0.03177350
4088.318370 0.90974334 0.02765825
4088.352463 0.96947155 0.02990696
4088.386556 0.96905323 0.03115356
4088.420650 0.95098408 0.02665286
4088.454744 0.97575016 0.02923727
4088.488838 0.97706798 0.02727685
4088.522932 0.92707134 0.02499250
4088.557027 0.95898618 0.02864104
4088.591122 0.93198874 0.02861720
4088.625217 0.95366321 0.03096015
4088.659313 0.95772335 0.02765397
4088.693409 0.91110157 0.03107335
4088.727505 0.93778066 0.02994186
4088.761602 0.92709879 0.02718619
4088.795698 0.91986202 0.02522318
4088.829795 0.90379257 0.03057409
4088.863893 0.98323024 0.02917576
4088.897990 0.90982001 0.02756033
4088.932088 0.90004807 0.03108199
4088.966186 0.97777030 0.02973257
4089.000285 0.98644771 0.02953819
4089.034383 0.96036109 0.03267369
4089.068482 0.97922203 0.03059333
4089.102582 0.93405491 0.02965136
4089.136681 0.92040474 0.02788417
4089.170781 0.92924893 0.03194769
4089.204881 0.96707093 0.03237450
4089.238982 0.93759540 0.02817957
4089.273083 0.92607685 0.02683562
4089.307184 0.93203983 0.02622460
4089.341285 0.94919522 0.02999431
4089.375386 0.90118260 0.02967088
4089.409488 0.98555578 0.02847921
4089.443590 0.95378689 0.02880667
4089.477693 0.89653129 0.03239606
4089.511796 0.94928970 0.03014153
4089.545899 0.92455797 0.03279725
4089.580002 0.95616203 0.02656249
4089.614105 0.98626217 0.02924849
4089.648209 0.92199294 0.02964127
4089.682313 0.93166778 0.02630977
4089.716418 0.94429455 0.03023437
4089.750523 0.91841778 0.02672070
4089.784628 0.90181590 0.02793252
4089.818733 0.93696621 0.03144205
4089.852838 0.96694239 0.02511555
4089.886944 0.94394092 0.02822293
4089.921050 0.95703235 0.02628340
4089.955157 0.95804644 0.02701115
4089.989263 1.00756292 0.02708252
4090.023370 0.99170271 0.02851939
4090.057478 0.92827972 0.02710132
4090.091585 0.94342245 0.02752011
4090.125693 0.92397564 0.03060891
4090.159801 0.98864909 0.02779602
4090.193910 0.93538299 0.02929287
4090.228018 0.92666703 0.02428783
4090.262127 0.97310695 0.02959967
4090.296237 0.94329117 0.02817203
4090.330346 0.92274286 0.02587396
4090.364456 0.97284934 0.02870750
4090.398566 0.94895766 0.03033899
4090.432676 0.88615533 0.03076669
4090.466787 0.94007968 0.02738397
4090.500898 0.91963453 0.02921923
4090.535009 0.89901661 0.03044246
4090.569121 0.89714033 0.03058225
4090.603233 0.90803447 0.02909332
4090.637345 0.90339337 0.03135201
4090.671457 0.93058416 0.02756739
4090.705570 0.91154138 0.03038363
4090.739683 0.94621074 0.03169348
4090.773796 0.91342396 0.03117908
4090.807910 0.94039991 0.02616844
4090.842023 0.94010054 0.02829064
4090.876137 0.96535299 0.03011753
4090.910252 0.97545605 0.02759449
4090.944366 0.94565416 0.02575330
4090.978481 0.94500857 0.02974438
4091.012597 1.01411011 0.02480515
4091.046712 0.96920720 0.02839883
4091.080828 0.92432041 0.02888397
4091.114944 0.91681394 0.02949088
4091.149060 0.94384869 0.02783792
4091.183177 0.95466028 0.02977633
4091.217294 0.93312834 0.02691426
4091.251411 0.93566911 0.02311744
4091.285529 0.92348190 0.03110068
4091.319646 0.95277544 0.02968910
4091.353765 0.99223637 0.02595797
4091.387883 0.94446265 0.02761358
4091.422002 0.93679818 0.02907398
4091.456121 0.93425120 0.03018007
4091.490240 0.95560384 0.03221461
4091.524359 0.91652316 0.03141716
4091.558479 0.90563010 0.02804072
4091.592599 0.92285697 0.02891133
4091.626719 0.93758678 0.02969268
4091.660840 0.92775718 0.02834296
4091.694961 0.93135578 0.02761618
4091.729082 0.93668360 0.02904140
4091.763204 0.93155587 0.02860342
4091.797325 0.91365948 0.02985067
4091.831448 0.92735512 0.02813613
4091.865570 0.89161944 0.02919181
4091.899692 0.90740907 0.02733233
4091.933815 0.88607958 0.02761106
4091.967939 0.94058593 0.02633145
4092.002062 0.94682733 0.02950306
4092.036186 0.92836695 0.03011566
4092.070310 0.90600745 0.02957206
4092.104434 0.90824382 0.02757598
4092.138559 0.91336034 0.02782714
4092.172684 0.93227584 0.02975343
4092.206809 0.87703170 0.02689169
4092.240934 0.93320041 0.02906659
4092.275060 0.97443630 0.02608128
4092.309186 0.93175529 0.03162785
4092.343313 0.96182176 0.02735064
4092.377439 0.90337987 0.03051278
4092.411566 0.93650381 0.03381389
4092.445693 0.88373895 0.03179489
4092.479821 0.89656930 0.02863288
4092.513948 0.90140960 0.02972504
4092.548076 0.89492527 0.02483417
4092.582205 0.89637501 0.02955196
4092.616333 0.90465488 0.02963916
4092.650462 0.90324392 0.03011182
4092.684591 0.92033043 0.02808089
4092.718721 0.86142435 0.03124355
4092.752851 0.85504758 0.03047175
4092.786981 0.87698585 0.02465175
4092.821111 0.89089850 0.02701690
4092.855242 0.89345665 0.02800079
4092.889372 0.89539806 0.02940026
4092.923504 0.88504920 0.03408878
4092.957635 0.90442025 0.02612443
4092.991767 0.90412797 0.03163540
4093.025899 0.96269601 0.02544039
4093.060031 0.95984726 0.02986838
4093.094164 0.84555304 0.03232714
4093.128297 0.90930960 0.02978009
4093.162430 0.91412784 0.02813105
4093.196563 0.95477904 0.03003502
4093.230697 0.92827132 0.02636562
4093.264831 0.93690189 0.03288850
4093.298965 0.89737618 0.03093819
4093.333100 0.89027311 0.02726717
4093.367235 0.86598067 0.02891968
4093.401370 0.89898088 0.02510510
4093.435505 0.90955550 0.02916516
4093.469641 0.88193462 0.02703421
4093.503777 0.88647592 0.02721318
4093.537913 0.87653257 0.03267470
4093.572050 0.89263861 0.02866623
4093.606187 0.89194984 0.02524358
4093.640324 0.89086901 0.02766377
4093.674461 0.89993966 0.02965555
4093.708599 0.92813349 0.02917906
4093.742737 0.93627467 0.02757317
4093.776875 0.89732209 0.02758914
4093.811014 0.91057512 0.03047061
4093.845153 0.93162168 0.02882707
4093.879292 0.88048914 0.02624697
4093.913431 0.91058648 0.02602058
4093.947571 0.93462205 0.02646483
4093.981711 0.87059372 0.02581606
4094.015851 0.86187200 0.02590375
4094.049992 0.86840463 0.02609141
4094.084133 0.89725308 0.02937898
4094.118274 0.90363889 0.02993561
4094.152415 0.88491611 0.03234401
4094.186557 0.86780875 0.02633932
4094.220699 0.84599903 0.02875326
4094.254841 0.86363726 0.02878426
4094.288984 0.92378055 0.02735005
4094.323127 0.87849863 0.03022541
4094.357270 0.84553442 0.02536914
4094.391413 0.92710094 0.02675223
4094.425557 0.84060176 0.02835117
4094.459701 0.83512307 0.02880075
4094.493845 0.87380351 0.03124954
4094.527990 0.89048237 0.02628276
4094.562134 0.87286664 0.02520015
4094.596279 0.88489131 0.02800833
4094.630425 0.85337167 0.02874103
4094.664571 0.88428887 0.02872579
4094.698717 0.87036432 0.02810994
4094.732863 0.89483957 0.02953888
4094.767009 0.91606363 0.02803005
4094.801156 0.87809007 0.03030567
4094.835303 0.85451048 0.03328401
4094.869451 0.81544472 0.03014993
4094.903598 0.86604562 0.02860179
4094.937746 0.91143161 0.03011363
4094.971895 0.89785710 0.02813818
4095.006043 0.87694808 0.02688047
4095.040192 0.87208697 0.02689660
4095.074341 0.92057636 0.02864252
4095.108490 0.90996335 0.03130867
4095.142640 0.89690959 0.03139371
4095.176790 0.90448691 0.02799359
4095.210940 0.87548439 0.02413237
4095.245091 0.87112046 0.02796204
4095.279242 0.84850481 0.02791498
4095.313393 0.85620033 0.02652329
4095.347544 0.90223009 0.02618001
4095.381696 0.86919714 0.02460926
4095.415848 0.85739279 0.02920933
4095.450000 0.79752417 0.02304955
4095.484152 0.84333448 0.02332441
4095.518305 0.85431648 0.02566520
4095.552458 0.86370191 0.03135244
4095.586612 0.86362657 0.03053210
4095.620765 0.86154176 0.02808396
4095.654919 0.83827968 0.02650427
4095.689074 0.85115504 0.02838116
4095.723228 0.87252785 0.02758296
4095.757383 0.88919406 0.02697714
4095.791538 0.84792484 0.03124009
4095.825693 0.83439900 0.03149971
4095.859849 0.83150231 0.02935794
4095.894005 0.85370925 0.02771211
4095.928161 0.85857493 0.02595269
4095.962318 0.83496215 0.02474287
4095.996474 0.81679189 0.02826780
4096.030631 0.80467416 0.02747736
4096.064789 0.85161943 0.03172879
4096.098946 0.82362609 0.02868721
4096.133104 0.88312678 0.02805751
4096.167263 0.88289598 0.02889170
4096.201421 0.82679825 0.03139790
4096.235580 0.81907758 0.02923527
4096.269739 0.78237002 0.02869305
4096.303898 0.82423247 0.03222424
4096.338058 0.84159815 0.02638674
4096.372218 0.85826112 0.02833869
4096.406378 0.81876159 0.03344420
4096.440539 0.83055337 0.02978032
4096.474699 0.82958694 0.02870835
4096.508860 0.83825267 0.02559063
4096.543022 0.79273416 0.03135100
4096.577183 0.76362217 0.02649801
4096.611345 0.80584496 0.02708463
4096.645508 0.84445341 0.03037271
4096.679670 0.79680396 0.02762619
4096.713833 0.81680914 0.03072146
4096.747996 0.80683389 0.02704377
4096.782159 0.79706931 0.02720329
4096.816323 0.83660488 0.02832290
4096.850487 0.82499498 0.02754022
4096.884651 0.80543809 0.03107934
4096.918815 0.75503330 0.03159978
4096.952980 0.76809039 0.03009648
4096.987145 0.77482658 0.02930919
4097.021311 0.82581767 0.02851396
4097.055476 0.78984138 0.02464306
4097.089642 0.82028816 0.02720391
4097.123808 0.83886008 0.02956116
4097.157975 0.78896764 0.02657178
4097.192142 0.77379659 0.02600517
4097.226309 0.75563583 0.03002604
4097.260476 0.81597726 0.03003418
4097.294644 0.80210163 0.03148125
4097.328811 0.77478307 0.03310101
4097.362980 0.80281237 0.02639431
4097.397148 0.81320740 0.02704244
4097.431317 0.80547030 0.02641342
4097.465486 0.79348756 0.02828261
4097.499655 0.80990350 0.03229941
4097.533825 0.76388342 0.02993783
4097.567995 0.76523023 0.03125931
4097.602165 0.75276503 0.02648747
4097.636335 0.75693607 0.02699508
4097.670506 0.73617143 0.02869343
4097.704677 0.77102887 0.02836299
4097.738849 0.79050085 0.02912775
4097.773020 0.74281805 0.02720879
4097.807192 0.74987869 0.02657567
4097.841364 0.79513595 0.03237043
4097.875537 0.80509981 0.02991115
4097.909709 0.77053421 0.02993722
4097.943882 0.72909667 0.03114399
4097.978056 0.75950721 0.02783203
4098.012229 0.74489639 0.02966718
4098.046403 0.73299813 0.02962890
4098.080577 0.74550048 0.03079841
4098.114752 0.79594754 0.02616637
4098.148927 0.72963871 0.03064847
4098.183102 0.81083661 0.02677377
4098.217277 0.75714279 0.02849330
4098.251453 0.79307316 0.02785129
4098.285628 0.73437541 0.02984856
4098.319805 0.75930286 0.02716623
4098.353981 0.78156150 0.02809473
4098.388158 0.70512671 0.03110466
4098.422335 0.70873296 0.03071312
4098.456512 0.75384487 0.02926028
4098.490690 0.69904289 0.03043324
4098.524868 0.72216761 0.02922860
4098.559046 0.72442925 0.02517266
4098.593224 0.71650468 0.02648301
4098.627403 0.71008193 0.02736319
4098.661582 0.71604116 0.02852858
4098.695761 0.73065179 0.02709296
4098.729941 0.71156482 0.02808725
4098.764121 0.69180866 0.02865839
4098.798301 0.72353618 0.02877729
4098.832481 0.74090646 0.02686923
4098.866662 0.70046996 0.02720557
4098.900843 0.68251575 0.03196683
4098.935024 0.75601670 0.02591837
4098.969206 0.67372251 0.03114876
4099.003388 0.68973260 0.02871228
4099.037570 0.69389198 0.02816970
4099.071752 0.72934482 0.03207910
4099.105935 0.74220401 0.02972743
4099.140118 0.74089747 0.02699808
4099.174301 0.72391514 0.02740468
4099.208485 0.62481972 0.03080253
4099.242669 0.62242808 0.02664114
4099.276853 0.63509807 0.02637848
4099.311037 0.67318237 0.02667126
4099.345222 0.71604575 0.02994671
4099.379407 0.71640763 0.02731585
4099.413592 0.67519345 0.03121211
4099.447778 0.65710928 0.02832981
4099.481964 0.65381357 0.03014971
4099.516150 0.67920327 0.03032704
4099.550336 0.66381510 0.02819681
4099.584523 0.64702462 0.02997429
4099.618710 0.65027381 0.02838848
4099.652897 0.66180487 0.02545516
4099.687085 0.64162392 0.02908679
4099.721273 0.66961288 0.02773567
4099.755461 0.63678062 0.02824621
4099.789649 0.61610867 0.02875919
4099.823838 0.62874404 0.02981698
4099.858027 0.61284456 0.02826844
4099.892216 0.62047110 0.02858909
4099.926406 0.60238207 0.03271771
4099.960596 0.60038289 0.03040720
4099.994786 0.58428345 0.02972496
4100.028976 0.61355488 0.02984557
4100.063167 0.59737248 0.02986990
4100.097358 0.65665859 0.03071311
4100.131549 0.65999568 0.02768193
4100.165741 0.62832019 0.03058088
4100.199933 0.56922826 0.03102344
4100.234125 0.60288290 0.03050197
4100.268317 0.61062979 0.02805456
4100.302510 0.61956724 0.02594400
4100.336703 0.58754510 0.02925146
4100.370896 0.63767599 0.03202605
4100.405090 0.60885028 0.02638232
4100.439284 0.60867689 0.02634018
4100.473478 0.58865613 0.02390247
4100.507672 0.54320915 0.02739632
4100.541867 0.54508137 0.02811385
4100.576062 0.54647651 0.02734570
4100.610257 0.57793241 0.02974529
4100.644453 0.57086245 0.03212255
4100.678648 0.55790227 0.02610378
4100.712845 0.55507260 0.02773925
4100.747041 0.52207196 0.02851903
4100.781238 0.53087138 0.02895799
4100.815435 0.57789134 0.03091432
4100.849632 0.59540392 0.03224452
4100.883829 0.57506310 0.02978846
4100.918027 0.49800469 0.02852922
4100.952225 0.50065772 0.02813350
4100.986424 0.48168873 0.02740742
4101.020622 0.52956275 0.03163182
4101.054821 0.53842568 0.02971497
4101.089021 0.49160229 0.03212611
4101.123220 0.47402303 0.02950068
4101.157420 0.49163310 0.02824814
4101.191620 0.48672825 0.02956298
4101.225821 0.54864187 0.02948216
4101.260021 0.53405921 0.02961304
4101.294222 0.55882535 0.02581961
4101.328424 0.52676183 0.02936133
4101.362625 0.50765464 0.02693096
4101.396827 0.49234516 0.02651565
4101.431029 0.54229226 0.02839757
4101.465231 0.49835986 0.02641109
4101.499434 0.49615971 0.03029739
4101.533637 0.48302610 0.02794984
4101.567840 0.47419476 0.02917211
4101.602044 0.50582457 0.02767441
4101.636248 0.52426409 0.03023275
4101.670452 0.46852941 0.02632713
4101.704656 0.53353050 0.02799049
4101.738861 0.52100419 0.02783599
4101.773066 0.46943761 0.02809176
4101.807271 0.49792246 0.02911020
4101.841477 0.45392960 0.02731044
4101.875682 0.48774663 0.02463009
4101.909888 0.46521121 0.02633444
4101.944095 0.53243143 0.02949737
4101.978302 0.46524337 0.02887736
4102.012509 0.55632848 0.03293564
4102.046716 0.53614524 0.03059116
4102.080923 0.51599483 0.02822828
4102.115131 0.53082888 0.02671554
4102.149339 0.54657041 0.02522897
4102.183548 0.48594161 0.02743691
4102.217756 0.49244274 0.02233995
4102.251965 0.51036084 0.02608463
4102.286174 0.53370104 0.02961212
4102.320384 0.53325794 0.02743344
4102.354594 0.53208216 0.02650042
4102.388804 0.56293852 0.02804174
4102.423014 0.50535660 0.02839829
4102.457225 0.48376584 0.02829319
4102.491436 0.51664287 0.03039797
4102.525647 0.56854939 0.02772450
4102.559859 0.57149822 0.02785040
4102.594070 0.59703118 0.03059958
4102.628283 0.60625346 0.03062828
4102.662495 0.52244153 0.02876642
4102.696708 0.57123735 0.02657635
4102.730921 0.55091825 0.02936724
4102.765134 0.55663207 0.03030202
4102.799347 0.54675183 0.02807967
4102.833561 0.59170967 0.02561610
4102.867775 0.58301611 0.02852445
4102.901990 0.58294753 0.02982904
4102.936204 0.54340427 0.03110254
4102.970419 0.62657679 0.02796790
4103.004634 0.56563002 0.02992696
4103.038850 0.54639043 0.02738233
4103.073066 0.54840440 0.02916984
4103.107282 0.57646353 0.02598023
4103.141498 0.57840871 0.02833467
4103.175715 0.55021107 0.02651301
4103.209932 0.60429776 0.02730874
4103.244149 0.62440497 0.03159619
4103.278367 0.56509581 0.03006345
4103.312584 0.66313008 0.03019407
4103.346802 0.58291232 0.02791234
4103.381021 0.62971305 0.02854277
4103.415239 0.64885506 0.02494647
4103.449458 0.61909442 0.02980468
4103.483678 0.59111385 0.02452441
4103.517897 0.61012368 0.03013757
4103.552117 0.64849655 0.03252938
4103.586337 0.61965018 0.02994812
4103.620557 0.61224030 0.02922305
4103.654778 0.64408232 0.02844593
4103.688999 0.63185716 0.02768382
4103.723220 0.64508105 0.02861625
4103.757442 0.65863573 0.02758905
4103.791664 0.64926176 0.02972802
4103.825886 0.63690021 0.02803649
4103.860108 0.70345639 0.02820557
4103.894331 0.66080707 0.02891132
4103.928554 0.67463867 0.03201054
4103.962777 0.70883218 0.02714883
4103.997000 0.66722393 0.02713573
4104.031224 0.61716431 0.03035253
4104.065448 0.65860768 0.02576751
4104.099673 0.66610266 0.02463016
4104.133897 0.66684735 0.02624529
4104.168122 0.63919379 0.02901630
4104.202347 0.67663336 0.02851032
4104.236573 0.64587774 0.02936343
4104.270799 0.64889451 0.02834095
4104.305025 0.67616897 0.02437662
4104.339251 0.72640451 0.03058074
4104.373478 0.70520083 0.03034896
4104.407705 0.71774825 0.03116468
4104.441932 0.69305150 0.02993991
4104.476159 0.66668153 0.02898539
4104.510387 0.66080872 0.03164779
4104.544615 0.68624174 0.02801253
4104.578844 0.75018111 0.02646877
4104.613072 0.74428429 0.02669946
4104.647301 0.73623488 0.02662571
4104.681530 0.70113534 0.03002502
4104.715760 0.72269572 0.03266212
4104.749990 0.70487059 0.02804655
4104.784220 0.67324185 0.02820803
4104.818450 0.68767329 0.02719168
4104.852681 0.70296057 0.02876372
4104.886912 0.71233741 0.03387336
4104.921143 0.74829061 0.03016462
4104.955374 0.77463086 0.02851147
4104.989606 0.71638162 0.02663290
4105.023838 0.72929900 0.03000335
4105.058071 0.73650524 0.02669650
4105.092303 0.76640479 0.02853750
4105.126536 0.75674331 0.03196267
4105.160769 0.77367006 0.02650032
4105.195003 0.77121496 0.02716437
4105.229237 0.75507995 0.03204788
4105.263471 0.75952289 0.03013499
4105.297705 0.76036707 0.03403576
4105.331940 0.72682010 0.02789806
4105.366175 0.73175223 0.02741322
4105.400410 0.77969506 0.03237685
4105.434645 0.76361765 0.03256024
4105.468881 0.74019079 0.02894872
4105.503117 0.75991688 0.02635224
4105.537354 0.71349169 0.02861524
4105.571590 0.72891040 0.02761678
4105.605827 0.74461873 0.02620309
4105.640064 0.77490293 0.02634392
4105.674302 0.75550963 0.02913700
4105.708540 0.74813296 0.03000792
4105.742778 0.72430140 0.02895527
4105.777016 0.77249448 0.03056269
4105.811255 0.80079226 0.02649761
4105.845494 0.78965250 0.02941792
4105.879733 0.75024960 0.02288236
4105.913972 0.74872492 0.02503134
4105.948212 0.78592842 0.02930579
4105.982452 0.73052245 0.02863196
4106.016693 0.79690448 0.02732832
4106.050933 0.82684113 0.02921783
4106.085174 0.81745013 0.02707280
4106.119415 0.79107110 0.02797446
4106.153657 0.75580922 0.02409033
4106.187899 0.75647049 0.03082782
4106.222141 0.79822079 0.03032659
4106.256383 0.78945244 0.02805987
4106.290626 0.79682641 0.03026873
4106.324869 0.77809533 0.02933588
4106.359112 0.82141650 0.02762769
4106.393355 0.84066165 0.03091166
4106.427599 0.86574671 0.02704508
4106.461843 0.84058314 0.03034330
4106.496087 0.79521922 0.02597157
4106.530332 0.80444959 0.02747310
4106.564577 0.80662273 0.02957433
4106.598822 0.83442128 0.02827662
4106.633068 0.87583901 0.02669058
4106.667313 0.83162612 0.02740741
4106.701560 0.87232247 0.02849396
4106.735806 0.85617321 0.02828035
4106.770053 0.87013660 0.02587861
4106.804299 0.85306747 0.02924553
4106.838547 0.79672181 0.02725784
4106.872794 0.81375067 0.02655829
4106.907042 0.82819810 0.02743038
4106.941290 0.84258984 0.02921661
4106.975538 0.84875199 0.02824630
4107.009787 0.89801763 0.03196012
4107.044036 0.82388088 0.03305124
4107.078285 0.84276761 0.03271100
4107.112535 0.84985082 0.02802113
4107.146784 0.84495824 0.02786282
4107.181034 0.82859395 0.02437411
4107.215285 0.80926899 0.02665684
4107.249535 0.86489414 0.02721408
4107.283786 0.79524667 0.02637175
4107.318037 0.80432961 0.02747816
4107.352289 0.83550496 0.03354195
4107.386541 0.88439360 0.03065987
4107.420793 0.84183346 0.02846479
4107.455045 0.80641103 0.02822946
4107.489298 0.84913177 0.02924157
4107.523551 0.87308440 0.02942270
4107.557804 0.86397223 0.03011896
4107.592057 0.85512601 0.02808564
4107.626311 0.87765831 0.02752689
4107.660565 0.86143881 0.02821849
4107.694820 0.87497110 0.03295873
4107.729074 0.89144938 0.03187248
4107.763329 0.87259367 0.02764693
4107.797584 0.86778756 0.03033696
4107.831840 0.87540115 0.02740680
4107.866096 0.89853277 0.02811317
4107.900352 0.88628774 0.02769623
4107.934608 0.89265876 0.02871719
4107.968865 0.87053920 0.03039040
4108.003122 0.83974059 0.02489135
4108.037379 0.86718589 0.02750925
4108.071636 0.88750579 0.02696482
4108.105894 0.88005895 0.02939531
4108.140152 0.88443713 0.02847560
4108.174410 0.86495203 0.02392294
4108.208669 0.90075673 0.02895515
4108.242928 0.87483386 0.03029718
4108.277187 0.87705133 0.02685217
4108.311447 0.87045546 0.02803582
4108.345706 0.86881976 0.02810958
4108.379966 0.87386116 0.02768066
4108.414227 0.88100805 0.02773272
4108.448487 0.86912336 0.02756777
4108.482748 0.85728471 0.02988960
4108.517010 0.84827759 0.03017585
4108.551271 0.86897506 0.02705552
4108.585533 0.83249045 0.02675601
4108.619795 0.90343763 0.02962091
4108.654057 0.87971860 0.02688987
4108.688320 0.90272746 0.02338218
4108.722583 0.90699931 0.02979574
4108.756846 0.91459012 0.02703719
4108.791109 0.90622021 0.02895241
4108.825373 0.87501979 0.02872948
4108.859637 0.88487216 0.02519136
4108.893902 0.86859798 0.02562836
4108.928166 0.86850333 0.02819453
4108.962431 0.85636673 0.02602554
4108.996696 0.87086083 0.02850040
4109.030962 0.88288107 0.03357492
4109.065228 0.89951452 0.03265233
4109.099494 0.93195302 0.02831670
4109.133760 0.89719006 0.02646262
4109.168027 0.87337342 0.03103894
4109.202294 0.91197575 0.02834552
4109.236561 0.86450872 0.02793807
4109.270828 0.90908159 0.02857308
4109.305096 0.90247214 0.03144068
4109.339364 0.91860864 0.02585165
4109.373632 0.94244852 0.02796204
4109.407901 0.91806397 0.02563339
4109.442170 0.93618259 0.02689456
4109.476439 0.89230801 0.03169358
4109.510709 0.91653907 0.02804738
4109.544978 0.90440280 0.02695347
4109.579249 0.90775966 0.02853355
4109.613519 0.93057127 0.03068956
4109.647789 0.90819456 0.03012926
4109.682060 0.88819570 0.02671828
4109.716332 0.90212929 0.02680618
4109.750603 0.90033489 0.02650271
4109.784875 0.90581551 0.02854879
4109.819147 0.90841701 0.02602369
4109.853419 0.89287982 0.02695076
4109.887692 0.91069258 0.02774054
4109.921965 0.87654239 0.03185418
4109.956238 0.92242402 0.02982161
4109.990512 0.88387743 0.02782167
4110.024785 0.89724800 0.02493214
4110.059059 0.93315578 0.02396247
4110.093334 0.91386346 0.02830811
4110.127608 0.93797397 0.02518170
4110.161883 0.91926598 0.02581407
4110.196158 0.90436334 0.02628538
4110.230434 0.90342959 0.02861227
4110.264710 0.93919555 0.02822938
4110.298986 0.93744866 0.02776300
4110.333262 0.92812875 0.02882898
4110.367539 0.90489503 0.02696256
4110.401816 0.92279026 0.02957006
4110.436093 0.92596554 0.02539034
4110.470370 0.93259432 0.02839893
4110.504648 0.91833216 0.02740479
4110.538926 0.93365426 0.02328983
4110.573205 0.93273092 0.03109783
4110.607483 0.91212532 0.03134003
4110.641762 0.88711824 0.03065521
4110.676041 0.90188499 0.03242915
4110.710321 0.93114623 0.03177745
4110.744601 0.93320690 0.02903871
4110.778881 1.01984876 0.03057054
4110.813161 0.96846804 0.02949162
4110.847442 0.92846513 0.02583788
4110.881723 0.94019289 0.02818034
4110.916004 0.95825784 0.02838861
4110.950285 0.93393230 0.02791958
4110.984567 0.93398800 0.02800879
4111.018849 0.93412229 0.02695518
4111.053131 0.96490594 0.02829838
4111.087414 0.89392690 0.02786312
4111.121697 0.94396277 0.03133294
4111.155980 0.93497203 0.02804693
4111.190264 0.92813526 0.02757511
4111.224547 0.90681587 0.02275797
4111.258832 0.92268620 0.02575903
4111.293116 0.95597312 0.02539186
4111.327401 0.91267783 0.02859910
4111.361685 0.95425558 0.02987746
4111.395971 0.94841505 0.03206181
4111.430256 0.98057927 0.02916380
4111.464542 0.94938436 0.02667977
4111.498828 0.98101059 0.02556135
4111.533114 0.95001161 0.02654942
4111.567401 0.93948535 0.02943981
4111.601688 0.91442767 0.02966457
4111.635975 0.90627059 0.02748285
4111.670263 0.94668588 0.02526916
4111.704550 0.99367674 0.02826053
4111.738838 0.95596178 0.03041349
4111.773127 0.92222944 0.03018622
4111.807415 0.91894999 0.03281306
4111.841704 0.97665882 0.02755315
4111.875994 0.94560939 0.02823506
4111.910283 0.93172656 0.02673941
4111.944573 0.92159675 0.02593486
4111.978863 0.91150665 0.02867746
4112.013153 0.93118468 0.02692856
4112.047444 0.97456544 0.02863895
4112.081735 0.97572666 0.02706506
4112.116026 0.96683307 0.03088095
4112.150318 0.93850821 0.02925979
4112.184609 0.91602826 0.03161239
4112.218901 0.92174470 0.02985140
4112.253194 0.91996040 0.02805101
4112.287486 0.94834012 0.02911296
4112.321779 0.91940236 0.02832241
4112.356073 0.97036597 0.03178969
4112.390366 0.96568379 0.02591977
4112.424660 0.92271120 0.02952284
4112.458954 0.95664326 0.02552975
4112.493248 0.94876599 0.02947625
4112.527543 0.96827226 0.02824430
4112.561838 0.94993241 0.02722902
4112.596133 0.95857152 0.02618706
4112.630429 0.97288466 0.03014850
4112.664724 0.98099886 0.02975169
4112.699020 0.99484115 0.02602776
4112.733317 0.98797716 0.02583995
4112.767613 0.95772584 0.02972261
4112.801910 0.96866176 0.03100941
4112.836208 0.94223932 0.02804348
4112.870505 0.92312566 0.02695834
4112.904803 0.97240766 0.02908175
4112.939101 0.93876395 0.02621827
4112.973399 0.96654763 0.02972741
4113.007698 0.97642468 0.02578035
4113.041997 0.92506095 0.02687376
4113.076296 0.94900382 0.02710273
4113.110596 0.91636224 0.02966921
4113.144895 0.99384775 0.02543160
4113.179196 0.94622582 0.02666189
4113.213496 0.97593253 0.02456533
4113.247797 0.98770360 0.02607340
4113.282098 0.99189640 0.02965091
4113.316399 0.96073388 0.03078477
4113.350700 0.92230561 0.02836134
4113.385002 0.98167968 0.02687468
4113.419304 0.94805664 0.02820702
4113.453606 1.00223981 0.02654236
4113.487909 0.94586622 0.02792111
4113.522212 0.93800740 0.03181597
4113.556515 0.95195898 0.03065196
4113.590819 0.98215657 0.02712105
4113.625123 0.97166573 0.02428344
4113.659427 0.97568254 0.02680700
4113.693731 0.91995111 0.02475082
4113.728036 0.91039165 0.02824294
4113.762341 0.95304767 0.02906038
4113.796646 1.00101443 0.02818377
4113.830951 0.97305821 0.02983285
4113.865257 0.98047462 0.02814163
4113.899563 1.03732035 0.02756955
4113.933870 0.95990325 0.02385662
4113.968176 0.97216215 0.02975048
4114.002483 0.98017167 0.02853066
4114.036791 0.98276447 0.02746928
4114.071098 0.92967367 0.02881151
4114.105406 0.95641055 0.02962692
4114.139714 0.92956665 0.02932559
4114.174022 0.97971673 0.02896600
4114.208331 0.98786160 0.02675524
4114.242640 0.99442186 0.02999601
4114.276949 0.94516468 0.02761208
4114.311259 0.98405302 0.02702314
4114.345568 0.99455477 0.03144157
4114.379879 0.97905619 0.02895798
4114.414189 0.96276819 0.02831870
4114.448500 0.93672185 0.02707901
4114.482811 0.92930031 0.02648618
4114.517122 0.93581867 0.02830801
4114.551433 0.92518227 0.02856623
4114.585745 0.95444663 0.02858386
4114.620057 0.92307701 0.02917037
4114.654370 0.93274349 0.02961029
4114.688682 0.91440337 0.02930297
4114.722995 0.96506146 0.02982532
4114.757308 0.98778071 0.02918329
4114.791622 0.99049325 0.02488339
4114.825936 0.95120193 0.02988709
4114.860250 0.99559388 0.02895295
4114.894564 1.01311033 0.02717321
4114.928879 0.96505007 0.02966240
4114.963194 0.95420896 0.03056585
4114.997509 0.97442794 0.02836945
4115.031825 0.99322299 0.02952261
4115.066140 0.96903438 0.02876231
4115.100457 0.99495493 0.02747872
4115.134773 0.94480418 0.02803080
4115.169090 1.00169899 0.02831870
4115.203407 0.99030164 0.02716201
4115.237724 1.00150027 0.02606639
4115.272041 0.98084484 0.02935853
4115.306359 0.97368385 0.02685276
4115.340677 0.92988964 0.03171874
4115.374996 0.97395870 0.02915157
4115.409314 0.96606267 0.02510901
4115.443633 0.99162987 0.02472665
4115.477953 0.95589153 0.02509418
4115.512272 0.97024698 0.03040302
4115.546592 0.96241024 0.02782446
4115.580912 0.96527806 0.02713419
4115.615232 1.01876909 0.02975746
4115.649553 0.97870544 0.02769133
4115.683874 0.95490047 0.02506100
4115.718195 0.96686465 0.02683816
4115.752517 0.98573993 0.02993648
4115.786839 0.95405900 0.02684821
4115.821161 0.96919637 0.03107466
4115.855483 0.97821175 0.02982499
4115.889806 0.98329879 0.02797360
4115.924129 0.95560118 0.02792222
4115.958452 0.97734082 0.02821655
4115.992776 0.96928932 0.03170976
4116.027099 0.97080122 0.02838371
4116.061424 0.92644951 0.02697994
4116.095748 0.93590802 0.02850256
4116.130073 0.98966137 0.02750488
4116.164398 0.99726424 0.02711068
4116.198723 0.99883753 0.02929953
4116.233048 0.98361682 0.02776019
4116.267374 0.96501237 0.02647756
4116.301700 0.98167833 0.02971719
4116.336027 0.96496964 0.02754810
4116.370354 0.96168275 0.02593130
4116.404680 0.95785729 0.02906810
4116.439008 0.98261781 0.02365464
4116.473335 0.99520638 0.02908432
4116.507663 0.97991581 0.02500384
4116.541991 0.99212272 0.02651253
4116.576320 0.98975028 0.03075943
4116.610648 0.95987455 0.02694008
4116.644977 0.97445758 0.02717544
4116.679307 0.96992722 0.02762170
4116.713636 0.95252640 0.03112611
4116.747966 0.95998313 0.02495686
4116.782296 0.94968114 0.02761930
4116.816627 0.95339303 0.02912130
4116.850957 0.93114558 0.02863594
4116.885288 0.97707877 0.02568217
4116.919619 0.98959982 0.03194108
4116.953951 0.98283011 0.02810390
4116.988283 0.98019070 0.02769361
4117.022615 1.03482290 0.02624584
4117.056947 0.99765304 0.02657398
4117.091280 1.01429154 0.02524614
4117.125613 1.00927226 0.02921191
4117.159946 1.01802058 0.02967567
4117.194280 0.99205971 0.02685275
4117.228614 1.01066447 0.02803238
4117.262948 1.00972610 0.02635504
4117.297282 0.96870927 0.02782056
4117.331617 0.95008995 0.02896985
4117.365952 0.97318569 0.02991789
4117.400287 0.96647802 0.02710328
4117.434623 0.93668680 0.02867610
4117.468959 0.95282665 0.02890010
4117.503295 0.98907601 0.02705832
4117.537631 0.99666065 0.02716983
4117.571968 1.00000898 0.02934387
4117.606305 1.01413111 0.02791481
4117.640642 0.98615273 0.02858476
4117.674980 0.97929226 0.02810879
4117.709318 0.90587766 0.02625802
4117.743656 0.95419483 0.02919482
4117.777994 0.98565135 0.02740411
4117.812333 0.97547256 0.02818748
4117.846672 1.02497866 0.02349583
4117.881011 1.01425510 0.02724913
4117.915351 0.97360290 0.02610433
4117.949691 0.94931671 0.03061038
4117.984031 0.92160091 0.02990996
4118.018371 0.93634857 0.02774694
4118.052712 0.94762613 0.02899493
4118.087053 0.90759786 0.03190524
4118.121394 0.94725705 0.02575253
4118.155736 0.94294611 0.02801435
4118.190078 0.93580388 0.02878605
4118.224420 0.91719822 0.02896190
4118.258762 0.93854393 0.02822761
4118.293105 0.91826799 0.02786382
4118.327448 0.91941487 0.03063180
4118.361791 0.94990775 0.03119393
4118.396135 0.97703002 0.02616905
4118.430479 0.92871649 0.02873170
4118.464823 0.89932757 0.02970246
4118.499167 0.91187904 0.02741066
4118.533512 0.90103675 0.02499787
4118.567857 0.93071723 0.02602257
4118.602203 0.90736068 0.02494118
4118.636548 0.89544937 0.02613385
4118.670894 0.89378107 0.02436194
4118.705240 0.87912075 0.02800074
4118.739587 0.93641233 0.02865243
4118.773933 0.90717830 0.03157198
4118.808280 0.90200358 0.03114768
4118.842628 0.93961563 0.02909140
4118.876975 0.90494424 0.02659549
4118.911323 0.88300808 0.02688518
4118.945671 0.92511378 0.02773089
4118.980020 0.90537190 0.02596557
4119.014369 0.90505427 0.02986893
4119.048718 0.91541706 0.02557426
4119.083067 0.92132341 0.02993124
4119.117416 0.88064071 0.02972844
4119.151766 0.90031270 0.02977532
4119.186116 0.89667379 0.02807032
4119.220467 0.88664559 0.03051732
4119.254818 0.85937768 0.02898762
4119.289169 0.86763470 0.02544783
4119.323520 0.89037258 0.02808132
4119.357872 0.87569079 0.02873456
4119.392224 0.87632770 0.02693915
4119.426576 0.92412680 0.02773443
4119.460928 0.87916748 0.02663664
4119.495281 0.86457443 0.03019105
4119.529634 0.86390286 0.02788826
4119.563987 0.87244611 0.02740183
4119.598341 0.89204095 0.02690334
4119.632695 0.92241891 0.02406876
4119.667049 0.91324047 0.02902725
4119.701403 0.86359895 0.03073537
4119.735758 0.86092482 0.03061017
4119.770113 0.87870551 0.02916059
4119.804469 0.84054441 0.02829529
4119.838824 0.84529258 0.02884890
4119.873180 0.83799447 0.02666081
4119.907536 0.84689387 0.02592498
4119.941893 0.87300849 0.02878355
4119.976250 0.87498951 0.02566023
4120.010607 0.90779212 0.02826460
4120.044964 0.87133962 0.03170939
4120.079322 0.87732709 0.02836301
4120.113679 0.83574537 0.02637292
4120.148038 0.81968966 0.02903925
4120.182396 0.87144447 0.02880020
4120.216755 0.87430002 0.02778798
4120.251114 0.85408293 0.02953142
4120.285473 0.85351769 0.02856970
4120.319833 0.83520858 0.02623837
4120.354193 0.81256006 0.02677685
4120.388553 0.84762996 0.02548164
4120.422913 0.83744029 0.02803059
4120.457274 0.81539090 0.02764191
4120.491635 0.82057161 0.02970018
4120.525997 0.83012644 0.02786887
4120.560358 0.86982259 0.02753390
4120.594720 0.88518434 0.02789336
4120.629082 0.87625298 0.02988558
4120.663445 0.85233299 0.02932485
4120.697808 0.84202335 0.03025204
4120.732171 0.83847325 0.02763700
4120.766534 0.83695206 0.02763223
4120.800898 0.90783405 0.02459478
4120.835262 0.80575848 0.02711668
4120.869626 0.84842988 0.02882162
4120.903990 0.84432984 0.02979968
4120.938355 0.81868787 0.02495679
4120.972720 0.85514450 0.02917335
4121.007086 0.85726891 0.02945314
4121.041451 0.80219672 0.02847565
4121.075817 0.87664584 0.02553993
4121.110183 0.86141490 0.02684821
4121.144550 0.82621228 0.02787932
4121.178917 0.85678699 0.02550961
4121.213284 0.88863024 0.02920773
4121.247651 0.87204623 0.02903663
4121.282019 0.86501161 0.02917245
4121.316387 0.89677728 0.02598343
4121.350755 0.87698817 0.03035171
4121.385123 0.86773041 0.02822700
4121.419492 0.86867744 0.02704982
4121.453861 0.95334706 0.02971417
4121.488231 0.92903436 0.02679859
4121.522600 0.88262992 0.02394308
4121.556970 0.84139440 0.03382855
4121.591340 0.92687612 0.03054459
4121.625711 0.88730260 0.02752317
4121.660082 0.89053817 0.02851563
4121.694453 0.89585788 0.02618338
4121.728824 0.92671103 0.02882605
4121.763196 0.94225548 0.02502193
4121.797568 0.90929062 0.02573055
4121.831940 0.91901375 0.02482205
4121.866313 0.87981065 0.02851915
4121.900685 0.94566791 0.02868323
4121.935059 0.93088906 0.02771191
4121.969432 0.92556443 0.02586148
4122.003806 0.93621217 0.02805496
4122.038180 0.93047125 0.02771842
4122.072554 0.95196554 0.02672678
4122.106928 0.97231218 0.02949714
4122.141303 0.95431920 0.02438662
4122.175678 0.95030427 0.02898478
4122.210054 0.95220990 0.02962432
4122.244429 0.92388174 0.02687499
4122.278805 0.95705300 0.02637324
4122.313181 0.91870360 0.03117389
4122.347558 0.92700733 0.02857096
4122.381935 0.90750654 0.02801926
4122.416312 0.93854252 0.02877397
4122.450689 1.01717102 0.02601338
4122.485067 1.00139437 0.02487933
4122.519445 0.98349155 0.02822058
4122.553823 0.99504679 0.03059642
4122.588202 0.95112595 0.03258648
4122.622581 0.98678968 0.03081551
4122.656960 0.98172453 0.02957064
4122.691339 0.93256297 0.02781016
4122.725719 0.94836689 0.02978683
4122.760099 0.96481914 0.02519014
4122.794479 0.99727700 0.02731473
4122.828860 1.00701863 0.02714315
4122.863240 0.96387680 0.02673994
4122.897622 0.98242595 0.03134932
4122.932003 1.00421884 0.02920167
4122.966385 1.01541300 0.02909025
4123.000767 0.97439786 0.02762909
4123.035149 0.97171889 0.03178542
4123.069531 0.96213557 0.02785272
4123.103914 0.97735461 0.02573152
4123.138297 0.97300959 0.02719458
4123.172681 1.01774058 0.02807298
4123.207065 1.00713807 0.03263874
4123.241449 0.97386040 0.02594757
4123.275833 1.02765969 0.02706799
4123.310217 0.97053656 0.02574104
4123.344602 0.91181563 0.02423184
4123.378987 0.93248464 0.02462429
4123.413373 1.00378891 0.02893369
4123.447759 0.98825595 0.02726608
4123.482145 0.99398683 0.02970518
4123.516531 0.97877599 0.02791230
4123.550917 1.01030096 0.02714394
4123.585304 1.00536506 0.02743794
4123.619691 0.98092246 0.02923232
4123.654079 1.01916167 0.02582400
4123.688467 1.07176708 0.02095064
4123.722855 1.03845822 0.02771664
4123.757243 1.00016157 0.02978419
4123.791631 0.99652949 0.02509518
4123.826020 1.00868221 0.02867876
4123.860409 0.98416592 0.02964451
4123.894799 0.95018998 0.02789085
4123.929189 0.96426681 0.02893699
4123.963579 0.99999235 0.02778919
4123.997969 1.03704410 0.02994020
4124.032359 0.98657480 0.02792690
4124.066750 1.00909708 0.02567232
4124.101141 1.01249412 0.02444381
4124.135533 0.98587520 0.02722615
4124.169925 0.98947457 0.02404742
4124.204317 1.00143610 0.02423969
4124.238709 0.96551872 0.02529935
4124.273102 0.99157717 0.02619012
4124.307494 0.98966612 0.02964191
4124.341888 1.00774389 0.02985491
4124.376281 0.97379434 0.02475957
4124.410675 0.97376476 0.02734242
4124.445069 0.98636492 0.02944871
4124.479463 0.98321899 0.02675294
4124.513858 0.98838273 0.02521323
4124.548253 1.02152468 0.02451259
4124.582648 1.05243118 0.02607505
4124.617043 0.97821401 0.02688181
4124.651439 0.99465739 0.02529435
4124.685835 0.97028083 0.02973609
4124.720231 0.93402157 0.02731271
4124.754628 0.97633815 0.02788013
4124.789025 0.96491126 0.02506931
4124.823422 0.97971281 0.03170810
4124.857820 0.98690581 0.03122188
4124.892217 1.06747379 0.02487635
4124.926615 1.03863851 0.02600294
4124.961014 0.93272504 0.03248139
4124.995412 0.97205269 0.02741601
4125.029811 0.99598232 0.02558894
4125.064210 1.02000657 0.02575152
4125.098610 1.01365439 0.02811600
4125.133010 1.01412461 0.02973951
4125.167410 1.07784945 0.02699566
4125.201810 0.98943588 0.03028017
4125.236211 0.98966982 0.02703184
4125.270612 1.04663850 0.02869206
4125.305013 0.99443810 0.02511437
4125.339414 1.02580652 0.02935365
4125.373816 1.01718318 0.02896419
4125.408218 1.05257608 0.02863550
4125.442620 1.04430293 0.02606513
4125.477023 1.02934414 0.02651609
4125.511426 1.01699366 0.02810900
4125.545829 0.99874188 0.02876119
4125.580233 0.96562039 0.02652514
4125.614636 1.00738239 0.02605357
4125.649040 0.99066660 0.02907812
4125.683445 1.02381995 0.02760310
4125.717849 1.00926796 0.02930570
4125.752254 1.00188984 0.02514491
4125.786660 1.03754129 0.02531231
4125.821065 1.00207514 0.02664770
4125.855471 0.98782865 0.02689130
4125.889877 0.98791284 0.02727633
4125.924283 1.01211347 0.02905911
4125.958690 0.98108442 0.02835780
4125.993097 1.03422627 0.02712411
4126.027504 1.00060195 0.02898956
4126.061912 1.02000463 0.02807849
4126.096319 0.99277468 0.02678464
4126.130728 1.00892299 0.02932436
4126.165136 1.04062312 0.02637221
4126.199545 1.01306786 0.02673469
4126.233953 1.04185539 0.02676560
4126.268363 1.04466359 0.02544355
4126.302772 1.01435694 0.02810937
4126.337182 1.00308667 0.02578240
4126.371592 1.02705295 0.02883240
4126.406003 0.97577963 0.02719581
4126.440413 0.97853705 0.02535119
4126.474824 0.97094300 0.02924898
4126.509235 0.94763333 0.02868565
4126.543647 0.97149510 0.02495631
4126.578059 1.01190009 0.02853082
4126.612471 1.05796901 0.02857486
4126.646883 1.01903593 0.02741721
4126.681296 0.99814030 0.02859780
4126.715709 0.99176087 0.02723973
4126.750122 0.98469545 0.02644806
4126.784536 1.01850715 0.02859212
4126.818949 0.98751445 0.02981491
4126.853364 1.00466018 0.02708043
4126.887778 0.96499807 0.02431223
4126.922193 1.01221722 0.02529144
4126.956608 0.98430830 0.02669347
4126.991023 0.98540369 0.02974152
4127.025438 0.97615930 0.02657816
4127.059854 1.00903762 0.02770423
4127.094270 0.94896442 0.02623014
4127.128687 0.95991822 0.02816410
4127.163103 0.99002897 0.02885049
4127.197520 0.97356519 0.02786468
4127.231938 0.98979827 0.02571152
4127.266355 0.99598245 0.03024030
4127.300773 1.00678098 0.02584416
4127.335191 0.99294723 0.03009868
4127.369610 1.00162490 0.02831501
4127.404028 1.00889346 0.02422585
4127.438447 1.03517993 0.02805728
4127.472867 0.98693169 0.02965527
4127.507286 0.97960088 0.02436332
4127.541706 0.92546727 0.02651265
4127.576126 1.00697597 0.02565264
4127.610547 1.02517802 0.02787603
4127.644967 1.01577738 0.02463646
4127.679388 0.96099121 0.02653703
4127.713810 0.98702646 0.02596149
4127.748231 0.98623612 0.02459916
4127.782653 0.97973557 0.02584690
4127.817075 0.94084665 0.03078060
4127.851498 0.98881555 0.02620508
4127.885920 1.00262271 0.02547421
4127.920343 0.97460181 0.02889736
4127.954767 0.99785457 0.02790632
4127.989190 0.99159023 0.02562821
4128.023614 0.96482035 0.02657700
4128.058038 0.97074142 0.02877181
4128.092463 0.99081068 0.02340650
4128.126887 0.95518671 0.02643812
4128.161312 0.91596442 0.02804997
4128.195738 0.95975821 0.02699392
4128.230163 0.93831759 0.02665844
4128.264589 1.02836101 0.02720236
4128.299015 0.99806461 0.02827386
4128.333442 0.99707376 0.02580193
4128.367869 0.94856591 0.02855829
4128.402296 0.90961471 0.03060182
4128.436723 0.97439060 0.02758706
4128.471150 0.95407180 0.02920438
4128.505578 0.99407335 0.03001021
4128.540007 0.97208644 0.03109040
4128.574435 1.02558415 0.02688875
4128.608864 1.01199586 0.02566295
4128.643293 1.00137400 0.02647221
4128.677722 1.04488661 0.02673380
4128.712152 0.99395422 0.02878006
4128.746582 0.98892000 0.03066481
4128.781012 0.87938945 0.02796605
4128.815442 0.92458973 0.02544996
4128.849873 0.90507712 0.02570180
4128.884304 0.96075153 0.02899255
4128.918735 1.02148813 0.02742061
4128.953167 0.96826196 0.02704327
4128.987599 1.02385003 0.02946427
4129.022031 0.99135906 0.02530115
4129.056464 0.98028310 0.02494095
4129.090896 0.96723969 0.02540060
4129.125329 0.96672185 0.02556036
4129.159763 0.95090695 0.02731441
4129.194196 0.94112618 0.02915723
4129.228630 0.99278373 0.02384495
4129.263064 1.02561476 0.02585463
4129.297499 0.96406619 0.02581675
4129.331934 0.94934550 0.03003773
4129.366369 0.96863525 0.02970085
4129.400804 0.96664861 0.02910157
4129.435240 0.99921312 0.02641382
4129.469676 0.95394320 0.02610993
4129.504112 0.96850672 0.03023478
4129.538548 0.95369619 0.02511449
4129.572985 0.92471326 0.02305373
4129.607422 0.93927597 0.02721017
4129.641860 0.98477316 0.02389518
4129.676297 1.00227532 0.02509427
4129.710735 0.96000891 0.02831336
4129.745173 0.96602102 0.03241905
4129.779612 0.96786197 0.02985340
4129.814051 0.98346404 0.03217946
4129.848490 0.96341436 0.02745579
4129.882929 0.93831226 0.02751212
4129.917369 0.90875311 0.02445521
4129.951809 0.91942936 0.02799333
4129.986249 0.95212969 0.02454549
4130.020690 1.00369202 0.02759196
4130.055130 1.01390011 0.02709450
4130.089572 0.99067633 0.03023711
4130.124013 0.95386173 0.02669275
4130.158455 1.00615190 0.03163810
4130.192897 0.96947388 0.03009323
4130.227339 0.99257502 0.02536873
4130.261781 1.01330497 0.02908857
4130.296224 0.97398034 0.02700615
4130.330667 1.00981121 0.02496572
4130.365111 0.95054785 0.02507927
4130.399554 0.96070375 0.02562995
4130.433998 0.96266461 0.02914328
4130.468443 0.99773221 0.02347244
4130.502887 0.95852717 0.02317654
4130.537332 0.96996813 0.02854430
4130.571777 1.02491529 0.02656959
4130.606222 0.98693756 0.03025858
4130.640668 0.94417711 0.02403257
4130.675114 0.95811392 0.02959636
4130.709560 0.96233573 0.02829847
4130.744007 0.97410414 0.02679520
4130.778454 0.93927476 0.02348437
4130.812901 0.99641099 0.02740397
4130.847348 0.97656027 0.02948806
4130.881796 0.97691954 0.02508761
4130.916244 0.96061258 0.02625766
4130.950692 0.94927033 0.02642808
4130.985141 0.97587529 0.02938868
4131.019590 0.96066797 0.02984322
4131.054039 0.97307057 0.02659100
4131.088488 0.99889534 0.02788779
4131.122938 0.96929676 0.02484656
4131.157388 0.93731441 0.02585263
4131.191838 0.95412327 0.02325209
4131.226289 0.96753162 0.02839120
4131.260740 0.99952688 0.02982786
4131.295191 0.95837490 0.03014299
4131.329642 1.00908157 0.02704853
4131.364094 1.01267006 0.02975874
4131.398546 1.00981887 0.02974131
4131.432998 0.97690519 0.02899433
4131.467451 1.00180448 0.02415220
4131.501904 0.96505973 0.02723162
4131.536357 0.99845389 0.02490195
4131.570810 0.94394270 0.02227946
4131.605264 0.99067417 0.02566430
4131.639718 0.95225485 0.02677467
4131.674172 0.94572335 0.02768474
4131.708627 0.98923530 0.02550526
4131.743082 0.97890109 0.02797144
4131.777537 0.98333964 0.02895430
4131.811993 1.00172778 0.02668331
4131.846448 0.95757485 0.02813473
4131.880904 0.97043183 0.02823411
4131.915361 0.94127789 0.02654553
4131.949817 0.91167097 0.02792140
4131.984274 0.96693591 0.02658262
4132.018731 0.92738950 0.02775217
4132.053189 0.95044245 0.02932736
4132.087647 0.98561847 0.02955303
4132.122105 1.01811813 0.02299449
4132.156563 1.02810024 0.02731187
4132.191022 1.01061572 0.02599336
4132.225481 0.99708989 0.02846290
4132.259940 0.96788525 0.02886501
4132.294399 0.96000129 0.02872666
4132.328859 0.99840829 0.02720458
4132.363319 0.97509917 0.02710926
4132.397779 0.98195900 0.02577929
4132.432240 0.99686567 0.03050283
4132.466701 0.95287299 0.02472545
4132.501162 0.97199354 0.02800281
4132.535624 1.00216784 0.02626291
4132.570085 1.00333439 0.02826068
4132.604547 0.95148503 0.02757930
4132.639010 0.96462623 0.02622721
4132.673472 0.95207163 0.02868505
4132.707935 0.97377094 0.02543533
4132.742399 1.00618285 0.02633830
4132.776862 0.94759308 0.02528076
4132.811326 0.94770275 0.03154398
4132.845790 0.93339643 0.02512791
4132.880254 0.99006666 0.02759620
4132.914719 0.98936613 0.02454989
4132.949184 0.98982670 0.02707785
4132.983649 0.98266107 0.02595017
4133.018115 0.93207712 0.02729078
4133.052581 0.93642329 0.02532746
4133.087047 1.02224311 0.02610872
4133.121513 0.99944554 0.02754706
4133.155980 1.05520332 0.02508761
4133.190447 1.01598729 0.02573322
4133.224914 1.00058875 0.02808483
4133.259381 0.96907959 0.02812224
4133.293849 0.93127696 0.02662135
4133.328317 0.96484310 0.02659914
4133.362786 0.96342253 0.02593617
4133.397254 1.00244237 0.02630873
4133.431723 0.99223873 0.02598768
4133.466193 0.94800899 0.02614615
4133.500662 0.94709946 0.02531049
4133.535132 1.00481055 0.02236994
4133.569602 0.97859168 0.02632560
4133.604072 0.97289493 0.02923382
4133.638543 0.99037363 0.02452730
4133.673014 0.99345372 0.02520323
4133.707485 1.01177087 0.02908604
4133.741957 0.97807774 0.02738227
4133.776429 0.98584784 0.02425441
4133.810901 0.96744200 0.02436684
4133.845373 0.96138890 0.02973151
4133.879846 0.96092325 0.03228225
4133.914319 0.99323722 0.02773972
4133.948792 1.00650248 0.02623045
4133.983266 1.00763821 0.02824384
4134.017740 0.97226390 0.02880193
4134.052214 0.98804025 0.02708035
4134.086688 1.00089549 0.02868582
4134.121163 1.01550499 0.02638780
4134.155638 1.01435572 0.02570366
4134.190113 0.99810756 0.02892261
4134.224589 1.03509079 0.02469374
4134.259065 1.01377840 0.02727601
4134.293541 1.00019318 0.02603527
4134.328017 0.96398902 0.02704673
4134.362494 0.94243799 0.02624755
4134.396971 0.98881355 0.02626167
4134.431448 0.99431961 0.02829584
4134.465926 0.97790734 0.02984065
4134.500404 0.97364584 0.02836553
4134.534882 1.02118696 0.02508337
4134.569361 0.96587625 0.02621896
4134.603839 0.98989999 0.02506921
4134.638318 1.05326522 0.02450124
4134.672798 1.07189016 0.02360447
4134.707277 1.01652918 0.02881600
4134.741757 1.02910024 0.03029694
4134.776237 1.04194860 0.02467694
4134.810718 1.01201334 0.02749237
4134.845198 0.96562232 0.02541902
4134.879680 0.98762969 0.02884747
4134.914161 0.96472456 0.02755443
4134.948642 0.98537702 0.02825322
4134.983124 1.00680723 0.03105311
4135.017607 0.98140346 0.02744558
4135.052089 1.00379602 0.02642179
4135.086572 1.01121491 0.02477238
4135.121055 1.03900687 0.02759351
4135.155538 1.02393933 0.03067601
4135.190022 0.99251966 0.02874673
4135.224506 1.01017627 0.02263520
4135.258990 1.04784398 0.02691455
4135.293474 1.02503841 0.02696921
4135.327959 0.99040178 0.02896329
4135.362444 1.00368761 0.02538693
4135.396930 1.02063226 0.02846451
4135.431415 0.99067406 0.02503397
4135.465901 1.01089486 0.03111044
4135.500387 0.99190001 0.03018391
4135.534874 1.01044522 0.02817968
4135.569361 0.98740438 0.02371107
4135.603848 1.00765835 0.02968213
4135.638335 0.97237761 0.03057701
4135.672823 0.98227328 0.02457997
4135.707311 1.03951916 0.02570269
4135.741799 0.99096629 0.02491827
4135.776288 1.01331091 0.02582818
4135.810776 0.99817462 0.02681199
4135.845265 1.02671665 0.02811982
4135.879755 1.01715862 0.02617648
4135.914244 1.04801365 0.02958537
4135.948734 1.01935621 0.02805087
4135.983225 0.96513060 0.03111089
4136.017715 0.99053928 0.02802633
4136.052206 0.99443151 0.02857255
4136.086697 0.96832649 0.02771187
4136.121189 1.00577963 0.02724653
4136.155680 0.97725322 0.02600816
4136.190172 1.04814092 0.02570827
4136.224664 1.02785750 0.02643273
4136.259157 0.98371492 0.02753126
4136.293650 0.97945118 0.02575541
4136.328143 0.98381573 0.02562685
4136.362636 1.02368446 0.02570546
4136.397130 1.01768117 0.02690425
4136.431624 0.94812363 0.03050424
4136.466118 0.99656906 0.02755513
4136.500613 0.94839927 0.02990677
4136.535108 0.98459282 0.02465123
4136.569603 0.99885545 0.02787233
4136.604098 1.01714421 0.02579537
4136.638594 1.01307164 0.02901106
4136.673090 1.00729226 0.02420627
4136.707586 0.96434566 0.02657185
4136.742083 0.97439837 0.02669474
4136.776580 1.00945578 0.02665027
4136.811077 0.96376872 0.02556291
4136.845574 0.99504830 0.02664296
4136.880072 1.00479010 0.02618299
4136.914570 1.05745382 0.02545470
4136.949068 1.01394749 0.02967416
4136.983567 0.98017847 0.02554991
4137.018066 1.03320023 0.02732892
4137.052565 1.02498150 0.02587524
4137.087064 0.98741867 0.02798740
4137.121564 0.98485301 0.02740436
4137.156064 1.03020909 0.02617998
4137.190564 1.00919059 0.02771520
4137.225065 0.98372493 0.02872151
4137.259566 0.96622853 0.02438960
4137.294067 0.98244556 0.02818106
4137.328569 0.96536069 0.03079058
4137.363070 0.95743439 0.02835282
4137.397572 0.97609581 0.02938117
4137.432075 0.98877396 0.02705224
4137.466577 0.99050795 0.02940204
4137.501080 1.00064610 0.02894903
4137.535583 1.06965611 0.02300538
4137.570087 1.00937252 0.02666836
4137.604591 1.03592095 0.02543066
4137.639095 1.04863020 0.02819321
4137.673599 0.98170799 0.02735241
4137.708104 0.97069201 0.02901167
4137.742609 1.01268757 0.02567668
4137.777114 0.99210555 0.02852574
4137.811619 0.95700237 0.02855880
4137.846125 0.98490702 0.02610003
4137.880631 0.96651986 0.03049728
4137.915137 0.98272909 0.02770357
4137.949644 0.96020635 0.02828265
4137.984151 0.99931966 0.02788011
4138.018658 1.01165362 0.02712681
4138.053166 1.05034673 0.02815041
4138.087674 0.98688488 0.02812244
4138.122182 0.97535444 0.02496654
4138.156690 0.96866782 0.02781098
4138.191199 0.93279975 0.02581029
4138.225708 0.99911373 0.02688687
4138.260217 0.98988275 0.02712060
4138.294726 1.00307745 0.02657878
4138.329236 0.96542103 0.02722606
4138.363746 0.96767705 0.02900107
4138.398257 0.98347841 0.02600530
4138.432767 0.98345665 0.02885712
4138.467278 0.99988114 0.02620135
4138.501789 0.97503570 0.02535118
4138.536301 0.93597987 0.02672383
4138.570813 1.03521215 0.02582433
4138.605325 1.02597938 0.02697110
4138.639837 1.00786015 0.02640423
4138.674350 1.00319543 0.02925735
4138.708863 0.98752392 0.02777869
4138.743376 0.97248315 0.02662887
4138.777890 0.96026600 0.02918000
4138.812404 0.97434272 0.02756718
4138.846918 1.00986630 0.02635371
4138.881432 0.98858464 0.02660680
4138.915947 0.98553170 0.02822211
4138.950462 0.99058249 0.02823525
4138.984977 1.00491738 0.03175250
4139.019493 1.02705101 0.02687890
4139.054009 0.98615398 0.02231575
4139.088525 0.95377601 0.02666123
4139.123041 0.95835551 0.02810465
4139.157558 0.98435508 0.02718693
4139.192075 1.01198655 0.02801205
4139.226592 0.97199127 0.02559154
4139.261110 1.04224960 0.02671310
4139.295628 1.02646687 0.02914595
4139.330146 1.00738748 0.02878726
4139.364664 1.03076518 0.02858921
4139.399183 0.99454192 0.02515021
4139.433702 0.96063539 0.03351891
4139.468221 0.99037969 0.03031770
4139.502741 0.95599271 0.02680614
4139.537261 0.97782837 0.02781328
4139.571781 0.98621488 0.02709804
4139.606301 0.97792052 0.02998334
4139.640822 0.98043251 0.02809188
4139.675343 1.01135031 0.02870273
4139.709864 1.05037870 0.02628748
4139.744386 1.00089117 0.02893072
4139.778908 0.98493209 0.02900968
4139.813430 0.98097559 0.03223367
4139.847953 0.98334456 0.02567973
4139.882475 0.96315791 0.02523492
4139.916998 0.96989253 0.02701371
4139.951522 0.97529210 0.02658649
4139.986045 0.97511249 0.02781178
4140.020569 0.97065821 0.02516847
4140.055093 1.00464702 0.02482481
4140.089618 0.95832009 0.02386940
4140.124143 1.00665721 0.02886936
4140.158668 1.05767292 0.02570765
4140.193193 0.95541865 0.02682550
4140.227719 0.95362302 0.02952984
4140.262245 0.97171966 0.02943591
4140.296771 0.99467461 0.02622009
4140.331297 0.99616979 0.02734306
4140.365824 0.96613852 0.02619069
4140.400351 0.99135623 0.02556348
4140.434879 0.96578187 0.02633457
4140.469406 0.99513868 0.02941904
4140.503934 0.97662312 0.02693709
4140.538462 0.98961732 0.03008823
4140.572991 0.96471451 0.02751403
4140.607520 0.96095731 0.02876558
4140.642049 1.02433481 0.02721602
4140.676578 0.97157257 0.02658621
4140.711108 0.96442192 0.02522522
4140.745638 1.00221922 0.02437303
4140.780168 0.98791526 0.02415124
4140.814699 1.01891787 0.02754630
4140.849230 1.01421512 0.02289321
4140.883761 0.99757733 0.02515467
4140.918292 0.94831710 0.02843019
4140.952824 0.95729236 0.02854139
4140.987356 0.95467729 0.02588114
4141.021888 0.95358616 0.02508175
4141.056420 1.00484649 0.02872040
4141.090953 1.01491419 0.02796318
4141.125486 1.07542512 0.02808529
4141.160020 1.00479466 0.02666471
4141.194554 0.93804132 0.02525740
4141.229088 0.97140899 0.02495682
4141.263622 0.93631593 0.02614579
4141.298156 0.98002362 0.02877392
4141.332691 0.97495020 0.02788577
4141.367226 0.99402253 0.02698863
4141.401762 0.98209774 0.02714331
4141.436298 0.99938796 0.02667838
4141.470834 0.98000570 0.02843149
4141.505370 0.95749468 0.02708449
4141.539906 0.94195581 0.02675397
4141.574443 1.00208192 0.02739057
4141.608980 0.93829913 0.02887051
4141.643518 0.96746529 0.02799618
4141.678056 0.98676284 0.02672797
4141.712594 1.00464329 0.02464810
4141.747132 0.95624881 0.03049966
4141.781671 0.98587360 0.02650836
4141.816209 1.02109354 0.02465888
4141.850749 0.96907308 0.02584509
4141.885288 0.97197333 0.02816326
4141.919828 0.95467599 0.02502297
4141.954368 0.95854152 0.02606998
4141.988908 0.95295201 0.03166806
4142.023449 0.94115983 0.03147997
4142.057990 0.96395099 0.02859404
4142.092531 0.98618724 0.02463078
4142.127072 0.96638016 0.02829266
4142.161614 0.91814572 0.02778492
4142.196156 0.96167265 0.02745258
4142.230699 0.93316835 0.02783460
4142.265241 0.86905168 0.02707207
4142.299784 0.92068335 0.02795963
4142.334327 0.95541173 0.02721030
4142.368871 0.94844926 0.02990385
4142.403415 0.93420051 0.03034670
4142.437959 0.90181324 0.02859733
4142.472503 0.90541024 0.02680756
4142.507048 0.95226584 0.02623590
4142.541593 0.93331609 0.02901627
4142.576138 0.93341471 0.03010308
4142.610683 0.88738461 0.02922229
4142.645229 0.87559866 0.02681969
4142.679775 0.85850204 0.02716197
4142.714322 0.83390548 0.03031671
4142.748868 0.89040545 0.02569500
4142.783415 0.84100836 0.02635348
4142.817962 0.89490217 0.02816034
4142.852510 0.86372542 0.02396288
4142.887058 0.90737822 0.02696607
4142.921606 0.90151715 0.02494604
4142.956154 0.86155220 0.02863414
4142.990703 0.86005182 0.02654604
4143.025252 0.89001013 0.02465781
4143.059801 0.86824095 0.02720554
4143.094351 0.87604528 0.02600737
4143.128901 0.84515637 0.02703616
4143.163451 0.88948474 0.02366604
4143.198001 0.83265632 0.02687046
4143.232552 0.86316339 0.02738545
4143.267103 0.86288618 0.02875692
4143.301654 0.87468957 0.02688267
4143.336206 0.79857548 0.02548260
4143.370757 0.80038156 0.02655228
4143.405310 0.84148612 0.02638089
4143.439862 0.82170741 0.02695985
4143.474415 0.85637628 0.02859367
4143.508968 0.85719008 0.03051835
4143.543521 0.84161061 0.02690133
4143.578075 0.82016946 0.02813946
4143.612628 0.80568010 0.02855984
4143.647183 0.82895392 0.02649286
4143.681737 0.82680162 0.02789272
4143.716292 0.82508126 0.02756283
4143.750847 0.86355990 0.02711257
4143.785402 0.85317766 0.02899714
4143.819958 0.87518712 0.02689944
4143.854514 0.82273730 0.02893137
4143.889070 0.82323003 0.02803010
4143.923626 0.83133515 0.03038482
4143.958183 0.84896691 0.02744924
4143.992740 0.84113444 0.02636805
4144.027297 0.80726168 0.02739274
4144.061855 0.78615990 0.02908502
4144.096413 0.83632329 0.02840104
4144.130971 0.82004181 0.02984417
4144.165529 0.83656066 0.02464886
4144.200088 0.84771124 0.02587049
4144.234647 0.81638775 0.02505018
4144.269207 0.83839708 0.02715274
4144.303766 0.86874543 0.03069556
4144.338326 0.80686229 0.02504602
4144.372886 0.79556117 0.02593944
4144.407447 0.87896787 0.02817064
4144.442008 0.89627300 0.02556368
4144.476569 0.83153961 0.02735823
4144.511130 0.81053913 0.02349099
4144.545692 0.82744708 0.02610775
4144.580254 0.85626303 0.02888094
4144.614816 0.92708282 0.02901714
4144.649378 0.86793257 0.02479187
4144.683941 0.88503456 0.02557269
4144.718504 0.86263876 0.02838500
4144.753068 0.87856546 0.02524245
4144.787631 0.88264880 0.02368848
4144.822195 0.91083004 0.02822352
4144.856760 0.87845948 0.02859955
4144.891324 0.91220784 0.02750184
4144.925889 0.89475636 0.02519329
4144.960454 0.88627102 0.02765165
4144.995019 0.88477136 0.02667149
4145.029585 0.86601626 0.02588201
4145.064151 0.87390955 0.02701880
4145.098717 0.91594230 0.02836945
4145.133284 0.90470533 0.02435331
4145.167851 0.91377081 0.02491242
4145.202418 0.93402386 0.02498583
4145.236985 0.97767853 0.02571705
4145.271553 0.98543311 0.02722291
4145.306121 0.96735144 0.03155675
4145.340689 0.93913361 0.02984123
4145.375258 0.94350213 0.03171446
4145.409827 0.94394365 0.02703837
4145.444396 0.92330064 0.02879350
4145.478965 0.95977940 0.02591282
4145.513535 0.95498338 0.03244564
4145.548105 0.95700680 0.02892108
4145.582675 0.95738128 0.02631746
4145.617246 0.96786103 0.02769683
4145.651817 0.99666317 0.02626483
4145.686388 0.99665103 0.03003644
4145.720959 0.99394333 0.02699971
4145.755531 0.97462877 0.02554772
4145.790103 0.96255123 0.03092752
4145.824675 0.97358913 0.02787116
4145.859248 0.97547386 0.03175872
4145.893821 0.96411184 0.02641980
4145.928394 1.00078925 0.02980165
4145.962967 1.02118491 0.02638302
4145.997541 1.01155164 0.02632366
4146.032115 0.98890075 0.02819881
4146.066690 1.00307360 0.02372893
4146.101264 0.94258263 0.02922290
4146.135839 1.01298818 0.02807289
4146.170414 0.98286475 0.02936261
4146.204990 1.01904708 0.02731967
4146.239566 1.02980793 0.02585434
4146.274142 1.00793581 0.02741916
4146.308718 0.97952754 0.02771514
4146.343295 0.98388886 0.02492036
4146.377872 0.99432604 0.02414368
4146.412449 0.99066404 0.02975831
4146.447026 1.00000615 0.02757319
4146.481604 0.99582508 0.02902118
4146.516182 0.91697682 0.02985016
4146.550760 1.00114890 0.02708518
4146.585339 0.99876865 0.02847287
4146.619918 1.02315671 0.02875829
4146.654497 1.00865740 0.02621945
4146.689077 0.97474143 0.02725484
4146.723657 0.95552815 0.02683117
4146.758237 1.00859861 0.02529235
4146.792817 0.96993386 0.02830101
4146.827398 0.97230293 0.02720110
4146.861979 0.99220769 0.03240943
4146.896560 0.95927258 0.02830434
4146.931142 0.98215183 0.02574415
4146.965723 1.01492513 0.02783852
4147.000305 1.00127445 0.02764589
4147.034888 1.01190022 0.02794673
4147.069471 0.98493126 0.02650111
4147.104054 0.96682615 0.02973953
4147.138637 0.99142730 0.02884986
4147.173220 0.99409192 0.02548831
4147.207804 1.00440027 0.02706257
4147.242388 1.01786489 0.02612548
4147.276973 1.00836461 0.02518582
4147.311558 0.98361298 0.02976797
4147.346143 1.02265112 0.02612065
4147.380728 1.03578510 0.02791737
4147.415313 1.04715783 0.02550259
4147.449899 1.04030256 0.02940594
4147.484485 1.01661522 0.02710300
4147.519072 0.98110368 0.02680074
4147.553659 0.96856728 0.03072253
4147.588246 1.00159724 0.02757281
4147.622833 1.02233311 0.02751337
4147.657420 0.98525605 0.02573662
4147.692008 0.98404993 0.02863588
4147.726597 0.99682398 0.02497875
4147.761185 1.03220171 0.02814046
4147.795774 0.99012063 0.02869152
4147.830363 0.92911570 0.02681427
4147.864952 0.95496775 0.02444306
4147.899542 0.96882986 0.02488651
4147.934132 0.99410696 0.02819351
4147.968722 1.02349830 0.02830319
4148.003312 1.00644945 0.02865347
4148.037903 0.98131654 0.02585933
4148.072494 1.02835986 0.02993632
4148.107085 1.01513311 0.02777350
4148.141677 0.99480713 0.02551975
4148.176269 0.98169154 0.02577714
4148.210861 0.99412452 0.02650231
4148.245454 0.95250905 0.02958565
4148.280047 1.00687129 0.02578664
4148.314640 0.99742292 0.02575159
4148.349233 1.00280932 0.02472215
4148.383827 1.03240713 0.02536771
4148.418421 1.04156587 0.02613807
4148.453015 1.00302238 0.02663509
4148.487609 0.96672332 0.02610457
4148.522204 0.97430765 0.02936435
4148.556799 0.99491740 0.02851088
4148.591395 0.99748383 0.02800862
4148.625990 1.01515567 0.02516241
4148.660586 1.00041399 0.02499980
4148.695182 1.02685687 0.02744716
4148.729779 1.02573297 0.02661563
4148.764376 1.03712751 0.02462492
4148.798973 1.02295208 0.03009631
4148.833570 1.00832986 0.02795694
4148.868168 1.00435753 0.02663910
4148.902766 0.99197015 0.02957725
4148.937364 1.00521360 0.03167530
4148.971963 1.06356375 0.02682137
4149.006562 1.00306889 0.02607830
4149.041161 1.02066451 0.02560027
4149.075760 1.08626694 0.02813029
4149.110360 1.04295486 0.02463587
4149.144960 1.05206422 0.02508132
4149.179560 1.02216449 0.02868074
4149.214161 1.00723081 0.02606231
4149.248762 0.97784074 0.02756528
4149.283363 1.01739815 0.02828664
4149.317964 1.04376261 0.02551314
4149.352566 1.04547040 0.02791920
4149.387168 0.99878417 0.02684560
4149.421770 1.02554999 0.02686216
4149.456373 1.00094527 0.02376265
4149.490976 0.95321396 0.02775036
4149.525579 1.01621434 0.02259102
4149.560182 1.02496936 0.02303201
4149.594786 1.00297692 0.02659959
4149.629390 0.98306618 0.02783389
4149.663995 0.99056454 0.02713008
4149.698599 0.97718466 0.02796723
4149.733204 1.01225354 0.02783059
4149.767809 1.05422154 0.02688276
4149.802415 0.98969054 0.02861184
4149.837021 1.03042527 0.02834577
4149.871627 1.02498997 0.02521579
4149.906233 1.00279821 0.02887827
4149.940840 1.00582819 0.02987844
4149.975447 0.98008525 0.02835134
4150.010054 1.03200888 0.02251453
4150.044661 1.04854909 0.02746223
4150.079269 0.98885657 0.02890730
4150.113877 1.02414378 0.02642938
4150.148486 0.98891743 0.02317599
4150.183094 1.03034105 0.02781882
4150.217703 1.05011180 0.02474627
4150.252312 1.05411289 0.02687147
4150.286922 1.00551291 0.02429273
4150.321532 1.01487792 0.02609589
4150.356142 0.99239222 0.02550685
4150.390752 0.97848887 0.02755942
4150.425363 1.00030336 0.02509096
4150.459974 1.01271493 0.02636287
4150.494585 1.05594634 0.02851969
4150.529197 0.96459131 0.02934530
4150.563808 0.96902472 0.02963930
4150.598421 1.00299648 0.02844688
4150.633033 1.02642492 0.02843889
4150.667646 0.99312809 0.02547995
4150.702259 1.03434336 0.02725454
4150.736872 0.99267137 0.03032688
4150.771486 0.97278714 0.02584337
4150.806099 0.98399487 0.02994374
4150.840713 0.96996563 0.02800123
4150.875328 0.98428286 0.03298476
4150.909943 0.99559160 0.02913191
4150.944558 1.03809808 0.02224153
4150.979173 0.99701380 0.02643289
4151.013789 0.99690941 0.02823739
4151.048404 1.03780656 0.02919152
4151.083021 1.05192109 0.02450383
4151.117637 1.00000000 0.02901122
4151.152254 1.07094691 0.02312704
4151.186871 1.01273593 0.02790017
4151.221488 1.01351161 0.02644250
4151.256106 1.00075121 0.02738876
4151.290724 0.97827585 0.02747505
4151.325342 0.97942423 0.02719570
4151.359960 0.99000575 0.02605469
4151.394579 0.97603170 0.02579200
4151.429198 1.01084460 0.02599512
4151.463817 1.01281996 0.02403314
4151.498437 1.03959848 0.02883042
4151.533057 0.97356515 0.02652256
4151.567677 0.92606886 0.02464231
4151.602298 1.00218573 0.02605469
4151.636918 0.98844827 0.02663228
4151.671539 1.02541673 0.02517785
4151.706161 1.01271042 0.02849549
4151.740782 0.99236342 0.02983473
4151.775404 0.96207679 0.03013930
4151.810027 0.99925485 0.02350605
4151.844649 1.02459672 0.02444726
4151.879272 0.98189372 0.03002783
4151.913895 1.04647283 0.02386283
4151.948518 1.04371398 0.02537327
4151.983142 0.99479278 0.02742276
4152.017766 1.00445452 0.02688100
4152.052390 0.96474371 0.02651711
4152.087015 0.99559496 0.02891543
4152.121640 0.97945323 0.02771399
4152.156265 0.97058160 0.02755293
4152.190890 0.99681998 0.02879891
4152.225516 0.97567032 0.03022024
4152.260142 1.00233694 0.02679869
4152.294768 1.00935116 0.02863040
4152.329395 0.99665082 0.02876571
4152.364022 0.95268742 0.02692685
4152.398649 0.98899197 0.02516257
4152.433276 0.98986185 0.02552264
4152.467904 1.03652567 0.02591084
4152.502532 1.01500940 0.02356481
4152.537160 0.99471673 0.02959633
4152.571789 0.98199413 0.03148339
4152.606418 0.97122347 0.03248403
4152.641047 1.01895531 0.02835627
4152.675676 0.98652823 0.02638179
4152.710306 0.96158357 0.02672173
4152.744936 1.03197008 0.02650124
4152.779566 1.02380208 0.02599849
4152.814197 1.00269611 0.02727280
4152.848828 0.94902055 0.02394720
4152.883459 0.95830477 0.02776909
4152.918090 0.98792063 0.02412572
4152.952722 0.97653202 0.02915312
4152.987354 1.01347718 0.02851823
4153.021986 1.00084406 0.02509621
4153.056619 0.97534637 0.02879134
4153.091252 0.98583830 0.02702617
4153.125885 0.98034483 0.02566555
4153.160519 0.97570047 0.02811844
4153.195152 0.98237755 0.02844834
4153.229786 1.02066937 0.02625047
4153.264421 0.98915516 0.02372757
4153.299055 0.92495079 0.02810297
4153.333690 1.00060168 0.02612582
4153.368326 1.01929781 0.02975603
4153.402961 0.97138839 0.02777957
4153.437597 0.97083155 0.02475292
4153.472233 0.96830224 0.02345982
4153.506869 1.00764972 0.02128389
4153.541506 1.01801968 0.02384918
4153.576143 0.93857849 0.02801067
4153.610780 1.00652466 0.02770076
4153.645418 0.98287888 0.02556066
4153.680056 0.92903268 0.02510132
4153.714694 1.00642465 0.02940371
4153.749332 1.00661477 0.02404744
4153.783971 0.97279153 0.02832559
4153.818610 0.95062801 0.02514260
4153.853249 1.03236228 0.02787206
4153.887889 1.00067068 0.02517409
4153.922528 0.98320279 0.02507578
4153.957169 0.98065459 0.02728883
4153.991809 1.02086694 0.02985417
4154.026450 1.02406045 0.02554721
4154.061091 0.96579052 0.02579273
4154.095732 0.95876600 0.02268583
4154.130374 0.96502370 0.03125310
4154.165015 0.97688928 0.02832190
4154.199658 0.99500668 0.02634437
4154.234300 1.01693148 0.02555624
4154.268943 0.97848436 0.02709368
4154.303586 1.00023941 0.02492635
4154.338229 0.97833860 0.02666245
4154.372873 0.98617132 0.02713480
4154.407517 1.01213248 0.02573796
4154.442161 1.02121243 0.02651187
4154.476805 0.99638325 0.02717987
4154.511450 1.00096074 0.03055062
4154.546095 0.99084227 0.02731376
4154.580740 1.01525870 0.02621238
4154.615386 1.02655188 0.02819160
4154.650032 1.03032754 0.02588903
4154.684678 1.01004282 0.02629181
4154.719324 1.03860454 0.02823286
4154.753971 1.00139531 0.02922789
4154.788618 1.02052483 0.02465805
4154.823266 0.99864111 0.02854651
4154.857913 0.99141885 0.02491892
4154.892561 0.98425996 0.02622289
4154.927209 1.00375156 0.02427408
4154.961858 0.98914033 0.02299725
4154.996507 1.00306162 0.02615653
4155.031156 0.99656339 0.02601858
4155.065805 1.00467399 0.02675701
4155.100455 0.98958961 0.02573478
4155.135105 0.99674046 0.02660942
4155.169755 1.01495142 0.02376895
4155.204406 1.01160008 0.02800558
4155.239056 1.02420794 0.02594615
4155.273708 0.99777641 0.02810847
4155.308359 1.03465690 0.02508775
4155.343011 1.02209513 0.02492180
4155.377663 1.02558676 0.02494002
4155.412315 1.03287869 0.03080281
4155.446967 0.98643693 0.02934105
4155.481620 0.95811932 0.02616421
4155.516273 0.97569704 0.02719321
4155.550927 0.97906793 0.02531044
4155.585581 1.01919602 0.02846380
4155.620235 0.97365091 0.02728757
4155.654889 0.96737094 0.02969112
4155.689543 0.99031441 0.02477993
4155.724198 0.99885487 0.02374294
4155.758853 0.93015411 0.02736328
4155.793509 0.98537907 0.02986750
4155.828165 0.96040207 0.02758334
4155.862821 0.96060979 0.02818806
4155.897477 1.01359684 0.03083181
4155.932134 1.02264246 0.02778605
4155.966790 1.03446665 0.02687930
4156.001448 0.97966161 0.02870557
4156.036105 0.99666689 0.02624091
4156.070763 1.02593357 0.02774410
4156.105421 0.99018467 0.02784003
4156.140079 0.97058650 0.02664078
4156.174738 0.96561291 0.02597345
4156.209397 0.96826005 0.02706168
4156.244056 0.97033838 0.02664384
4156.278715 1.00307441 0.02816373
4156.313375 0.96550707 0.03102142
4156.348035 0.97955534 0.02997886
4156.382696 0.99649138 0.02458602
4156.417356 0.98935790 0.02929505
4156.452017 0.98120861 0.02993812
4156.486678 0.97516334 0.02823677
4156.521340 0.97651030 0.02517328
4156.556002 0.97700042 0.02449266
4156.590664 0.98628437 0.02912235
4156.625326 1.00087290 0.03179212
4156.659989 0.97296628 0.02784844
4156.694652 1.00251732 0.03198034
4156.729315 0.97504533 0.02813125
4156.763979 0.98752000 0.02840845
4156.798642 0.96870956 0.02951726
4156.833307 0.96175894 0.02741175
4156.867971 0.99687097 0.02581850
4156.902636 1.01630309 0.02802781
4156.937301 1.01093088 0.02658284
4156.971966 0.98373644 0.02591325
4157.006631 0.97794000 0.02593673
4157.041297 0.98510017 0.02573438
4157.075963 1.05502443 0.02694454
4157.110630 0.97114099 0.02819762
4157.145297 1.01326600 0.02712134
4157.179964 0.97517671 0.03038718
4157.214631 0.95011378 0.02934982
4157.249298 0.99686339 0.02484728
4157.283966 0.97842225 0.02715502
4157.318634 0.98146401 0.02539336
4157.353303 1.00321733 0.02723459
4157.387972 1.01085995 0.02766357
4157.422641 0.99423374 0.03176450
4157.457310 1.00794651 0.02911022
4157.491980 1.00878586 0.02612872
4157.526650 0.96792527 0.02820923
4157.561320 0.95760467 0.02753614
4157.595990 1.00286994 0.03120185
4157.630661 1.00186009 0.02744859
4157.665332 1.00531242 0.02863992
4157.700003 0.98660848 0.02673253
4157.734675 1.01138683 0.02781494
4157.769347 0.99900319 0.02343631
4157.804019 0.95759144 0.02943734
4157.838692 0.99062304 0.02923705
4157.873364 1.02750422 0.02704051
4157.908037 1.00528853 0.02816691
4157.942711 0.99166462 0.02831022
4157.977384 0.97544660 0.02853759
4158.012058 0.97633962 0.03025462
4158.046733 0.98751278 0.02847577
4158.081407 1.02902115 0.02585866
4158.116082 1.03366149 0.02680813
4158.150757 1.05034867 0.02668841
4158.185432 1.01088248 0.02728969
4158.220108 0.99113366 0.02963329
4158.254784 1.03098918 0.02465991
4158.289460 1.03339743 0.02615287
4158.324137 1.03615319 0.02415663
4158.358814 1.02030407 0.03001205
4158.393491 1.02896858 0.02689856
4158.428168 1.04499757 0.02466579
4158.462846 1.00623331 0.02723786
4158.497524 1.04859055 0.02426516
4158.532202 1.01332115 0.02545110
4158.566881 1.00437681 0.02339535
4158.601560 0.98198950 0.02433623
4158.636239 0.96971650 0.02718049
4158.670918 0.96285033 0.02452283
4158.705598 1.00497372 0.02638349
4158.740278 1.03244237 0.02625277
4158.774958 1.05360414 0.02642987
4158.809639 1.02807724 0.02516522
4158.844320 1.00425390 0.02664550
4158.879001 1.00466910 0.02720085
4158.913682 1.02170688 0.02381004
4158.948364 1.01465778 0.02969043
4158.983046 1.01765027 0.02837917
4159.017729 0.98827599 0.03008824
4159.052411 1.02513217 0.03074725
4159.087094 1.02223411 0.02631843
4159.121777 0.98501295 0.02299416
4159.156461 0.97405813 0.02737708
4159.191145 1.00340182 0.02913299
4159.225829 0.99320777 0.02720252
4159.260513 0.99696786 0.02994481
4159.295198 0.94949180 0.02679257
4159.329883 0.97811551 0.02604828
4159.364568 1.03190990 0.02360028
4159.399253 0.98240131 0.02814950
4159.433939 0.99651360 0.02998576
4159.468625 1.01531065 0.02869738
4159.503312 0.98468237 0.02813493
4159.537998 1.05268616 0.02690567
4159.572685 0.98678133 0.03035658
4159.607372 0.98057493 0.02847935
4159.642060 1.03270227 0.02622261
4159.676748 1.03226351 0.02926206
4159.711436 1.03098620 0.02566260
4159.746124 1.03437095 0.02581757
4159.780813 0.98805735 0.02827742
4159.815502 0.97609045 0.02632636
4159.850191 1.00545296 0.02682410
4159.884881 1.00447533 0.02924056
4159.919571 1.00321687 0.02691102
4159.954261 1.01400309 0.02750085
4159.988951 1.00880861 0.02671853
4160.023642 1.03255983 0.02684513
4160.058333 1.04202443 0.02697496
4160.093024 1.01976616 0.02746869
4160.127716 0.94037673 0.02649894
4160.162408 1.02145091 0.02900232
4160.197100 0.99949687 0.03056656
4160.231792 1.00826819 0.02483163
4160.266485 1.00102705 0.02889679
4160.301178 1.01818803 0.03293376
4160.335871 1.02193192 0.02633580
4160.370565 1.00044204 0.02541726
4160.405259 1.02176146 0.02827441
4160.439953 1.05249633 0.02401236
4160.474648 1.02823020 0.02598568
4160.509342 1.02267210 0.02718511
4160.544037 1.01488972 0.02627702
4160.578733 0.96222496 0.02795168
4160.613428 0.95650602 0.02764311
4160.648124 0.96217341 0.02550468
4160.682821 1.00401207 0.02613351
4160.717517 0.99296119 0.02697356
4160.752214 0.99159912 0.02954895
4160.786911 1.04157206 0.02617929
4160.821608 1.02736157 0.03001013
4160.856306 0.98622233 0.02608195
4160.891004 1.02940437 0.02510804
4160.925702 1.07102390 0.02334960
4160.960401 0.98442205 0.02508682
4160.995100 1.01872442 0.02795033
4161.029799 1.05103074 0.02522374
4161.064498 1.04361511 0.02814529
4161.099198 1.00319150 0.02782596
4161.133898 0.99946458 0.02763396
4161.168598 1.03686168 0.02526381
4161.203299 1.03772328 0.02654636
4161.237999 1.02743492 0.02938674
4161.272701 1.00619837 0.02438389
4161.307402 0.98042775 0.02591405
4161.342104 1.02867830 0.02894272
4161.376806 0.97718771 0.02808349
4161.411508 0.99296137 0.02667728
4161.446211 1.00208626 0.02470561
4161.480913 0.98474989 0.02753784
4161.515617 0.96071592 0.02617933
4161.550320 1.03322700 0.02792229
4161.585024 0.98422954 0.02613293
4161.619728 1.06122309 0.02609242
4161.654432 1.02439157 0.02591464
4161.689137 1.03643949 0.02710761
4161.723842 0.97660042 0.02624320
4161.758547 1.03699129 0.02548401
4161.793252 1.05087377 0.02527310
4161.827958 1.01710862 0.02812256
4161.862664 1.01708557 0.02729495
4161.897370 1.02159725 0.02840206
4161.932077 1.03384211 0.02596594
4161.966784 1.00319087 0.02953268
4162.001491 1.01785063 0.02707973
4162.036199 1.00374198 0.02566838
4162.070906 0.98628814 0.02525223
4162.105615 0.97594018 0.02591004
4162.140323 0.98383658 0.02907095
4162.175032 1.01947630 0.02850862
4162.209741 0.98972190 0.02465839
4162.244450 1.04381393 0.02941247
4162.279159 1.04015689 0.02535529
4162.313869 1.00673943 0.02532461
4162.348579 1.01149863 0.02834402
4162.383290 1.04935716 0.02524052
4162.418000 1.01329645 0.02739585
4162.452711 1.01018269 0.03046709
4162.487423 1.01995610 0.03063338
4162.522134 0.98060036 0.02871886
4162.556846 0.99533166 0.02540964
4162.591558 1.02859045 0.02688124
4162.626270 0.99903770 0.02662599
4162.660983 1.04173046 0.02432498
4162.695696 1.01344232 0.02807126
4162.730409 1.02906279 0.02932933
4162.765123 1.03949152 0.02785718
4162.799837 1.04194559 0.02976050
4162.834551 1.02736193 0.02604822
4162.869266 1.04139989 0.02711212
4162.903980 1.02536953 0.02405066
4162.938695 1.01090970 0.02783829
4162.973411 1.02235632 0.02826768
4163.008126 0.98961377 0.02774984
4163.042842 0.99565758 0.02697262
4163.077558 0.98273935 0.02708201
4163.112275 1.00909574 0.02714278
4163.146992 0.99071851 0.02731942
4163.181709 1.00043796 0.02734242
4163.216426 0.98198062 0.02976817
4163.251144 1.00648685 0.02605028
4163.285862 0.99927891 0.02723846
4163.320580 1.02407667 0.02403012
4163.355298 1.00866095 0.02718394
4163.390017 0.97338978 0.02829989
4163.424736 1.05307148 0.02745844
4163.459455 1.04698078 0.02826963
4163.494175 1.01841381 0.02797936
4163.528895 1.04827605 0.02547294
4163.563615 1.03166425 0.02821213
4163.598336 1.00285087 0.02808690
4163.633057 1.06595469 0.02657731
4163.667778 1.06818592 0.02718933
4163.702499 0.94981274 0.02827146
4163.737221 1.01753200 0.03070234
4163.771943 0.97635013 0.02638758
4163.806665 0.95476829 0.03024795
4163.841388 1.00896586 0.02959052
4163.876110 0.97021047 0.02879262
4163.910834 0.97529660 0.02990662
4163.945557 0.96096187 0.02704301
4163.980281 0.96463240 0.02555146
4164.015005 0.98418626 0.02705712
4164.049729 0.95892130 0.02605327
4164.084454 1.04172964 0.02803459
4164.119179 1.03159966 0.02893374
4164.153904 1.03804896 0.02664082
4164.188629 0.98077498 0.02994393
4164.223355 0.97356524 0.02579151
4164.258081 0.94263153 0.02838942
4164.292807 0.97782758 0.02627995
4164.327534 1.00986824 0.02911328
4164.362261 1.01539687 0.02701272
4164.396988 0.98038763 0.03045268
4164.431715 1.00736828 0.02412365
4164.466443 1.00069749 0.02562978
4164.501171 0.99626983 0.02843852
4164.535900 0.97521740 0.02783035
4164.570628 0.97590105 0.02721575
4164.605357 0.92374983 0.02913226
4164.640086 1.00737119 0.02846785
4164.674816 1.00494528 0.02778334
4164.709546 1.01770726 0.02741991
4164.744276 0.96630909 0.02818252
4164.779006 0.98382395 0.02886079
4164.813737 0.99103613 0.02573199
4164.848468 0.96635359 0.02494558
4164.883199 1.00518053 0.02788871
4164.917930 1.01175811 0.02748127
4164.952662 1.02677293 0.02575410
4164.987394 1.01706114 0.02592515
4165.022127 0.96792261 0.02554500
4165.056860 0.97924323 0.02964079
4165.091592 0.97855054 0.02755861
4165.126326 1.02305530 0.02897487
4165.161059 1.00995561 0.02858578
4165.195793 1.00308940 0.02365066
4165.230527 0.99871386 0.02903414
4165.265262 0.97693634 0.02634568
4165.299996 1.02544660 0.02885384
4165.334731 1.04083133 0.02660089
4165.369467 0.99873961 0.02818877
4165.404202 1.04484808 0.02993338
4165.438938 0.99514088 0.02823035
4165.473674 0.96925196 0.03013385
4165.508411 0.95243278 0.02748832
4165.543148 0.98568859 0.02947838
4165.577885 0.99019351 0.02798442
4165.612622 0.95571485 0.02565544
4165.647360 0.98369961 0.02919698
4165.682097 0.98133441 0.02777276
4165.716836 1.02061319 0.02792925
4165.751574 1.01929309 0.02768911
4165.786313 1.01022871 0.02872245
4165.821052 1.00833313 0.02899312
4165.855791 0.96606427 0.02853138
4165.890531 0.96242116 0.02723323
4165.925271 0.99347331 0.03119255
4165.960011 1.00868766 0.02947973
4165.994752 0.97757497 0.02362910
4166.029492 0.98851666 0.02567909
4166.064234 0.98238747 0.02660135
4166.098975 0.98428079 0.02887466
4166.133717 0.95702833 0.02712317
4166.168459 0.97543495 0.02883789
4166.203201 1.00306469 0.02857787
4166.237943 1.02154758 0.02788567
4166.272686 0.97509336 0.02550661
4166.307429 1.01557833 0.02783903
4166.342173 0.96843795 0.02615394
4166.376916 0.98893395 0.02364886
4166.411660 1.00651308 0.02409122
4166.446405 1.04249460 0.02768507
4166.481149 1.00405504 0.02458876
4166.515894 0.96995413 0.02835009
4166.550639 0.98665223 0.02749049
4166.585385 1.02571559 0.02596615
4166.620130 1.01828097 0.02927187
4166.654876 1.05281299 0.02285890
4166.689623 0.98659327 0.02834668
4166.724369 1.03507687 0.02495529
4166.759116 1.06320153 0.02648871
4166.793863 0.99537534 0.02478219
4166.828611 0.99607259 0.02575051
4166.863359 1.02420908 0.02713992
4166.898107 1.02882605 0.02560783
4166.932855 0.97769001 0.03102362
4166.967604 0.97009036 0.02874125
4167.002353 1.00771929 0.02719270
4167.037102 1.04456049 0.02620384
4167.071851 1.03579432 0.02582160
4167.106601 1.04507202 0.02538079
4167.141351 1.02859149 0.02315948
4167.176101 1.01905660 0.02437083
4167.210852 1.02418734 0.02347361
4167.245603 1.00087199 0.03106078
4167.280354 0.96643969 0.02850660
4167.315106 1.00766877 0.02704135
4167.349858 0.99168954 0.02715734
4167.384610 1.02052302 0.02633920
4167.419362 0.96277667 0.02345639
4167.454115 1.01863035 0.02686053
4167.488868 1.00782309 0.02764340
4167.523621 0.97416437 0.02816094
4167.558375 0.96325795 0.02629775
4167.593128 0.93124970 0.02680215
4167.627883 0.99859955 0.02503148
4167.662637 0.96995919 0.02672512
4167.697392 0.98043870 0.02841034
4167.732147 0.95439223 0.02601236
4167.766902 0.96057653 0.02789387
4167.801658 0.98256020 0.03061651
4167.836413 1.01106250 0.02492853
4167.871170 0.94879319 0.02596376
4167.905926 0.97584927 0.02615749
4167.940683 0.97999327 0.02943648
4167.975440 0.94775967 0.02622885
4168.010197 0.98395770 0.02590120
4168.044955 0.94473676 0.02672913
4168.079713 0.96960903 0.02730060
4168.114471 0.97683032 0.03085951
4168.149229 0.98199687 0.03138312
4168.183988 0.96809101 0.02655277
4168.218747 0.94265776 0.02419518
4168.253506 0.95085668 0.02593067
4168.288266 0.97596394 0.02435508
4168.323026 0.94360177 0.02621460
4168.357786 0.97151893 0.02564981
4168.392547 0.94963968 0.02347010
4168.427308 0.90025206 0.02874881
4168.462069 0.97991246 0.03193793
4168.496830 0.97072644 0.02793158
4168.531592 0.97237661 0.02892146
4168.566354 1.00296864 0.02525445
4168.601116 0.95824502 0.02936628
4168.635878 0.95015662 0.02326410
4168.670641 0.90715999 0.02935055
4168.705404 0.97250108 0.02450434
4168.740168 0.99189242 0.02764396
4168.774931 1.01262497 0.03028501
4168.809695 0.92317537 0.02659798
4168.844460 0.92291588 0.03014223
4168.879224 0.90032988 0.02722059
4168.913989 0.96607625 0.02577246
4168.948754 0.96968583 0.03023733
4168.983520 0.97801931 0.02981849
4169.018285 0.97659811 0.02986531
4169.053051 0.94642432 0.02259547
4169.087818 0.90869004 0.02698427
4169.122584 0.95573706 0.02817496
4169.157351 0.94893315 0.02840473
4169.192118 0.94308362 0.02797546
4169.226886 0.93983784 0.02832344
4169.261654 0.91766980 0.03025422
4169.296422 0.96477002 0.02940887
4169.331190 0.99702551 0.02462849
4169.365959 1.00060648 0.02773672
4169.400728 0.98997309 0.02906322
4169.435497 0.93171958 0.02854067
4169.470266 0.93401936 0.02546913
4169.505036 0.97233714 0.02596836
4169.539806 0.95764785 0.02591544
4169.574576 0.94078303 0.02618155
4169.609347 0.97139687 0.02606492
4169.644118 1.00611648 0.02598253
4169.678889 0.92179689 0.02789978
4169.713661 0.95423290 0.02976732
4169.748433 0.93649023 0.02608346
4169.783205 0.93717167 0.02873470
4169.817977 0.95423417 0.02913603
4169.852750 0.97105433 0.03012195
4169.887523 0.98449435 0.02541727
4169.922296 0.93502982 0.02664999
4169.957070 0.94903159 0.02800352
4169.991843 0.98225336 0.02618300
4170.026618 1.00563503 0.02728063
4170.061392 0.94529583 0.02933197
4170.096167 0.95982220 0.02893233
4170.130942 0.95914657 0.02611251
4170.165717 0.98287580 0.02384735
4170.200493 0.98313777 0.02723496
4170.235268 0.98216551 0.02626727
4170.270045 0.97763204 0.02968251
4170.304821 0.96294252 0.02650606
4170.339598 0.92531564 0.02503445
4170.374375 0.97301459 0.02616184
4170.409152 1.03207367 0.02981746
4170.443930 0.99138973 0.02779431
4170.478708 1.01296745 0.02859753
4170.513486 0.97071501 0.02467917
4170.548264 1.03218593 0.02827432
4170.583043 0.99608846 0.02586203
4170.617822 1.00072811 0.02868273
4170.652602 1.01284265 0.02662751
4170.687381 1.03263480 0.02299151
4170.722161 0.99599543 0.02278531
4170.756941 1.00381871 0.02668932
4170.791722 1.01505800 0.02620297
4170.826503 1.03006747 0.02504054
4170.861284 1.03076483 0.02908022
4170.896065 1.03597131 0.02522115
4170.930847 1.01004052 0.02429224
4170.965629 0.97956714 0.02472573
4171.000411 1.06269904 0.02519061
4171.035194 1.01496451 0.02874573
4171.069976 1.01612262 0.02510551
4171.104760 0.99254832 0.02446106
4171.139543 1.03914839 0.02781844
4171.174327 1.05953189 0.02560208
4171.209111 1.03869140 0.02877235
4171.243895 1.03401814 0.02704260
4171.278680 1.03696756 0.02283056
4171.313464 1.04189325 0.02684403
4171.348250 0.98748195 0.02265419
4171.383035 1.01458891 0.02793863
4171.417821 0.95832479 0.02482993
4171.452607 0.96407083 0.02823543
4171.487393 0.98727566 0.02706471
4171.522180 0.98167690 0.02784759
4171.556967 1.00335085 0.02727868
4171.591754 1.03079351 0.02375422
4171.626541 1.01990877 0.02384405
4171.661329 1.02226047 0.02776725
4171.696117 1.00860252 0.03063985
4171.730905 1.01980365 0.02630411
4171.765694 0.99693505 0.02549128
4171.800483 0.97914429 0.02613814
4171.835272 0.99281104 0.03017769
4171.870062 1.03609815 0.02787558
4171.904852 0.99183795 0.02614778
4171.939642 1.01087806 0.02792474
4171.974432 1.01977130 0.02675920
4172.009223 1.01668404 0.02835695
4172.044014 1.00061110 0.02511688
4172.078805 1.03533584 0.02926480
4172.113596 1.03773062 0.02702421
4172.148388 1.04554257 0.02915706
4172.183180 1.01057790 0.02551290
4172.217973 1.00602799 0.02807730
4172.252765 0.99805848 0.02767496
4172.287558 1.04710605 0.02537908
4172.322352 1.01175931 0.02825083
4172.357145 0.99986722 0.02863581
4172.391939 0.96599909 0.02561187
4172.426733 0.98824343 0.02898717
4172.461528 0.99390093 0.02367113
4172.496322 0.96979149 0.02965708
4172.531117 1.00187951 0.02942811
4172.565913 0.97836830 0.02429607
4172.600708 1.05203444 0.02393287
4172.635504 1.01052637 0.02633631
4172.670300 1.00325680 0.02594520
4172.705097 0.96329498 0.02975023
4172.739894 1.04045971 0.02490691
4172.774691 0.98550090 0.02262530
4172.809488 1.00353195 0.02923971
4172.844286 1.03557006 0.02687681
4172.879084 1.01727632 0.02882045
4172.913882 1.03532018 0.02785450
4172.948680 1.01794198 0.03158648
4172.983479 1.02701798 0.02674660
4173.018278 1.00800652 0.02766305
4173.053078 1.00283391 0.02547591
4173.087877 0.94246121 0.02769274
4173.122677 0.95673259 0.02683064
4173.157477 1.01165815 0.02848285
4173.192278 1.00736174 0.02603604
4173.227079 1.01684526 0.02963119
4173.261880 0.97471732 0.02988205
4173.296681 1.02409267 0.02761658
4173.331483 1.02746876 0.02560022
4173.366285 0.96810876 0.02601947
4173.401087 1.04693284 0.02564753
4173.435890 1.03794702 0.02505177
4173.470693 1.03944265 0.02509310
4173.505496 1.02592066 0.02964283
4173.540299 1.00054217 0.02738951
4173.575103 0.99907447 0.02889745
4173.609907 1.01462969 0.02719539
4173.644711 1.00246765 0.02781594
4173.679516 1.02546007 0.02554428
4173.714321 1.01061012 0.02703155
4173.749126 1.02337454 0.02693420
4173.783931 0.98634338 0.02717409
4173.818737 0.99245368 0.03017075
4173.853543 1.03364098 0.02385137
4173.888350 1.00246687 0.02783533
4173.923156 1.04037231 0.02664888
4173.957963 1.01170960 0.02598826
4173.992770 0.98578025 0.02584407
4174.027578 0.95394638 0.02932794
4174.062386 0.98325152 0.02821838
4174.097194 0.97414802 0.02754146
4174.132002 0.98298035 0.02519539
4174.166811 0.98813669 0.02588377
4174.201620 0.98209145 0.02538272
4174.236429 0.98296719 0.02707724
4174.271238 1.00637639 0.02827261
4174.306048 1.03169568 0.02858467
4174.340858 1.02064217 0.02689547
4174.375669 1.02779828 0.02519481
4174.410479 0.98208369 0.02643759
4174.445290 0.97317371 0.02601249
4174.480102 1.01675619 0.02586190
4174.514913 1.02055963 0.02493317
4174.549725 0.99986670 0.02779077
4174.584537 0.96696886 0.02874369
4174.619350 1.01287676 0.02847120
4174.654162 0.98852751 0.02879504
4174.688975 0.98329344 0.02757920
4174.723789 0.99642237 0.02739042
4174.758602 0.98968171 0.02750858
4174.793416 0.95060770 0.02445046
4174.828230 0.97451043 0.02978437
4174.863045 0.99349491 0.02882617
4174.897860 0.98326356 0.02617129
4174.932675 1.00840797 0.02828729
4174.967490 1.02104382 0.02799251
4175.002306 1.00517574 0.02563507
4175.037122 0.96842543 0.03102211
4175.071938 0.95298112 0.02731217
4175.106754 1.00131491 0.02677443
4175.141571 0.98202107 0.02815825
4175.176388 0.98045868 0.02675170
4175.211205 0.99691481 0.02680542
4175.246023 1.03109261 0.02985713
4175.280841 1.01858153 0.02764624
4175.315659 1.04555324 0.02963251
4175.350478 1.01862110 0.03284140
4175.385297 0.98506760 0.02801656
4175.420116 0.96989410 0.02777461
4175.454935 1.00002858 0.02786597
4175.489755 1.01664972 0.02891685
4175.524575 1.06066206 0.02580740
4175.559395 1.00981290 0.02808457
4175.594216 1.00927751 0.02790434
4175.629037 1.01948662 0.02825939
4175.663858 0.99831927 0.02631285
4175.698679 0.94651936 0.02523165
4175.733501 0.97937407 0.02345538
4175.768323 1.00379745 0.02706749
4175.803145 1.05918487 0.02556608
4175.837968 1.00393648 0.02744088
4175.872791 1.00084116 0.02623241
4175.907614 0.98422993 0.02475270
4175.942437 0.99595144 0.02829922
4175.977261 1.02379840 0.02904815
4176.012085 1.05217231 0.02300734
4176.046909 1.01233234 0.02750853
4176.081734 0.98530653 0.02945743
4176.116559 1.02117401 0.02579207
4176.151384 1.03333723 0.02582703
4176.186210 0.96668180 0.02756179
4176.221035 0.94523511 0.02544521
4176.255862 0.99815047 0.02797482
4176.290688 0.97306706 0.02549182
4176.325515 0.96670208 0.02730984
4176.360342 0.99743092 0.02786664
4176.395169 1.00997787 0.02706094
4176.429996 1.01143721 0.02952156
4176.464824 1.00483231 0.02797132
4176.499652 1.03817154 0.02532498
4176.534481 0.98339686 0.02583386
4176.569309 0.96723161 0.02676510
4176.604138 0.98531650 0.02617745
4176.638968 0.99147434 0.02573332
4176.673797 1.01515624 0.02694753
4176.708627 0.99310671 0.03060057
4176.743457 0.98391762 0.02661193
4176.778288 0.95366254 0.02782357
4176.813118 0.99243901 0.02788451
4176.847949 0.97288492 0.02665832
4176.882781 1.00004243 0.02683841
4176.917612 0.99389164 0.02340429
4176.952444 0.99131384 0.02761015
4176.987276 0.95637197 0.02841354
4177.022109 1.03484268 0.02763044
4177.056942 1.00053845 0.02597630
4177.091775 0.99584156 0.02657222
4177.126608 1.02360161 0.02838157
4177.161442 1.02071575 0.02795372
4177.196276 1.00728644 0.02708158
4177.231110 0.96941601 0.03019627
4177.265944 1.00817462 0.02605435
4177.300779 1.01472516 0.02922813
4177.335614 1.01718634 0.03128881
4177.370449 1.01915374 0.02822967
4177.405285 1.01365298 0.02740853
4177.440121 1.00725123 0.02969503
4177.474957 1.02937953 0.02209343
4177.509794 0.98392212 0.02674192
4177.544631 0.97687446 0.02901004
4177.579468 1.02970138 0.02600375
4177.614305 1.00829341 0.02391407
4177.649143 1.03688909 0.02476769
4177.683981 1.01576976 0.02475740
4177.718819 1.04646445 0.02756100
4177.753658 1.04783542 0.02351860
4177.788497 1.01315809 0.02710872
4177.823336 1.03339948 0.02703428
4177.858175 0.98863712 0.02903221
4177.893015 0.99105522 0.02686319
4177.927855 0.99522111 0.02853116
4177.962695 1.03067204 0.02731430
4177.997536 1.06934426 0.02691320
4178.032377 1.04339279 0.02842518
4178.067218 1.00840579 0.02517524
4178.102059 1.02302751 0.03145311
4178.136901 0.98155695 0.03151588
4178.171743 0.98902340 0.02833571
4178.206586 0.95135284 0.02718447
4178.241428 1.00191894 0.02975166
4178.276271 0.97870626 0.03088383
4178.311114 0.96755632 0.02613078
4178.345958 0.98092174 0.02778903
4178.380802 0.98183351 0.02885252
4178.415646 1.04991880 0.02519286
4178.450490 0.99956336 0.02685616
4178.485335 1.01699463 0.02468705
4178.520180 1.03075435 0.02613871
4178.555025 0.99238423 0.02928834
4178.589871 1.01123774 0.02881207
4178.624716 1.05293088 0.02754506
4178.659563 1.01481863 0.02309297
4178.694409 1.02125625 0.02668085
4178.729256 1.02755548 0.02916685
4178.764103 1.01250326 0.03048897
4178.798950 1.03200146 0.02515909
4178.833798 0.97709589 0.02565082
4178.868645 0.99492424 0.02665038
4178.903494 1.02613057 0.02914331
4178.938342 1.07850803 0.02862840
4178.973191 1.03922206 0.02706479
4179.008040 0.98568632 0.02770457
4179.042889 0.99007650 0.02659568
4179.077739 0.95089792 0.02388060
4179.112589 1.01610272 0.02509698
4179.147439 1.01760386 0.02576161
4179.182289 1.00735856 0.02649093
4179.217140 0.96256259 0.02324837
4179.251991 1.03984738 0.02492276
4179.286843 0.98065884 0.02664188
4179.321694 1.03007298 0.02822768
4179.356546 0.99861553 0.02901925
4179.391398 1.03315025 0.02496077
4179.426251 1.02812276 0.02805575
4179.461104 1.04432910 0.02494636
4179.495957 0.98580266 0.02609052
4179.530810 1.04725351 0.02410866
4179.565664 1.03712580 0.02767628
4179.600518 1.03835373 0.02478579
4179.635372 0.98959484 0.02363627
4179.670227 0.99944896 0.02891489
4179.705081 0.98120124 0.02976297
4179.739937 0.97593994 0.02532858
4179.774792 1.01062731 0.02928504
4179.809648 1.06246473 0.02616003
4179.844504 0.99797789 0.02419689
4179.879360 1.00394080 0.02543061
4179.914217 1.05151281 0.02833788
4179.949073 1.01739691 0.02923109
4179.983931 1.02277490 0.02538466
4180.018788 0.99439835 0.02982408
4180.053646 0.98451956 0.02716757
4180.088504 1.00058808 0.02715639
4180.123362 1.03772203 0.02740047
4180.158221 1.05666730 0.02669193
4180.193080 0.98999070 0.02539263
4180.227939 0.98073248 0.02787049
4180.262798 0.98274484 0.02304223
4180.297658 1.01725737 0.02718493
4180.332518 1.00231409 0.02801970
4180.367379 1.00088231 0.02468409
4180.402239 0.96665217 0.02602347
4180.437100 1.00756786 0.02740842
4180.471962 0.97289989 0.02764424
4180.506823 1.01861211 0.02845232
4180.541685 1.03342720 0.02550269
4180.576547 0.99054247 0.03101809
4180.611409 0.95697044 0.02481225
4180.646272 0.98998921 0.02558501
4180.681135 1.00882563 0.02809597
4180.715998 1.03018517 0.02603983
4180.750862 1.03708859 0.02434928
4180.785726 0.98081517 0.02804686
4180.820590 0.98653593 0.02812877
4180.855454 1.00264655 0.02708920
4180.890319 1.01178882 0.02761080
4180.925184 1.01282770 0.02656597
4180.960049 0.96497144 0.02629632
4180.994915 0.97518775 0.02776762
4181.029781 1.00983146 0.02534032
4181.064647 1.02337845 0.02406484
4181.099514 1.03642581 0.02656851
4181.134380 1.01638336 0.02576988
4181.169247 1.02503703 0.02634027
4181.204115 1.05973575 0.02564322
4181.238982 1.03558813 0.02845369
4181.273850 1.04658858 0.02625923
4181.308718 0.98466757 0.02636853
4181.343587 1.04228382 0.02704355
4181.378456 1.01778548 0.02656343
4181.413325 1.01578660 0.02530740
4181.448194 1.01805718 0.02688702
4181.483064 1.04145242 0.02374314
4181.517934 1.02177929 0.02634999
4181.552804 1.03575738 0.02537953
4181.587675 1.01268129 0.02668402
4181.622546 1.03822923 0.02751509
4181.657417 1.01525966 0.02757616
4181.692288 1.01456512 0.02634475
4181.727160 1.02028595 0.02576451
4181.762032 1.00779974 0.02557977
4181.796904 0.98592078 0.02742669
4181.831777 1.01331562 0.02814180
4181.866649 1.08621869 0.02767576
4181.901523 1.05460556 0.02389389
4181.936396 1.00809747 0.02630097
4181.971270 1.00036398 0.02672875
4182.006144 1.02560444 0.02923430
4182.041018 1.03185658 0.02777109
4182.075893 1.06009509 0.02568449
4182.110768 1.01485109 0.02611535
4182.145643 1.01318693 0.02783508
4182.180518 0.99782304 0.02728616
4182.215394 0.98750314 0.02634377
4182.250270 1.06456389 0.02634204
4182.285147 0.97543380 0.02788191
4182.320023 0.96713732 0.02767370
4182.354900 0.98415206 0.02973603
4182.389777 0.98520638 0.02846218
4182.424655 0.96390744 0.02628667
4182.459533 0.99288519 0.02603843
4182.494411 1.02298741 0.02408583
4182.529289 1.02804758 0.02696021
4182.564168 1.00138266 0.02488121
4182.599047 0.99310738 0.02483170
4182.633926 1.00660806 0.02597163
4182.668806 1.02317981 0.02780418
4182.703686 1.04424067 0.02943649
4182.738566 0.98614641 0.02806934
4182.773446 0.98541821 0.02480783
4182.808327 1.02155297 0.02741110
4182.843208 1.05323846 0.02817036
4182.878089 0.97394651 0.02614695
4182.912971 1.00764161 0.03197581
4182.947853 0.99210353 0.02570376
4182.982735 0.96337034 0.02780817
4183.017617 1.02101693 0.02978936
4183.052500 0.97741852 0.02809299
4183.087383 1.00979062 0.02613439
4183.122266 1.02178454 0.02536108
4183.157150 1.02246168 0.02524745
4183.192034 1.00958026 0.02696290
4183.226918 0.99907174 0.02608748
4183.261803 0.99058696 0.02900785
4183.296688 1.00277147 0.02943181
4183.331573 1.03640314 0.03118846
4183.366458 1.03297392 0.02853313
4183.401344 1.03099616 0.02865000
4183.436230 0.99286334 0.02938816
4183.471116 1.03716970 0.02624768
4183.506002 1.04474303 0.02940505
4183.540889 0.99480325 0.02780747
4183.575776 1.01605689 0.02491880
4183.610664 1.01591836 0.02868147
4183.645551 1.02909932 0.02841563
4183.680439 1.04302829 0.02704692
4183.715328 0.99267591 0.02897423
4183.750216 1.01246420 0.02807116
4183.785105 1.02161037 0.02573486
4183.819994 0.99878277 0.02361668
4183.854884 1.00087691 0.02425488
4183.889774 0.96838076 0.02487704
4183.924664 1.00806743 0.02575672
4183.959554 0.98633394 0.02822216
4183.994444 1.00546886 0.02779885
4184.029335 0.97448926 0.02657475
4184.064227 0.97915147 0.02746683
4184.099118 0.98999362 0.02950527
4184.134010 0.99737023 0.02782378
4184.168902 0.99955289 0.02853632
4184.203794 0.96131163 0.02763595
4184.238687 0.98033625 0.02975289
4184.273580 0.96232967 0.02588073
4184.308473 0.94594123 0.02834118
4184.343367 1.00576144 0.03014705
4184.378260 0.98610955 0.02854434
4184.413155 0.97924611 0.02925553
4184.448049 0.99851362 0.02523600
4184.482944 0.95057708 0.02900429
4184.517839 0.97616980 0.02409959
4184.552734 0.96792302 0.02594777
4184.587629 0.95469187 0.02363497
4184.622525 0.99664147 0.02725533
4184.657421 0.95601157 0.02761527
4184.692318 0.95011366 0.02733145
4184.727215 1.02821064 0.02982523
4184.762112 1.00580315 0.02495690
4184.797009 0.94035645 0.03087309
4184.831906 0.98230596 0.02555627
4184.866804 0.95700076 0.02400435
4184.901703 0.98671455 0.02554970
4184.936601 0.96380266 0.02646957
4184.971500 0.94158103 0.02755662
4185.006399 0.97491059 0.02808471
4185.041298 0.88955876 0.02562144
4185.076198 0.99398373 0.02924305
4185.111098 0.98938040 0.02643099
4185.145998 0.94288006 0.02947974
4185.180898 0.92785446 0.02721392
4185.215799 0.98181053 0.02348664
4185.250700 0.95026710 0.02814216
4185.285602 0.96053349 0.02494324
4185.320503 0.93273246 0.02629933
4185.355405 0.95280696 0.03174088
4185.390308 1.01799860 0.03119948
4185.425210 0.95502102 0.02969025
4185.460113 0.97059395 0.02773626
4185.495016 0.97321913 0.03199926
4185.529920 0.97936023 0.02495715
4185.564823 0.97644854 0.02854182
4185.599727 0.97798414 0.02508561
4185.634632 0.98484560 0.02807271
4185.669536 0.93284974 0.02779987
4185.704441 0.93672920 0.02579162
4185.739346 0.92630547 0.02802911
4185.774252 0.98234137 0.02870063
4185.809157 0.99481025 0.02469849
4185.844063 1.00247417 0.02659980
4185.878970 0.98861145 0.02722378
4185.913876 0.95842303 0.02505713
4185.948783 0.97443251 0.02507508
4185.983690 1.01066183 0.02393892
4186.018598 0.94718265 0.02753470
4186.053506 0.93145715 0.02473827
4186.088414 0.96125451 0.02535725
4186.123322 0.95193297 0.02394724
4186.158231 0.97135275 0.02756901
4186.193140 0.96711262 0.02687329
4186.228049 0.97239311 0.02887021
4186.262959 0.94112765 0.02699900
4186.297868 0.92448221 0.02950687
4186.332778 0.96740792 0.02496224
4186.367689 0.97434068 0.03017020
4186.402600 1.01904796 0.02563121
4186.437511 0.95041470 0.02891181
4186.472422 0.94721393 0.02653789
4186.507333 0.99062202 0.02679911
4186.542245 0.93385961 0.02901591
4186.577157 0.95563487 0.03056448
4186.612070 0.95420594 0.02951507
4186.646983 0.97008355 0.02493148
4186.681896 0.99376687 0.02941050
4186.716809 0.99590152 0.02350547
4186.751723 0.97388969 0.02874816
4186.786636 0.91373553 0.02926731
4186.821551 0.97209330 0.02719901
4186.856465 0.97722876 0.02771109
4186.891380 1.01484422 0.03170789
4186.926295 1.01792666 0.02756585
4186.961210 1.04234200 0.02413630
4186.996126 1.03511158 0.02938211
4187.031042 0.99529819 0.02990535
4187.065958 0.99547049 0.02636152
4187.100875 0.97328214 0.02780275
4187.135791 1.00246618 0.02947175
4187.170708 0.98256685 0.02411162
4187.205626 1.02134582 0.02717219
4187.240544 0.98555667 0.02769894
4187.275462 0.98441962 0.02784375
4187.310380 1.00072993 0.02883935
4187.345298 1.04598825 0.02871698
4187.380217 1.04212195 0.02497324
4187.415136 0.99856266 0.02271667
4187.450056 1.03796367 0.02601378
4187.484975 1.02390984 0.02463947
4187.519895 0.99305272 0.02741879
4187.554816 0.98821423 0.02678630
4187.589736 0.99499888 0.02838102
4187.624657 1.00204155 0.02701027
4187.659578 1.01870023 0.02853195
4187.694500 1.01004403 0.02733859
4187.729422 1.00623032 0.02668095
4187.764344 0.99168728 0.02446383
4187.799266 0.97721668 0.02206722
4187.834189 1.03638937 0.02479842
4187.869112 0.96963276 0.02561686
4187.904035 1.00951746 0.03048773
4187.938958 0.98873593 0.02746968
4187.973882 1.00721960 0.02809067
4188.008806 0.98473911 0.02818188
4188.043731 0.96882614 0.02976613
4188.078655 1.02438107 0.02711083
4188.113580 1.03239723 0.02691427
4188.148505 0.98543444 0.02816490
4188.183431 0.99686108 0.02814961
4188.218357 0.98056780 0.02902347
4188.253283 1.00159568 0.02639607
4188.288209 0.99553600 0.02752041
4188.323136 0.98708479 0.02653678
4188.358063 0.96530523 0.02613125
4188.392990 0.97820098 0.02991390
4188.427918 1.00812976 0.03096619
4188.462846 0.98332130 0.02936254
4188.497774 0.98336581 0.02794160
4188.532703 0.97523891 0.02586708
4188.567631 0.99121788 0.02687855
4188.602560 0.98258883 0.02817111
4188.637490 0.96799711 0.02631026
4188.672419 0.95211156 0.02928351
4188.707349 0.98619062 0.03066276
4188.742279 0.95062601 0.02809597
4188.777210 0.95254459 0.02654715
4188.812141 0.98466001 0.02393408
4188.847072 0.94272576 0.02949813
4188.882003 0.96539484 0.02775824
4188.916935 0.95179854 0.02499976
4188.951867 0.96720927 0.02492106
4188.986799 1.01733942 0.02476237
4189.021731 0.99325795 0.03068875
4189.056664 0.95790697 0.02737313
4189.091597 0.93050896 0.02638704
4189.126531 0.95227293 0.02785440
4189.161465 0.97479167 0.02543219
4189.196399 0.97692387 0.02636559
4189.231333 0.95214996 0.02735666
4189.266267 0.95047889 0.02894768
4189.301202 0.93921783 0.02922656
4189.336137 0.93840322 0.02805525
4189.371073 0.93551408 0.02750178
4189.406009 0.92321573 0.02637512
4189.440945 0.92877848 0.02370609
4189.475881 0.93808167 0.02544321
4189.510818 0.93635290 0.02532608
4189.545754 0.89306096 0.02867036
4189.580692 0.90961477 0.02852071
4189.615629 0.94749798 0.02918338
4189.650567 0.99755504 0.02721228
4189.685505 0.95296770 0.02860913
4189.720443 0.96952082 0.02932570
4189.755382 0.99502627 0.02674980
4189.790321 0.97185963 0.03118841
4189.825260 0.94926245 0.02688541
4189.860200 0.90650046 0.02741753
4189.895140 0.90345441 0.02565298
4189.930080 0.93466211 0.02833343
4189.965020 0.97206488 0.02872622
4189.999961 0.97816181 0.02897624
4190.034902 0.96813088 0.02771175
4190.069843 0.95915120 0.02919195
4190.104785 0.94647724 0.02603642
4190.139726 0.95719763 0.02709737
4190.174669 0.95040513 0.02560639
4190.209611 0.95748297 0.02886216
4190.244554 0.97256571 0.03020044
4190.279497 0.93052691 0.02679568
4190.314440 0.92200776 0.02845051
4190.349384 0.96854587 0.02732403
4190.384328 0.94942238 0.02594975
4190.419272 0.92590174 0.02836538
4190.454216 0.97216943 0.02852437
4190.489161 0.95058958 0.02886529
4190.524106 0.90237008 0.02655890
4190.559051 0.93124602 0.02774149
4190.593997 0.93747956 0.02893338
4190.628943 0.98132365 0.02879406
4190.663889 0.97609499 0.02997872
4190.698836 1.02586139 0.02439434
4190.733783 0.95716284 0.02719712
4190.768730 0.97774159 0.02768492
4190.803677 0.98115096 0.02630683
4190.838625 0.96714594 0.02410783
4190.873573 0.91237036 0.02843578
4190.908521 0.94144670 0.02740156
4190.943470 0.96100727 0.02550837
4190.978418 1.00179055 0.02765640
4191.013368 0.99751947 0.03041991
4191.048317 0.99083980 0.03005425
4191.083267 0.97806118 0.02688226
4191.118217 0.98288356 0.02642762
4191.153167 0.98458809 0.02604190
4191.188118 0.99913061 0.02816988
4191.223069 0.99251511 0.02824186
4191.258020 1.01910404 0.02809014
4191.292971 0.95150023 0.03011228
4191.327923 0.98805193 0.02788064
4191.362875 1.02405530 0.02726286
4191.397827 1.00980314 0.02569524
4191.432780 0.97771546 0.02819977
4191.467733 0.97415321 0.02606630
4191.502686 1.02074303 0.02661150
4191.537640 0.99582514 0.02917421
4191.572594 1.03374596 0.02965412
4191.607548 0.98545379 0.02756655
4191.642502 0.96084998 0.02655645
4191.677457 0.96368601 0.02689256
4191.712412 1.02275031 0.02630690
4191.747367 0.97439435 0.02464693
4191.782323 0.96043934 0.02441215
4191.817278 0.98160995 0.02959379
4191.852235 1.00304548 0.02794627
4191.887191 1.00606407 0.02807413
4191.922148 1.01482760 0.02794636
4191.957105 0.97695491 0.02441223
4191.992062 1.03175112 0.02775906
4192.027020 0.99439698 0.02853957
4192.061977 1.00551579 0.03177783
4192.096936 1.01498474 0.03098343
4192.131894 0.96257515 0.02680049
4192.166853 0.94504095 0.02573709
4192.201812 0.97680530 0.02427148
4192.236771 0.97294088 0.02828344
4192.271731 0.97906617 0.02955074
4192.306691 0.97784434 0.02936156
4192.341651 0.98704735 0.02818781
4192.376612 1.01541505 0.02271924
4192.411572 1.01715475 0.02480780
4192.446533 0.98197048 0.02685316
4192.481495 0.99802003 0.02697654
4192.516457 0.97401180 0.02723885
4192.551419 0.97834167 0.02580298
4192.586381 0.92610255 0.02520292
4192.621343 1.00289410 0.02731426
4192.656306 0.98948037 0.02618699
4192.691269 0.92013267 0.02686253
4192.726233 0.96030200 0.02411920
4192.761196 1.00211640 0.02816982
4192.796160 1.01592337 0.02817975
4192.831125 1.00879351 0.02675742
4192.866089 1.02459733 0.02770340
4192.901054 0.97911811 0.02661670
4192.936019 0.97438591 0.02419265
4192.970985 0.96607230 0.02455561
4193.005951 0.96181808 0.02618268
4193.040917 0.94551318 0.02944594
4193.075883 0.92969495 0.02879844
4193.110850 0.97784064 0.02993646
4193.145817 0.99900428 0.02927103
4193.180784 0.99726754 0.02959092
4193.215751 0.98755845 0.02857605
4193.250719 1.00181294 0.03037877
4193.285687 0.99733432 0.02821705
4193.320656 1.02099529 0.02632978
4193.355624 0.97118434 0.02930477
4193.390593 0.99664356 0.02599294
4193.425563 0.99111169 0.02689966
4193.460532 0.99004855 0.02703364
4193.495502 1.01580173 0.02430742
4193.530472 1.03259289 0.02753350
4193.565442 1.00462668 0.03020201
4193.600413 0.98830061 0.02861535
4193.635384 1.00394540 0.02760621
4193.670356 1.01508123 0.02717139
4193.705327 1.00898632 0.02636839
4193.740299 1.00642185 0.02717222
4193.775271 0.94394558 0.02719041
4193.810244 0.99000877 0.02608717
4193.845216 0.98838820 0.02920782
4193.880189 1.00443967 0.02981644
4193.915163 1.02363771 0.02883944
4193.950136 1.01092628 0.02675357
4193.985110 0.96360207 0.02930381
4194.020085 1.03880076 0.02912469
4194.055059 1.02267226 0.02695075
4194.090034 1.00098313 0.02393382
4194.125009 0.97647790 0.02529144
4194.159984 1.00593786 0.02606208
4194.194960 1.00947806 0.02874249
4194.229936 0.99962368 0.02881543
4194.264912 1.01268251 0.02718181
4194.299889 0.98234406 0.02697745
4194.334866 1.03978048 0.02517277
4194.369843 1.03391412 0.02285292
4194.404820 1.01301212 0.02691239
4194.439798 0.99852472 0.02829730
4194.474776 0.98644357 0.02845044
4194.509754 0.95156054 0.02714134
4194.544733 0.99856304 0.02758650
4194.579712 1.02412489 0.02552108
4194.614691 1.03409592 0.02694313
4194.649670 1.06017645 0.02661208
4194.684650 1.02551413 0.02723767
4194.719630 1.02565920 0.02783460
4194.754610 1.01103725 0.02673335
4194.789591 0.93864280 0.02793039
4194.824572 1.00947977 0.03013070
4194.859553 0.98055525 0.02633153
4194.894535 0.99060387 0.02771930
4194.929517 0.99348885 0.02817215
4194.964499 0.97272241 0.02763467
4194.999481 0.98584730 0.02425507
4195.034464 0.96964240 0.02293470
4195.069447 0.98134905 0.02856133
4195.104430 1.02521109 0.02849055
4195.139414 1.03796792 0.02791375
4195.174397 1.01250376 0.02889206
4195.209381 0.97079637 0.02991353
4195.244366 0.99954480 0.02834070
4195.279351 1.01067351 0.02801829
4195.314336 0.98728021 0.02806103
4195.349321 0.96625946 0.02694332
4195.384307 0.95559514 0.03113928
4195.419292 1.02276536 0.02782188
4195.454279 1.01393495 0.03111245
4195.489265 0.98688351 0.03126113
4195.524252 0.99356411 0.02755297
4195.559239 0.96581901 0.02709118
4195.594226 0.96855108 0.02966784
4195.629214 1.00314769 0.02557762
4195.664202 0.96734675 0.02535314
4195.699190 0.93296968 0.02735893
4195.734179 0.99305952 0.02478677
4195.769167 1.03540346 0.02676989
4195.804156 1.01053596 0.02681979
4195.839146 1.03342794 0.02598197
4195.874135 1.04817864 0.02811371
4195.909125 0.98985116 0.02860643
4195.944116 1.01371271 0.02541070
4195.979106 0.95917296 0.02529015
4196.014097 0.99177920 0.02726420
4196.049088 0.99660554 0.02796032
4196.084080 1.00355510 0.02824614
4196.119071 0.94321255 0.03019009
4196.154063 0.97826022 0.02604280
4196.189056 0.98984683 0.02699330
4196.224048 1.00181262 0.02616482
4196.259041 1.00659366 0.03051354
4196.294034 1.02214312 0.02639186
4196.329028 0.98447769 0.02626330
4196.364022 1.00520506 0.02667331
4196.399016 1.04813467 0.02478194
4196.434010 1.00877119 0.02783240
4196.469005 0.94212178 0.02757192
4196.504000 0.96668658 0.02764626
4196.538995 0.96242658 0.02573926
4196.573990 0.98515063 0.02792683
4196.608986 0.99367507 0.02683287
4196.643982 1.04530194 0.02224808
4196.678979 1.01176308 0.02476860
4196.713975 1.01066787 0.03132907
4196.748972 0.97759125 0.02787605
4196.783970 1.00446281 0.02821871
4196.818967 1.00535921 0.03121610
4196.853965 1.00008974 0.02709457
4196.888963 0.95415590 0.02953439
4196.923962 0.96420882 0.03067209
4196.958960 0.98754835 0.02660802
4196.993959 1.01063937 0.02796767
4197.028959 0.97455168 0.02638201
4197.063958 0.93464869 0.02661095
4197.098958 0.97835024 0.02955495
4197.133958 0.99910807 0.02822315
4197.168959 1.00670389 0.02509389
4197.203959 0.97740805 0.02729165
4197.238961 0.98205705 0.02634536
4197.273962 1.02055748 0.02776505
4197.308964 0.97113371 0.02819084
4197.343965 0.99834963 0.02655463
4197.378968 0.99841322 0.02372825
4197.413970 0.97759160 0.03006082
4197.448973 1.01657131 0.02936205
4197.483976 0.99048006 0.02810211
4197.518980 0.94230487 0.02455867
4197.553983 1.01905473 0.02510340
4197.588987 1.01946398 0.02685764
4197.623991 1.00255284 0.02778174
4197.658996 0.95684197 0.02760560
4197.694001 0.99098245 0.02807871
4197.729006 0.96114245 0.02567549
4197.764011 0.98387909 0.02629372
4197.799017 0.99050243 0.02491508
4197.834023 0.96501107 0.02505074
4197.869030 0.91978053 0.03131849
4197.904036 0.90878004 0.02524259
4197.939043 0.97355519 0.02593690
4197.974050 0.99976176 0.02667504
4198.009058 1.04522435 0.02840833
4198.044065 1.02817948 0.02916527
4198.079074 1.02848319 0.02606928
4198.114082 1.01804571 0.02366299
4198.149091 1.00998633 0.02599744
4198.184099 1.02051976 0.02812405
4198.219109 1.01702825 0.02573477
4198.254118 1.00593978 0.02606275
4198.289128 0.96024182 0.02801703
4198.324138 1.01411408 0.02726448
4198.359149 1.00785871 0.02551848
4198.394159 0.99926864 0.02700587
4198.429170 1.03413650 0.02613437
4198.464182 0.99565885 0.02525485
4198.499193 1.00327909 0.02673496
4198.534205 1.00372838 0.02617671
4198.569217 0.99584745 0.02389282
4198.604230 1.01483635 0.02794179
4198.639242 0.95714893 0.02732832
4198.674255 1.00419976 0.02516256
4198.709269 1.02889877 0.02666481
4198.744282 0.98393468 0.02697040
4198.779296 0.98666356 0.02427657
4198.814310 1.02656115 0.02607576
4198.849325 0.98584635 0.02689480
4198.884340 0.97826634 0.02797890
4198.919355 1.01030754 0.02852015
4198.954370 1.01666691 0.02997822
4198.989386 1.04575756 0.02938546
4199.024402 0.97783394 0.02834550
4199.059418 0.97004050 0.02729704
4199.094434 1.03947115 0.02345896
4199.129451 1.04591846 0.02907270
4199.164468 0.99337945 0.02893704
4199.199486 1.01497586 0.02814431
4199.234503 1.00098349 0.02591201
4199.269521 0.99140849 0.02611041
4199.304540 0.97161299 0.02750125
4199.339558 1.00387421 0.02745854
4199.374577 1.03041455 0.02939509
4199.409596 1.00327189 0.03102701
4199.444616 0.97008715 0.02783678
4199.479636 0.99864690 0.02881495
4199.514656 1.00551117 0.03015412
4199.549676 0.95948935 0.02516783
4199.584697 0.99147256 0.02879866
4199.619717 0.96152259 0.02529992
4199.654739 0.97839530 0.02912409
4199.689760 1.01506303 0.02851565
4199.724782 1.01703062 0.02847900
4199.759804 1.00589386 0.02515074
4199.794826 0.98853128 0.02705613
4199.829849 0.98931407 0.02716316
4199.864872 1.02405981 0.02829033
4199.899895 1.01332542 0.02686952
4199.934919 0.96871867 0.02804992
4199.969943 1.00399466 0.02715255
4200.004967 1.03421247 0.02455643
4200.039991 0.97545725 0.02877621
4200.075016 0.98450082 0.02760908
4200.110041 0.99825157 0.02455082
4200.145066 1.01304671 0.02683147
4200.180092 0.96922158 0.02992725
4200.215118 1.02357465 0.02692993
4200.250144 1.06356375 0.02924553
4200.285170 1.02886674 0.02793120
4200.320197 1.00042483 0.02911438
4200.355224 1.00560390 0.02565955
4200.390251 0.95582127 0.02609760
4200.425279 0.96472329 0.02526669
4200.460307 1.07135278 0.02690833
4200.495335 1.03498531 0.02995405
4200.530364 0.99861480 0.02995393
4200.565392 0.99610640 0.02770284
4200.600422 0.98680943 0.02754486
4200.635451 1.00786714 0.02654089
4200.670481 1.02767320 0.02651285
4200.705511 0.98605094 0.02864653
4200.740541 1.05771237 0.02978959
4200.775571 1.02719608 0.03087689
4200.810602 1.01513215 0.03017810
4200.845633 0.99901652 0.02520208
4200.880665 1.00990249 0.02731403
4200.915697 0.96409590 0.02892404
4200.950729 0.99518186 0.02451766
4200.985761 1.00842432 0.02631464
4201.020793 0.99954535 0.02364823
4201.055826 0.99921594 0.02932323
4201.090860 1.00973938 0.02619150
4201.125893 1.01641254 0.02811373
4201.160927 1.03155764 0.02721078
4201.195961 0.97135402 0.02639705
4201.230995 0.95354464 0.02981048
4201.266030 0.99226348 0.02374595
4201.301065 1.02201289 0.02604652
4201.336100 1.00147616 0.02446516
4201.371135 0.99345366 0.02772519
4201.406171 1.02620635 0.02721219
4201.441207 1.03421183 0.02822770
4201.476244 1.03920925 0.02748202
4201.511280 1.02267917 0.02567198
4201.546317 0.99985118 0.02535198
4201.581355 0.99668479 0.02678393
4201.616392 1.04131376 0.02481550
4201.651430 0.98667152 0.02851574
4201.686468 1.00707387 0.02611756
4201.721507 0.99707367 0.02779280
4201.756545 0.97357958 0.03110218
4201.791584 1.03366384 0.02667290
4201.826624 0.96496125 0.03306437
4201.861663 0.96482506 0.03001204
4201.896703 1.01957111 0.03177904
4201.931744 1.04167417 0.02637342
4201.966784 1.01602858 0.02710144
4202.001825 1.00226681 0.02712290
4202.036866 0.97451150 0.02709821
4202.071907 0.97765867 0.02741073
4202.106949 0.98054263 0.02482535
4202.141991 0.91783988 0.02934732
4202.177033 0.98086001 0.02550544
4202.212076 1.02263097 0.02845752
4202.247118 0.99882968 0.02982629
4202.282162 0.99232791 0.02821400
4202.317205 0.98570899 0.03071636
4202.352249 1.00392241 0.02573911
4202.387293 0.96700986 0.02587914
4202.422337 1.00558560 0.02998753
4202.457381 0.99899468 0.02841171
4202.492426 1.00199664 0.02669755
4202.527472 0.99589990 0.02748226
4202.562517 1.03584078 0.02808385
4202.597563 1.04107079 0.02656009
4202.632609 1.00775380 0.03071465
4202.667655 1.02044526 0.02672458
4202.702702 0.96951045 0.02843411
4202.737749 1.00065057 0.02548003
4202.772796 1.02796237 0.02643167
4202.807843 1.03374446 0.02792710
4202.842891 1.00338349 0.03067729
4202.877939 0.99992152 0.02444421
4202.912988 0.99361172 0.02567160
4202.948036 0.96027360 0.02657404
4202.983085 0.95223793 0.02967903
4203.018134 0.97515106 0.02596935
4203.053184 1.00756234 0.02829322
4203.088234 0.98086378 0.02878775
4203.123284 0.98759697 0.02540725
4203.158334 0.97788118 0.02971481
4203.193385 0.96042962 0.02775941
4203.228436 1.00243772 0.02833777
4203.263487 0.91835540 0.02760656
4203.298539 0.94339866 0.02600704
4203.333591 0.97951795 0.02592769
4203.368643 0.98891069 0.02769609
4203.403696 0.95761001 0.02839183
4203.438748 0.96426652 0.02504074
4203.473801 0.97369502 0.02746486
4203.508855 0.98483464 0.03313654
4203.543908 1.00814337 0.02794939
4203.578962 1.03652416 0.02895048
4203.614016 1.05927870 0.02797263
4203.649071 0.99685383 0.03118859
4203.684126 0.99360663 0.02582913
4203.719181 0.99326574 0.02630070
4203.754236 1.03293269 0.02817636
4203.789292 1.04349480 0.02428856
4203.824348 0.98124367 0.02768287
4203.859404 0.94238748 0.02605194
4203.894461 0.98007488 0.03066838
4203.929518 0.98497629 0.02663125
4203.964575 0.92656428 0.02871818
4203.999632 0.97882732 0.02674066
4204.034690 0.99784310 0.02936741
4204.069748 1.02197568 0.03152084
4204.104806 0.98332296 0.02884328
4204.139865 0.99250208 0.02619054
4204.174924 0.96157257 0.03017051
4204.209983 0.98117114 0.02677917
4204.245042 0.99378876 0.03031934
4204.280102 0.98886875 0.03283846
4204.315162 0.93635447 0.02884197
4204.350223 1.01117417 0.02703848
4204.385283 1.04022080 0.02498656
4204.420344 0.99005627 0.03080932
4204.455405 0.94500176 0.02809981
4204.490467 1.03971758 0.02839212
4204.525529 1.00795495 0.03070931
4204.560591 0.98865947 0.02525930
4204.595653 0.99253573 0.02764699
4204.630716 1.01660069 0.02851423
4204.665779 1.01017169 0.02952358
4204.700842 1.02041809 0.02788390
4204.735906 0.99013008 0.02843273
4204.770970 0.97334423 0.02518823
4204.806034 1.01793380 0.02841218
4204.841098 0.97572162 0.02770442
4204.876163 0.97653911 0.02932330
4204.911228 0.97150467 0.02658634
4204.946294 1.01327419 0.02617279
4204.981359 0.98589239 0.02716981
4205.016425 1.00309727 0.02933344
4205.051491 1.00561034 0.02557507
4205.086558 1.01931926 0.02607046
4205.121625 0.99793924 0.02553256
4205.156692 0.97756502 0.02648966
4205.191759 1.02376745 0.02747768
4205.226827 1.00884107 0.03031670
4205.261895 0.99842224 0.02606905
4205.296963 0.99004269 0.02903132
4205.332031 1.02777078 0.02763248
4205.367100 1.07738334 0.02636626
4205.402169 1.00500341 0.02301660
4205.437239 0.98232841 0.02821987
4205.472309 0.98775818 0.02618592
4205.507379 0.97749812 0.02878470
4205.542449 1.03242550 0.02625494
4205.577519 0.99649290 0.03045780
4205.612590 0.98771855 0.02447361
4205.647662 0.97747602 0.02727277
4205.682733 0.95892293 0.02783760
4205.717805 0.95493997 0.02609368
4205.752877 1.00050067 0.02941615
4205.787949 0.99668001 0.02918767
4205.823022 1.00528086 0.03058535
4205.858095 1.03153278 0.02623174
4205.893168 1.03763256 0.02524788
4205.928242 0.98724611 0.02585437
4205.963315 0.96156885 0.02414356
4205.998389 0.97521279 0.02726810
4206.033464 1.04442456 0.02951419
4206.068539 1.02390883 0.02979445
4206.103614 1.03201282 0.02830781
4206.138689 0.99747219 0.03074942
4206.173764 1.00942402 0.02717460
4206.208840 1.03348824 0.02734167
4206.243916 1.00905079 0.02710376
4206.278993 0.98808606 0.03085618
4206.314070 1.02471926 0.02622760
4206.349147 1.05349477 0.02996035
4206.384224 1.03128614 0.02640281
4206.419302 1.01963001 0.02517890
4206.454379 0.99265509 0.02917913
4206.489458 1.01142433 0.02814620
4206.524536 0.99792140 0.02977320
4206.559615 0.99112067 0.02370203
4206.594694 0.98733162 0.02911334
4206.629773 0.98733154 0.02957782
4206.664853 0.97731064 0.02661832
4206.699933 1.00076168 0.02409809
4206.735013 1.04165749 0.02713707
4206.770094 1.02913287 0.03071165
4206.805175 1.00585306 0.02949196
4206.840256 1.04223452 0.02566823
4206.875337 1.06492697 0.02459276
4206.910419 1.01321623 0.02760373
4206.945501 1.04457306 0.02619849
4206.980583 0.97812632 0.02733577
4207.015666 0.99085664 0.02623350
4207.050749 0.99132917 0.02822169
4207.085832 1.00601472 0.02598070
4207.120915 1.03053297 0.02278909
4207.155999 0.99433893 0.02521098
4207.191083 1.02469245 0.02930019
4207.226167 0.99923855 0.02655063
4207.261252 1.01309770 0.02524232
4207.296337 1.00565577 0.02640673
4207.331422 0.97442660 0.02841911
4207.366508 0.97671665 0.02550591
4207.401593 0.98793689 0.03304119
4207.436680 0.99899619 0.03238893
4207.471766 1.00808683 0.02676484
4207.506853 0.98798559 0.02856376
4207.541940 1.01385105 0.02633396
4207.577027 0.99131994 0.02655011
4207.612114 0.99831414 0.02646758
4207.647202 0.98224843 0.02708963
4207.682290 0.99873683 0.02513685
4207.717379 0.97935801 0.02719324
4207.752468 0.93379094 0.03005708
4207.787557 0.95671354 0.03071463
4207.822646 0.99650143 0.03063344
4207.857736 1.00166271 0.02809292
4207.892826 0.99299518 0.02791863
4207.927916 0.99807820 0.02710713
4207.963006 0.99393771 0.03157539
4207.998097 0.98051783 0.02899676
4208.033188 0.99763795 0.02633917
4208.068279 0.97377115 0.02793879
4208.103371 0.98507635 0.02746906
4208.138463 1.04574396 0.02418570
4208.173555 1.03504154 0.02780695
4208.208648 0.99220909 0.02880753
4208.243741 0.97747320 0.02711578
4208.278834 0.98605295 0.02504777
4208.313927 0.93608653 0.02515845
4208.349021 1.00304271 0.02531717
4208.384115 1.05420576 0.02659308
4208.419209 1.04555910 0.02790713
4208.454304 1.00480867 0.02858135
4208.489399 0.98000162 0.02743745
4208.524494 1.04823892 0.02594618
4208.559589 1.00608718 0.02779659
4208.594685 1.02015765 0.02791260
4208.629781 1.02484344 0.02932366
4208.664877 0.98646083 0.02874140
4208.699974 0.96875910 0.02696451
4208.735071 1.00710896 0.02584339
4208.770168 1.03785875 0.02591291
4208.805266 0.97971279 0.02746797
4208.840363 0.98982510 0.02936746
4208.875462 1.00700647 0.02560870
4208.910560 0.95601857 0.02728600
4208.945659 0.97834212 0.03056606
4208.980758 1.01472221 0.02789209
4209.015857 0.99592651 0.02834069
4209.050956 1.01759297 0.02658878
4209.086056 1.01679823 0.02581758
4209.121156 1.00521098 0.02871511
4209.156257 1.00554501 0.02451571
4209.191358 1.03430921 0.02705222
4209.226459 1.05209926 0.02679172
4209.261560 0.98888969 0.02898410
4209.296662 0.99377050 0.02317215
4209.331763 0.99744190 0.02514669
4209.366866 1.02231814 0.02685305
4209.401968 1.04651705 0.02604016
4209.437071 1.03701240 0.02504291
4209.472174 1.01611985 0.02931240
4209.507277 1.01622244 0.02921595
4209.542381 1.01737588 0.02767134
4209.577485 0.98859530 0.02831115
4209.612589 1.02738766 0.02569128
4209.647694 1.03542470 0.02849342
4209.682799 0.96420869 0.02770394
4209.717904 1.00847731 0.02590456
4209.753009 1.03108768 0.02686919
4209.788115 1.01542814 0.02778583
4209.823221 0.95812692 0.02824492
4209.858327 0.97963897 0.03004165
4209.893434 0.97292932 0.02977962
4209.928541 1.00350547 0.03108786
4209.963648 0.99874431 0.02813106
4209.998755 0.98898541 0.02836375
4210.033863 1.00300891 0.02580179
4210.068971 0.96368797 0.02584261
4210.104079 0.97966754 0.03108926
4210.139188 1.00698222 0.02716380
4210.174297 0.99770077 0.02530384
4210.209406 1.05766183 0.02595675
4210.244516 1.00019595 0.02837205
4210.279626 1.03230827 0.02567901
4210.314736 0.97635333 0.02955573
4210.349846 0.94765729 0.02777755
4210.384957 0.98431217 0.02719200
4210.420068 1.04137005 0.02361450
4210.455179 1.00109540 0.02669254
4210.490290 1.02729569 0.02826953
4210.525402 1.01719186 0.03038684
4210.560514 0.97972913 0.02433789
4210.595627 0.98491752 0.02500223
4210.630740 0.99342181 0.02727007
4210.665853 0.98979934 0.02835080
4210.700966 1.00424283 0.02875260
4210.736080 0.96884060 0.02896830
4210.771194 0.98536997 0.02578758
4210.806308 1.01128372 0.02703551
4210.841422 1.00192662 0.02843010
4210.876537 1.02808887 0.02717035
4210.911652 1.01619995 0.02691683
4210.946767 1.00233136 0.02868201
4210.981883 0.99146067 0.02959181
4211.016999 0.99763524 0.02971618
4211.052115 0.97299412 0.02726816
4211.087232 0.96605424 0.02824286
4211.122349 0.99173335 0.02542836
4211.157466 0.99381451 0.02343307
4211.192583 1.01706367 0.02774277
4211.227701 0.97744802 0.02812461
4211.262819 0.99865421 0.02931637
4211.297937 1.00168831 0.02752254
4211.333056 0.97585588 0.02780955
4211.368175 0.99121244 0.02513622
4211.403294 1.00056221 0.02756839
4211.438413 1.00457590 0.02739138
4211.473533 1.00398029 0.02736809
4211.508653 1.01384781 0.02858373
4211.543774 1.00744464 0.02723889
4211.578894 1.02611170 0.02973395
4211.614015 1.02443904 0.03268775
4211.649136 1.01688974 0.02493158
4211.684258 0.97955636 0.02478678
4211.719380 1.00629872 0.02512584
4211.754502 1.00886056 0.02639258
4211.789624 1.02403723 0.02976271
4211.824747 1.01816175 0.02605737
4211.859870 0.98387602 0.02715247
4211.894993 0.99496258 0.02568810
4211.930117 0.96914103 0.02681199
4211.965241 1.02274284 0.02646076
4212.000365 1.02228437 0.02994398
4212.035489 0.98676458 0.02615449
4212.070614 0.99893181 0.02700611
4212.105739 1.04519943 0.02774465
4212.140864 1.03529390 0.02520164
4212.175990 1.06330434 0.02360232
4212.211116 1.03656127 0.03048052
4212.246242 1.00738804 0.02556806
4212.281369 1.00103079 0.02668165
4212.316495 1.01738605 0.02693539
4212.351622 1.00184523 0.02712299
4212.386750 0.99896413 0.02786034
4212.421877 0.97587793 0.03147294
4212.457005 1.01850101 0.02352114
4212.492134 0.97540963 0.02514022
4212.527262 1.00490285 0.02591875
4212.562391 1.00132932 0.03003328
4212.597520 1.01490627 0.03002333
4212.632650 1.01277378 0.02864294
4212.667779 0.99462051 0.02587402
4212.702909 1.00711906 0.02785009
4212.738040 1.00930450 0.02737066
4212.773170 1.06080944 0.02553301
4212.808301 1.00086767 0.02435986
4212.843432 1.02775202 0.02515295
4212.878564 1.04431529 0.02397406
4212.913696 1.00920138 0.02506653
4212.948828 1.02405302 0.02899770
4212.983960 0.98065853 0.02789573
4213.019093 1.03667220 0.02550394
4213.054226 1.02339033 0.02675707
4213.089359 0.99308169 0.02808433
4213.124492 1.03237299 0.02997191
4213.159626 1.02505419 0.02821361
4213.194760 0.98893446 0.02839713
4213.229895 1.00670090 0.02653189
4213.265029 0.98605553 0.02402117
4213.300164 1.03540237 0.02742523
4213.335300 1.05912111 0.02825716
4213.370435 0.99971737 0.02660733
4213.405571 0.99853210 0.02406927
4213.440707 1.01574200 0.02799270
4213.475844 1.02944571 0.02868558
4213.510981 0.99369149 0.02744445
4213.546118 1.02512801 0.02703316
4213.581255 1.00095173 0.02508359
4213.616393 1.00460346 0.02818485
4213.651530 0.99420776 0.02562346
4213.686669 1.03998418 0.02537791
4213.721807 1.05345421 0.02557406
4213.756946 0.99496237 0.02833367
4213.792085 0.97194777 0.03078242
4213.827225 1.04790191 0.02808021
4213.862364 1.03401964 0.02406412
4213.897504 0.95945125 0.02859838
4213.932644 0.95050171 0.02642079
4213.967785 0.99775653 0.02618934
4214.002926 1.01729248 0.02723765
4214.038067 1.02660784 0.02659807
4214.073208 1.03143194 0.02526726
4214.108350 1.02839729 0.02413217
4214.143492 1.00386188 0.02891423
4214.178635 1.00883627 0.02795254
4214.213777 0.97558593 0.02739237
4214.248920 1.01893360 0.02607031
4214.284063 1.03491375 0.02875957
4214.319207 1.01257041 0.02791241
4214.354351 1.00629499 0.02439340
4214.389495 1.02244455 0.02726082
4214.424639 1.04069380 0.02549167
4214.459784 1.05312206 0.02464549
4214.494929 0.96541846 0.02494091
4214.530074 0.98846327 0.02701898
4214.565219 0.99401624 0.02876801
4214.600365 1.01968957 0.02772205
4214.635511 1.03855519 0.02675909
4214.670658 1.01816195 0.02774623
4214.705805 1.03487266 0.02614175
4214.740952 0.99885026 0.02763520
4214.776099 1.02601986 0.02581299
4214.811246 1.05194096 0.02470242
4214.846394 1.01042720 0.02856075
4214.881542 0.95939321 0.02525454
4214.916691 1.02991163 0.02853820
4214.951840 1.02758621 0.02819513
4214.986989 1.02772079 0.02464765
4215.022138 0.97825722 0.02500569
4215.057288 1.00548426 0.02806578
4215.092438 1.06777305 0.02699892
4215.127588 1.02469651 0.02940000
4215.162739 1.01401938 0.02956420
4215.197889 0.99212347 0.02684089
4215.233040 1.03865523 0.02722609
4215.268192 1.00903015 0.02792424
4215.303344 1.00565300 0.03279125
4215.338496 1.02008461 0.02781817
4215.373648 0.98245110 0.03271945
4215.408800 1.01860576 0.02671677
4215.443953 1.04155782 0.02388320
4215.479106 1.00442404 0.02925407
4215.514260 1.03804953 0.02627879
4215.549414 1.01585219 0.02903641
4215.584568 0.97854139 0.02647902
4215.619722 0.97971845 0.03104497
4215.654877 0.97624674 0.02542180
4215.690032 1.02823147 0.02862943
4215.725187 1.03531164 0.01986193
4215.760342 0.99992398 0.02424911
4215.795498 0.98730321 0.02818133
4215.830654 0.97778956 0.02705999
4215.865811 0.97978030 0.03119427
4215.900967 1.02327624 0.02973606
4215.936124 1.02598067 0.02539087
4215.971282 1.03732649 0.02514384
4216.006439 1.00565190 0.02759031
4216.041597 0.99915888 0.02919839
4216.076755 1.02163925 0.02784006
4216.111914 1.05312523 0.02709431
4216.147072 1.03532482 0.02867709
4216.182231 1.01836741 0.02631635
4216.217391 1.00351867 0.02814972
4216.252550 0.99831444 0.02956244
4216.287710 0.99767931 0.02750926
4216.322870 1.00739854 0.02626360
4216.358031 1.00143836 0.02861798
4216.393192 0.99102820 0.02842600
4216.428353 1.02195286 0.02666157
4216.463514 0.98416396 0.02373425
4216.498676 1.03394216 0.02604677
4216.533838 1.01248211 0.02931938
4216.569000 1.01061334 0.02512582
4216.604163 1.01551187 0.02525261
4216.639325 1.01092111 0.02471894
4216.674488 0.99620600 0.02947251
4216.709652 1.02651961 0.02804374
4216.744816 1.01124048 0.02820856
4216.779980 1.00270447 0.02772613
4216.815144 0.96714689 0.02476847
4216.850309 1.01687915 0.03050566
4216.885473 1.03031433 0.02806871
4216.920639 1.00179076 0.02852861
4216.955804 0.97013393 0.02534511
4216.990970 0.97811691 0.02648096
4217.026136 0.99368260 0.02821110
4217.061302 1.00366876 0.02904555
4217.096469 1.03108101 0.02672974
4217.131636 1.03791432 0.02873286
4217.166803 0.98823772 0.02879358
4217.201971 1.03658581 0.02738941
4217.237139 1.00059828 0.02548253
4217.272307 0.96261316 0.02500092
4217.307475 1.03199028 0.02622570
4217.342644 1.01193581 0.02384531
4217.377813 0.97996604 0.02565089
4217.412982 1.00230784 0.02609432
4217.448152 1.02713676 0.02502831
4217.483322 1.02150060 0.02918704
4217.518492 1.00915599 0.02969020
4217.553662 1.03753621 0.02921128
4217.588833 1.02381103 0.02678812
4217.624004 1.02111790 0.02797006
4217.659175 0.96994917 0.02527265
4217.694347 1.01387808 0.02687900
4217.729519 1.02550602 0.02647764
4217.764691 1.03606226 0.02530135
4217.799864 1.00104255 0.02808690
4217.835036 1.06102211 0.02378447
4217.870210 1.02462137 0.02838799
4217.905383 0.97479659 0.02812571
4217.940557 0.96660949 0.02709937
4217.975731 0.96141164 0.02851941
4218.010905 0.94342813 0.02502971
4218.046079 0.98738263 0.03006514
4218.081254 1.00628598 0.02728738
4218.116429 0.97780194 0.02609330
4218.151605 0.97628869 0.02468329
4218.186781 0.96135187 0.02456373
4218.221957 1.00093697 0.02762609
4218.257133 1.05268972 0.02560989
4218.292310 1.05182667 0.02384678
4218.327487 1.06512035 0.02291496
4218.362664 1.03312573 0.02690260
4218.397841 1.01366663 0.03183878
4218.433019 1.02750065 0.02868347
4218.468197 1.03203216 0.03027310
4218.503376 1.05238756 0.02475995
4218.538554 1.04113146 0.02666500
4218.573733 1.03405079 0.02573279
4218.608912 0.98448938 0.02755452
4218.644092 0.96422311 0.02393853
4218.679272 0.97222863 0.02497244
4218.714452 1.02495457 0.02420085
4218.749632 1.01826594 0.02834408
4218.784813 1.02109720 0.03069955
4218.819994 1.00434598 0.02805786
4218.855176 0.99049252 0.02910804
4218.890357 0.99684473 0.02889676
4218.925539 1.05167692 0.02913803
4218.960721 1.04082662 0.02919865
4218.995904 1.02096191 0.02775557
4219.031087 1.02073701 0.03115731
4219.066270 1.00017170 0.02735607
4219.101453 1.00701680 0.02787616
4219.136637 1.02768644 0.02630860
4219.171821 1.01824588 0.02564352
4219.207005 0.98750640 0.02561501
4219.242189 0.98729111 0.02889233
4219.277374 0.96446309 0.02828654
4219.312559 0.98178921 0.03086665
4219.347745 1.02149424 0.02713513
4219.382931 1.08464331 0.03022677
4219.418117 1.01751214 0.02713628
4219.453303 1.04402367 0.02500590
4219.488489 1.02586831 0.02472215
4219.523676 1.00173116 0.02941031
4219.558864 0.99874821 0.02863847
4219.594051 1.03668486 0.02464930
4219.629239 0.98650791 0.02853091
4219.664427 0.99993795 0.03069156
4219.699615 0.99904738 0.02675228
4219.734804 1.00280344 0.02815132
4219.769993 1.02730352 0.02887264
4219.805182 1.01387519 0.02773221
4219.840372 0.99026206 0.02739075
4219.875561 1.01702901 0.02630398
4219.910752 0.98544758 0.03008555
4219.945942 0.97460433 0.02821993
4219.981133 0.98019913 0.02698336
4220.016324 1.01352080 0.02731947
4220.051515 1.04643112 0.02573532
4220.086707 1.02576105 0.02577377
4220.121898 0.99762283 0.02851217
4220.157091 1.02671688 0.02752032
4220.192283 1.05407856 0.02279950
4220.227476 1.01598028 0.02798009
4220.262669 1.00625257 0.02794054
4220.297862 1.02565647 0.02741618
4220.333056 1.02104469 0.03024129
4220.368250 1.05377506 0.02641345
4220.403444 1.02429571 0.02780341
4220.438639 1.03648488 0.02412674
4220.473833 0.99988212 0.02846936
4220.509029 1.00931828 0.02744442
4220.544224 1.00654749 0.02738073
4220.579420 1.02098335 0.02450548
4220.614616 1.03984011 0.02870574
4220.649812 1.01890369 0.02620575
4220.685008 1.00947592 0.02522155
4220.720205 0.97534463 0.02643943
4220.755402 1.00690715 0.02839461
4220.790600 0.96594616 0.02603698
4220.825798 1.00229082 0.02792971
4220.860996 1.00588166 0.02784943
4220.896194 1.01236780 0.02658061
4220.931393 1.03489214 0.02515980
4220.966592 1.01845080 0.02781974
4221.001791 1.02204287 0.02661937
4221.036990 1.02174157 0.02908223
4221.072190 0.98636170 0.02817741
4221.107390 0.94102705 0.02307295
4221.142591 0.98707414 0.02523086
4221.177791 0.94189752 0.02279498
4221.212992 0.95379122 0.03182760
4221.248194 0.98375196 0.02745500
4221.283395 1.01241597 0.02986398
4221.318597 0.97291419 0.02822346
4221.353799 0.97172235 0.02339592
4221.389002 0.97720401 0.02866966
4221.424204 0.97362603 0.02767817
4221.459407 1.02228630 0.02756471
4221.494611 1.02273356 0.02774877
4221.529814 0.97700685 0.02494023
4221.565018 1.01520745 0.02609650
4221.600223 1.03899935 0.02605380
4221.635427 1.02500265 0.02587988
4221.670632 0.97555575 0.02442291
4221.705837 1.00947974 0.02501975
4221.741042 1.03765411 0.02364843
4221.776248 0.98383861 0.02682258
4221.811454 1.02249086 0.02809636
4221.846660 0.98103116 0.02792830
4221.881867 0.92122727 0.02756979
4221.917074 0.95162313 0.02731070
4221.952281 0.98454659 0.02949237
4221.987488 0.97628024 0.02609250
4222.022696 0.97737734 0.02787399
4222.057904 1.00777194 0.02296626
4222.093112 1.00612874 0.02926302
4222.128321 0.94484977 0.02870995
4222.163530 1.01314961 0.02879030
4222.198739 1.01890604 0.02622175
4222.233948 1.00207945 0.02955427
4222.269158 0.99619915 0.03206261
4222.304368 0.96017383 0.02894999
4222.339579 0.99483710 0.02787111
4222.374789 0.97731069 0.02643190
4222.410000 0.98764439 0.02511819
4222.445212 1.01338685 0.02947317
4222.480423 0.97158554 0.02951481
4222.515635 0.96224315 0.02726436
4222.550847 0.92446737 0.02743971
4222.586060 0.97320716 0.02546830
4222.621272 0.99489766 0.02691022
4222.656485 1.04642130 0.02698335
4222.691699 1.05671730 0.02352528
4222.726912 0.99313827 0.02639479
4222.762126 0.98519325 0.02549505
4222.797340 1.04738417 0.02296003
4222.832555 1.04520475 0.02373593
4222.867770 1.01606393 0.02670352
4222.902985 1.00448742 0.02757931
4222.938200 0.96175917 0.02792748
4222.973416 1.00178531 0.02639608
4223.008632 1.02034627 0.02566454
4223.043848 0.98269741 0.02797983
4223.079064 0.98353899 0.02907126
4223.114281 0.99573200 0.02245832
4223.149498 0.97565795 0.02774133
4223.184716 1.02081594 0.02384645
4223.219934 0.98395608 0.02770733
4223.255152 0.94774191 0.02806615
4223.290370 1.02564382 0.02787191
4223.325588 0.99531462 0.02464678
4223.360807 0.98301992 0.02707727
4223.396027 0.97315154 0.02960378
4223.431246 1.00155970 0.02791521
4223.466466 1.03824562 0.02434665
4223.501686 1.00592565 0.02630075
4223.536906 0.99589949 0.02503275
4223.572127 1.00850396 0.03016755
4223.607348 1.01829778 0.02819614
4223.642569 0.97591696 0.03041503
4223.677791 0.96529319 0.02539575
4223.713012 1.00473537 0.02771212
4223.748235 0.99467306 0.02989241
4223.783457 0.97545468 0.02951927
4223.818680 0.95510156 0.02932246
4223.853903 1.03923459 0.02368406
4223.889126 1.03681738 0.02796081
4223.924350 0.99356224 0.02743556
4223.959573 1.00437072 0.03133751
4223.994798 1.03551876 0.02746984
4224.030022 1.00923475 0.02647573
4224.065247 1.03114386 0.02614699
4224.100472 1.03900609 0.02457968
4224.135697 0.99700711 0.02552298
4224.170923 1.03262631 0.02627702
4224.206149 1.00625888 0.02567994
4224.241375 1.00212994 0.02547230
4224.276602 1.04248156 0.02650403
4224.311828 1.00377845 0.02814447
4224.347056 1.02643668 0.02811879
4224.382283 0.99856713 0.02365233
4224.417511 1.04580776 0.02373716
4224.452739 0.98424728 0.02527029
4224.487967 0.95685808 0.02695310
4224.523196 1.00041677 0.02454438
4224.558424 1.05478999 0.02837693
4224.593654 0.99965781 0.02353065
4224.628883 1.06815457 0.02684111
4224.664113 1.03793814 0.02410823
4224.699343 1.03652104 0.02752012
4224.734573 1.02765141 0.02314728
4224.769804 1.00069496 0.02402636
4224.805035 1.01826388 0.02731967
4224.840266 1.00277901 0.02531496
4224.875498 1.00833394 0.02720060
4224.910729 1.03760338 0.02828288
4224.945961 1.05108673 0.02570523
4224.981194 1.02298694 0.02614980
4225.016427 1.04196828 0.02553289
4225.051660 1.03434879 0.02523758
4225.086893 1.00522521 0.02811210
4225.122126 0.98886627 0.02446539
4225.157360 0.98977342 0.02492751
4225.192594 0.96375379 0.02825885
4225.227829 1.01112064 0.02790125
4225.263064 1.03918986 0.02601646
4225.298299 1.01769158 0.02735714
4225.333534 0.99832447 0.02759767
4225.368770 1.01791695 0.03119888
4225.404006 1.01672954 0.03016109
4225.439242 1.05426736 0.02487763
4225.474478 0.98762346 0.02396351
4225.509715 1.01875977 0.02526566
4225.544952 0.97841302 0.02581857
4225.580190 0.98896733 0.02521476
4225.615427 0.97989898 0.03157859
4225.650665 0.95583129 0.02719586
4225.685904 1.00175586 0.02889032
4225.721142 0.99970152 0.02514435
4225.756381 0.97398491 0.02894057
4225.791620 1.03528314 0.02603505
4225.826860 1.00336731 0.02408150
4225.862099 1.00281938 0.02979203
4225.897340 1.00830263 0.02814212
4225.932580 1.04677326 0.02532928
4225.967820 1.01417538 0.02964124
4226.003061 0.99820996 0.03089550
4226.038303 0.97877495 0.02663434
4226.073544 1.01837788 0.02542494
4226.108786 1.02249937 0.02821668
4226.144028 1.01291258 0.02861529
4226.179270 1.00867117 0.02712372
4226.214513 0.99906660 0.02981729
4226.249756 1.03278253 0.02866031
4226.284999 0.99171654 0.03388064
4226.320243 1.01199019 0.02829977
4226.355487 1.07021846 0.02441526
4226.390731 1.02787840 0.02556120
4226.425975 1.02608474 0.02730050
4226.461220 1.00365036 0.02605525
4226.496465 1.00522197 0.02580533
4226.531711 0.98398474 0.02727253
4226.566956 0.95837061 0.02705835
4226.602202 0.98111303 0.02644644
4226.637448 1.02433325 0.02656456
4226.672695 1.03643193 0.02792720
4226.707942 0.98717570 0.02542861
4226.743189 0.99402246 0.02660834
4226.778436 1.01071533 0.02595760
4226.813684 1.03459387 0.02791451
4226.848932 1.01688445 0.02984050
4226.884180 0.99035405 0.02772774
4226.919429 0.97713756 0.02709438
4226.954677 0.96173826 0.02740545
4226.989927 0.99973063 0.02901706
4227.025176 1.04175485 0.02805528
4227.060426 0.99502496 0.02412635
4227.095676 0.94894573 0.02969924
4227.130926 1.02331445 0.02372134
4227.166177 1.05089266 0.02553873
4227.201428 1.00290302 0.02767531
4227.236679 0.99255949 0.02739047
4227.271930 1.01746574 0.02401563
4227.307182 1.02467542 0.02739434
4227.342434 0.94434389 0.02805190
4227.377687 0.99550589 0.02658340
4227.412939 1.01310409 0.02796005
4227.448192 0.98020112 0.02877860
4227.483446 0.98088559 0.02828708
4227.518699 0.95565901 0.02320237
4227.553953 0.99330790 0.02439767
4227.589207 1.01411982 0.02815084
4227.624462 0.98645357 0.02408835
4227.659716 0.99273509 0.02613584
4227.694971 0.97829580 0.02772154
4227.730227 1.00385596 0.02540810
4227.765482 1.00063404 0.02865695
4227.800738 0.99408167 0.03003521
4227.835995 0.99513108 0.03134206
4227.871251 0.98797580 0.02821935
4227.906508 1.02830123 0.02556882
4227.941765 0.97795026 0.02298051
4227.977022 1.01280861 0.02781252
4228.012280 1.00422720 0.02972897
4228.047538 1.00882922 0.02957437
4228.082796 0.97816763 0.02873844
4228.118055 1.00833207 0.02949213
4228.153314 0.97756139 0.02689907
4228.188573 0.98757189 0.02538214
4228.223832 0.97171905 0.02965296
4228.259092 0.97517777 0.02959810
4228.294352 0.95874772 0.02251613
4228.329612 1.00966967 0.02712296
4228.364873 1.03272226 0.02739651
4228.400134 1.01672069 0.03102191
4228.435395 1.04210617 0.02510280
4228.470657 1.07799801 0.02691597
4228.505918 1.01720604 0.02827250
4228.541180 0.99763581 0.02742451
4228.576443 1.00143829 0.02613578
4228.611706 1.07018547 0.02623540
4228.646969 1.01731238 0.02526966
4228.682232 0.97844630 0.02436830
4228.717495 0.97008295 0.02768996
4228.752759 1.00446516 0.02524053
4228.788023 1.05838831 0.02125259
4228.823288 1.03457314 0.02713329
4228.858553 1.07476714 0.02821727
4228.893818 1.04170724 0.02515732
4228.929083 0.99606313 0.03042733
4228.964349 1.06223088 0.02437000
4228.999614 1.04871572 0.02479003
4229.034881 1.06857555 0.02453371
4229.070147 1.02363329 0.02671889
4229.105414 1.06018846 0.02582171
4229.140681 1.01057172 0.02516111
4229.175948 1.03503276 0.02737343
4229.211216 1.00670879 0.02554195
4229.246484 0.99875841 0.02919140
4229.281752 0.98856134 0.02553009
4229.317021 1.01433485 0.02528965
4229.352290 1.04200913 0.02965422
4229.387559 0.99663980 0.02262774
4229.422828 0.98360859 0.02821646
4229.458098 0.98826791 0.02469378
4229.493368 0.99133122 0.02747695
4229.528638 0.99409119 0.02754680
4229.563909 1.01318501 0.02446367
4229.599180 1.02445165 0.02736721
4229.634451 1.00469896 0.02706811
4229.669723 1.02129058 0.02478425
4229.704994 0.99796103 0.02621442
4229.740267 1.00350395 0.02770545
4229.775539 1.05293379 0.02841198
4229.810812 1.02057987 0.02778003
4229.846085 1.01219241 0.02866601
4229.881358 0.99789875 0.02713613
4229.916631 0.97870785 0.02642516
4229.951905 0.97793505 0.02641650
4229.987179 1.00278676 0.02642906
4230.022454 1.02611793 0.02787307
4230.057729 1.00587803 0.02808930
4230.093004 1.02019970 0.02810060
4230.128279 1.01134124 0.03061726
4230.163555 1.01667992 0.02638774
4230.198830 1.03393891 0.02550202
4230.234107 1.02824854 0.02795755
4230.269383 1.01952622 0.02727744
4230.304660 1.03082053 0.02895416
4230.339937 1.03431966 0.02670868
4230.375214 0.98344205 0.02921917
4230.410492 0.97486136 0.02433339
4230.445770 1.00568671 0.03084063
4230.481048 1.01215665 0.02765800
4230.516327 1.00147428 0.02755007
4230.551606 0.99881836 0.02363424
4230.586885 0.99787875 0.02386579
4230.622164 1.04838240 0.02677725
4230.657444 1.04811678 0.02737949
4230.692724 1.05781432 0.02651955
4230.728004 1.00516502 0.03019358
4230.763285 0.97285583 0.03319868
4230.798566 0.99234462 0.02758580
4230.833847 1.01043925 0.02716148
4230.869129 0.98385863 0.02868895
4230.904411 1.00888671 0.02666303
4230.939693 0.98840968 0.02585333
4230.974975 0.99429379 0.02554970
4231.010258 0.99722977 0.03056160
4231.045541 0.98363448 0.02528387
4231.080824 1.00720161 0.02500665
4231.116108 1.03052385 0.02503646
4231.151391 1.02365545 0.02664929
4231.186676 1.00549337 0.02660910
4231.221960 0.99212839 0.02904445
4231.257245 0.98446795 0.02661468
4231.292530 0.97316074 0.02926708
4231.327815 1.02651998 0.02544938
4231.363101 1.04092525 0.02695084
4231.398387 0.98881730 0.02913766
4231.433673 1.01198926 0.02544643
4231.468959 1.00378537 0.02717349
4231.504246 1.03015647 0.03013216
4231.539533 1.03671142 0.02623205
4231.574821 0.98770081 0.02766314
4231.610108 1.00686741 0.02651248
4231.645396 0.98649990 0.02649345
4231.680685 1.01558259 0.02811875
4231.715973 1.01709319 0.02755372
4231.751262 1.00451256 0.02778333
4231.786551 1.06043392 0.02469240
4231.821841 1.01168251 0.03033137
4231.857130 1.00433263 0.02842182
4231.892420 0.99771228 0.02539297
4231.927711 1.01128176 0.02621340
4231.963001 0.94680084 0.02886930
4231.998292 0.98212254 0.03138006
4232.033583 0.99028061 0.02665888
4232.068875 1.02290312 0.02694998
4232.104167 0.97842636 0.02650193
4232.139459 0.99786577 0.02657590
4232.174751 1.03747507 0.02639490
4232.210044 1.04541186 0.02630416
4232.245337 1.01320919 0.02760412
4232.280630 0.96624137 0.03181645
4232.315924 0.97577583 0.02704816
4232.351218 1.00425456 0.02595306
4232.386512 1.05551066 0.02619210
4232.421806 1.05497443 0.02471663
4232.457101 0.99928896 0.02728970
4232.492396 0.98457543 0.02838916
4232.527691 1.01284409 0.02658986
4232.562987 1.01652518 0.02998209
4232.598283 1.01101233 0.02797731
4232.633579 1.05213840 0.02543166
4232.668876 1.05292934 0.02753940
4232.704172 0.99968482 0.02946298
4232.739470 1.02735535 0.02512052
4232.774767 1.04021326 0.02781275
4232.810065 1.04534670 0.02536881
4232.845363 1.03603680 0.02312119
4232.880661 0.97557592 0.02767695
4232.915959 0.98611748 0.02732113
4232.951258 1.01187346 0.02734254
4232.986557 1.02186246 0.02317767
4233.021857 1.00983089 0.03070286
4233.057157 1.02566980 0.02542505
4233.092457 1.01302732 0.02211214
4233.127757 1.04179578 0.02583127
4233.163058 0.98774111 0.02683798
4233.198359 0.99034095 0.02530446
4233.233660 1.03530176 0.02747488
4233.268961 0.98549065 0.02838027
4233.304263 0.99089150 0.02728159
4233.339565 1.04724558 0.02536070
4233.374868 1.06913583 0.02581876
4233.410170 0.98734647 0.02287659
4233.445473 1.05771041 0.02514987
4233.480777 1.04307308 0.02570097
4233.516080 1.01943942 0.02704322
4233.551384 1.00234805 0.02861672
4233.586688 0.98466949 0.02791576
4233.621993 1.01303059 0.02665898
4233.657297 1.06847911 0.02529630
4233.692603 0.99633435 0.02588890
4233.727908 0.96527924 0.02644033
4233.763213 1.00183656 0.03081123
4233.798519 0.97110528 0.02521177
4233.833826 0.99326483 0.02530492
4233.869132 0.95777049 0.02611757
4233.904439 1.00794473 0.02560494
4233.939746 1.05173111 0.02312008
4233.975054 1.08433459 0.02991519
4234.010361 1.05213037 0.02564297
4234.045669 1.01648848 0.03071374
4234.080977 1.00340576 0.02480940
4234.116286 1.05128977 0.02353453
4234.151595 1.04694161 0.02879174
4234.186904 1.05630571 0.02854506
4234.222214 1.01882156 0.02671825
4234.257523 1.00883939 0.02836587
4234.292833 0.97873817 0.03250949
4234.328144 0.99627201 0.02778439
4234.363454 1.01272184 0.02738699
4234.398765 1.03845766 0.02794151
4234.434077 1.02616024 0.02855373
4234.469388 1.02695810 0.02986359
4234.504700 0.99507194 0.02486090
4234.540012 1.01980349 0.02494699
4234.575324 1.02159941 0.02839648
4234.610637 1.00050113 0.02725249
4234.645950 1.03139467 0.02755307
4234.681263 0.97465975 0.02836056
4234.716577 1.01928776 0.02430866
4234.751891 1.03693680 0.02666802
4234.787205 1.05304453 0.02692939
4234.822520 1.06015805 0.02600158
4234.857834 0.97589256 0.02665832
4234.893149 1.03689139 0.02593498
4234.928465 1.02100479 0.02695998
4234.963780 1.03756936 0.03006371
4234.999096 1.02259128 0.02879967
4235.034413 1.02051722 0.02844415
4235.069729 1.00969397 0.02786711
4235.105046 1.02789042 0.02605444
4235.140363 1.00512453 0.02783445
4235.175680 1.02401096 0.02699085
4235.210998 1.04313399 0.02744687
4235.246316 1.02761264 0.02740532
4235.281634 1.04176015 0.02691239
4235.316953 1.05057566 0.02805513
4235.352272 0.99631353 0.02435876
4235.387591 1.02912704 0.02596659
4235.422911 1.02935460 0.02636876
4235.458230 0.98717652 0.02547452
4235.493550 0.94411143 0.03072964
4235.528871 0.99302353 0.02925376
4235.564191 0.94848004 0.02807223
4235.599512 0.95320856 0.02811423
4235.634834 0.96070355 0.02902497
4235.670155 0.98038119 0.02482524
4235.705477 0.99623868 0.02582867
4235.740799 1.00893446 0.02831962
4235.776122 1.04259747 0.02608955
4235.811444 0.99664064 0.02681055
4235.846767 0.98413671 0.02774677
4235.882091 1.02622858 0.02519256
4235.917414 1.03400522 0.02902680
4235.952738 1.01799724 0.02736153
4235.988062 0.97479056 0.02725130
4236.023387 0.92997302 0.02874435
4236.058712 0.99557629 0.02759933
4236.094037 1.01589481 0.02588219
4236.129362 0.99903652 0.02812753
4236.164688 0.99095257 0.02633486
4236.200014 0.99418076 0.03094027
4236.235340 0.97070340 0.02961708
4236.270666 0.96732481 0.02683433
4236.305993 0.97871511 0.02584206
4236.341320 0.96009959 0.02216787
4236.376648 0.99378569 0.02629547
4236.411976 1.02177098 0.02577817
4236.447304 0.99747019 0.02831364
4236.482632 0.95663498 0.02786503
4236.517961 0.97580618 0.03036161
4236.553289 1.00514578 0.02438512
4236.588619 0.96335050 0.02773886
4236.623948 0.98122772 0.02968102
4236.659278 1.00606038 0.02563114
4236.694608 1.00424096 0.02341702
4236.729938 0.94432676 0.02500427
4236.765269 0.98376844 0.02672185
4236.800600 0.99018076 0.02882155
4236.835931 1.00836384 0.02840614
4236.871263 1.00631567 0.02800616
4236.906595 1.01105239 0.02518090
4236.941927 0.98513511 0.02720045
4236.977259 0.97844161 0.02714707
4237.012592 0.96753973 0.02692072
4237.047925 0.94339620 0.02817210
4237.083258 0.98772904 0.02949032
4237.118592 0.95213873 0.02640482
4237.153926 0.97923057 0.02444350
4237.189260 0.99978676 0.02489283
4237.224595 0.98988452 0.02586280
4237.259929 0.97840424 0.02682319
4237.295264 0.98969157 0.02685333
4237.330600 0.97420334 0.02824257
4237.365936 1.00446574 0.02739209
4237.401272 0.97657563 0.02683224
4237.436608 0.96427817 0.02783666
4237.471944 0.93279931 0.02629931
4237.507281 0.95668441 0.02726733
4237.542618 0.97990899 0.02654616
4237.577956 0.97539452 0.02754277
4237.613294 0.94760152 0.02387854
4237.648632 0.97474172 0.02604814
4237.683970 1.01531122 0.02703197
4237.719309 0.99959639 0.02470464
4237.754647 0.96251434 0.02426758
4237.789987 0.95508636 0.02612325
4237.825326 0.98226243 0.02682947
4237.860666 1.01196160 0.02759886
4237.896006 1.00889507 0.02813554
4237.931347 1.00196528 0.03002265
4237.966687 0.98782001 0.02785517
4238.002028 0.99009286 0.02883800
4238.037369 1.01253579 0.02936731
4238.072711 1.01310692 0.02596275
4238.108053 0.98408247 0.02882816
4238.143395 1.01676782 0.02904907
4238.178738 0.95899999 0.02702805
4238.214080 0.97929230 0.02805667
4238.249423 0.99547260 0.02897546
4238.284767 0.98240202 0.02738278
4238.320110 1.04672195 0.02301186
4238.355454 1.00410327 0.02478869
4238.390798 0.99579855 0.02790827
4238.426143 1.00638898 0.02775769
4238.461488 1.00042541 0.02766186
4238.496833 0.98683332 0.03017096
4238.532178 0.99036919 0.02576264
4238.567524 1.02731780 0.02686377
4238.602870 1.04637556 0.02761519
4238.638216 0.99511184 0.02732969
4238.673563 1.00990858 0.02594713
4238.708910 0.96271550 0.02756226
4238.744257 1.01864327 0.02601083
4238.779604 1.01672055 0.02819807
4238.814952 1.02776586 0.02665255
4238.850300 0.99281336 0.02567287
4238.885649 1.01974950 0.02545602
4238.920997 1.02616612 0.02648216
4238.956346 0.96569489 0.02822957
4238.991695 1.03621410 0.02823899
4239.027045 1.02727642 0.02611875
4239.062395 1.00940788 0.02512156
4239.097745 0.98432902 0.02454170
4239.133095 1.02801999 0.02448914
4239.168446 1.03564709 0.02386162
4239.203797 0.97085168 0.02934893
4239.239148 0.99845936 0.02640578
4239.274500 1.03053301 0.02900841
4239.309852 1.01893484 0.03012413
4239.345204 0.99150649 0.02671287
4239.380557 1.01664901 0.02664166
4239.415909 0.99151718 0.02877564
4239.451262 1.01531894 0.02834285
4239.486616 1.03679884 0.03094642
4239.521969 1.01743656 0.02549746
4239.557323 1.05819013 0.02728901
4239.592678 1.01772654 0.02753500
4239.628032 1.01999553 0.02853364
4239.663387 1.01135593 0.03015201
4239.698742 0.99811351 0.02708990
4239.734098 1.07876223 0.02778913
4239.769453 1.02385187 0.02844021
4239.804809 1.02829981 0.02778491
4239.840166 1.01957572 0.02838346
4239.875522 0.98270926 0.02675549
4239.910879 0.96144641 0.02804263
4239.946236 0.99218517 0.02749990
4239.981594 1.03097264 0.02391618
4240.016952 0.97928318 0.02488963
4240.052310 0.96206544 0.02414086
4240.087668 1.00287502 0.02395867
4240.123027 1.01208940 0.02700841
4240.158386 0.97734803 0.02810200
4240.193745 1.01446183 0.02490440
4240.229105 0.99441924 0.02643875
4240.264464 1.02234036 0.02492272
4240.299825 1.01678378 0.02457867
4240.335185 0.98531802 0.02568126
4240.370546 1.01839349 0.02758100
4240.405907 0.98362773 0.02679478
4240.441268 1.01147687 0.02715972
4240.476630 0.95151211 0.02521073
4240.511992 0.95527016 0.02680922
4240.547354 1.00644996 0.02701573
4240.582716 0.97948452 0.02652242
4240.618079 0.94487480 0.02806672
4240.653442 0.93529788 0.02604294
4240.688806 0.96824331 0.02614401
4240.724169 0.98353293 0.02848787
4240.759533 1.02967784 0.02865009
4240.794898 0.98530881 0.02869125
4240.830262 0.96993833 0.02419353
4240.865627 0.99334255 0.03150718
4240.900992 1.01185138 0.02709781
4240.936358 0.95707724 0.02701712
4240.971723 0.95176934 0.02784459
4241.007089 0.93072766 0.02737663
4241.042456 0.92452805 0.02764048
4241.077822 1.01414784 0.02731087
4241.113189 0.97647148 0.02698012
4241.148557 0.96705755 0.02717623
4241.183924 1.00847688 0.02528037
4241.219292 0.97378960 0.02814354
4241.254660 0.99979071 0.03007732
4241.290028 1.00228786 0.02699364
4241.325397 0.94099006 0.02997522
4241.360766 0.97507461 0.02717383
4241.396135 0.97413311 0.02539193
4241.431505 0.95500752 0.02723818
4241.466875 0.90291438 0.03122017
4241.502245 0.96493524 0.03164997
4241.537615 0.97659145 0.02945977
4241.572986 0.98497082 0.02347502
4241.608357 0.96740431 0.02730278
4241.643729 0.96878675 0.02642524
4241.679100 0.97878495 0.02685522
4241.714472 0.97607670 0.02597563
4241.749844 0.95921901 0.02718542
4241.785217 0.97362676 0.02553720
4241.820590 1.00693100 0.02788574
4241.855963 0.95203500 0.02883376
4241.891336 0.96460807 0.03051009
4241.926710 0.97979731 0.02585658
4241.962084 0.95625435 0.02907919
4241.997458 0.95388919 0.02394336
4242.032833 0.96555352 0.02805087
4242.068208 0.99901251 0.02919611
4242.103583 1.01936585 0.02625209
4242.138959 1.04673794 0.02443939
4242.174334 1.02944039 0.02649764
4242.209710 0.99857541 0.02908894
4242.245087 1.01049151 0.02980303
4242.280463 0.97376130 0.02543151
4242.315840 0.96669766 0.02660078
4242.351218 0.98863839 0.02621813
4242.386595 0.97414231 0.02768458
4242.421973 0.97574507 0.02654431
4242.457351 1.00683712 0.02778605
4242.492730 1.01227611 0.02838263
4242.528108 0.99761126 0.02225558
4242.563487 1.01457354 0.02561306
4242.598867 1.02236870 0.02718037
4242.634246 0.97092618 0.02772929
4242.669626 0.99498185 0.02834763
4242.705006 0.97427598 0.02295801
4242.740387 0.96002423 0.02853598
4242.775768 0.96985911 0.02755121
4242.811149 0.96540374 0.02610182
4242.846530 0.97768175 0.02699536
4242.881912 0.96144620 0.02838419
4242.917294 0.98231067 0.02649826
4242.952676 0.96637216 0.02686600
4242.988059 0.98775548 0.02616966
4243.023442 1.00158782 0.02429333
4243.058825 1.00058872 0.02735844
4243.094208 1.02817611 0.02658488
4243.129592 1.02449548 0.02865010
4243.164976 1.02651663 0.02664965
4243.200360 0.98497417 0.02578469
4243.235745 1.02882306 0.03109313
4243.271130 0.97880070 0.02826769
4243.306515 1.03152039 0.02554136
4243.341901 1.06042966 0.02814753
4243.377286 0.97985569 0.02622885
4243.412672 0.97868676 0.02615813
4243.448059 1.01889602 0.03030958
4243.483446 1.01435666 0.02991859
4243.518833 1.00058341 0.02972425
4243.554220 0.93868815 0.02809124
4243.589607 1.00694743 0.02852516
4243.624995 1.02947704 0.02933089
4243.660383 1.05786188 0.02506301
4243.695772 1.03111447 0.02862371
4243.731161 0.97790898 0.03171579
4243.766550 1.01566457 0.02747609
4243.801939 0.98821727 0.02651679
4243.837329 0.99061090 0.02888580
4243.872719 0.99737694 0.02608956
4243.908109 1.01704776 0.02873903
4243.943499 0.99828906 0.02800942
4243.978890 1.05732559 0.02586665
4244.014281 1.04345082 0.02740520
4244.049673 1.02257231 0.02688875
4244.085065 1.06658855 0.02724893
4244.120457 1.01217375 0.02925497
4244.155849 1.00946679 0.02874590
4244.191241 1.03135415 0.03064552
4244.226634 1.01382021 0.02904416
4244.262028 1.03017244 0.02521044
4244.297421 1.01432799 0.02567378
4244.332815 1.05963350 0.02398451
4244.368209 1.07522067 0.02736899
4244.403603 1.01564495 0.02719397
4244.438998 1.02449843 0.02969911
4244.474393 0.98855281 0.02510133
4244.509788 0.97244787 0.02832694
4244.545184 0.95994669 0.03067704
4244.580579 1.03096081 0.02588415
4244.615976 1.01844148 0.02640925
4244.651372 0.99922408 0.02846923
4244.686769 0.98493961 0.02696187
4244.722166 1.03049783 0.02709224
4244.757563 0.96737241 0.02711213
4244.792961 0.93689078 0.02641969
4244.828359 0.97436335 0.02577183
4244.863757 1.03861893 0.02470124
4244.899155 0.97825125 0.02890426
4244.934554 1.02988518 0.03080787
4244.969953 0.99785756 0.02410441
4245.005353 1.00726839 0.02686136
4245.040752 0.99928885 0.02743988
4245.076152 0.99669487 0.02855395
4245.111553 1.05111548 0.02471433
4245.146953 1.02460669 0.02875043
4245.182354 1.00870913 0.02416061
4245.217755 1.02623460 0.02608204
4245.253157 0.99944546 0.02716465
4245.288558 0.96955085 0.02599737
4245.323960 0.99948721 0.02728809
4245.359363 1.06634529 0.02564577
4245.394765 1.04304438 0.02577213
4245.430168 1.01000661 0.02378433
4245.465572 1.03715036 0.02850743
4245.500975 0.98569225 0.02390653
4245.536379 1.01513690 0.02729975
4245.571783 1.00324258 0.02661690
4245.607187 0.97580635 0.02783047
4245.642592 1.00812840 0.02329542
4245.677997 0.98696393 0.02197306
4245.713402 0.95740477 0.02508474
4245.748808 0.94555479 0.02932000
4245.784214 0.99318440 0.02867938
4245.819620 1.00593354 0.02857846
4245.855026 1.01114821 0.02499835
4245.890433 1.02153946 0.02341232
4245.925840 0.99193442 0.02867715
4245.961248 0.99615293 0.02880610
4245.996655 1.01339560 0.02828012
4246.032063 1.01078144 0.02694620
4246.067472 0.98321653 0.02848400
4246.102880 1.01069124 0.02885240
4246.138289 0.99880405 0.02865615
4246.173698 0.99923414 0.02695437
4246.209107 1.02151417 0.02726789
4246.244517 0.99572712 0.02898116
4246.279927 0.99964612 0.02989991
4246.315338 1.00846811 0.02985857
4246.350748 1.02547606 0.02710093
4246.386159 0.98454642 0.02643253
4246.421570 1.00796816 0.02738216
4246.456982 0.98742183 0.02799834
4246.492393 1.02660502 0.03078204
4246.527806 1.00877681 0.02759353
4246.563218 1.02124761 0.02571362
4246.598631 1.00894000 0.02583661
4246.634044 1.02062597 0.02855014
4246.669457 0.98777717 0.02951114
4246.704870 0.97297292 0.03107106
4246.740284 0.97464574 0.02694488
4246.775698 0.96989935 0.02940868
4246.811113 0.99939449 0.02761843
4246.846528 1.03159787 0.02798235
4246.881943 0.99647504 0.02400285
4246.917358 1.00231501 0.02793262
4246.952774 1.02075016 0.02600595
4246.988190 0.97720431 0.02810421
4247.023606 0.96960778 0.02728149
4247.059022 1.03179554 0.02595869
4247.094439 1.02739623 0.02860413
4247.129856 1.01066204 0.02711481
4247.165274 0.99324116 0.02774505
4247.200691 0.98395022 0.02797371
4247.236109 0.98126707 0.02731041
4247.271528 1.00999172 0.02636090
4247.306946 0.99277505 0.02894976
4247.342365 0.93233603 0.02686556
4247.377784 0.97991960 0.02993477
4247.413204 0.96513402 0.02684178
4247.448623 1.01443042 0.02612714
4247.484043 1.00694690 0.02867660
4247.519464 1.01083253 0.02914597
4247.554884 0.97380447 0.02860581
4247.590305 0.97538544 0.02635490
4247.625727 0.97219764 0.02865864
4247.661148 0.98975277 0.02542398
4247.696570 0.98133823 0.02594793
4247.731992 0.99160746 0.02645035
4247.767415 0.98906621 0.02652202
4247.802837 1.02387039 0.03059748
4247.838260 1.01257380 0.03178346
4247.873684 1.04265682 0.02714262
4247.909107 1.01873246 0.02830687
4247.944531 1.01993567 0.02568054
4247.979955 0.97142822 0.02834751
4248.015380 0.99456980 0.02645635
4248.050805 1.01425333 0.02962211
4248.086230 0.99674849 0.02625619
4248.121655 1.04317202 0.02494566
4248.157081 1.05498825 0.02573647
4248.192507 1.04679179 0.02630838
4248.227933 1.03456148 0.03208690
4248.263359 1.05001909 0.02270584
4248.298786 1.06165276 0.02623461
4248.334213 1.02249583 0.02656990
4248.369641 1.00188139 0.02656853
4248.405069 0.98371479 0.02883687
4248.440497 1.00989724 0.02745170
4248.475925 0.99377096 0.02559006
4248.511354 0.97746491 0.02514294
4248.546782 1.03500448 0.02815472
4248.582212 1.02998237 0.02981480
4248.617641 0.98918086 0.02756357
4248.653071 1.00001675 0.02956808
4248.688501 0.99949641 0.02959309
4248.723932 1.02765950 0.02744569
4248.759362 1.03761393 0.02596684
4248.794793 1.03244559 0.02579326
4248.830224 1.01571538 0.02468695
4248.865656 0.97829300 0.02394725
4248.901088 1.01572314 0.02735614
4248.936520 1.03678656 0.02669142
4248.971953 1.04120245 0.02756863
4249.007385 1.01042726 0.02548186
4249.042818 1.01192037 0.02782409
4249.078252 1.02974513 0.02716415
4249.113685 1.00579439 0.02553122
4249.149119 1.04853242 0.02709135
4249.184554 1.06797297 0.02434518
4249.219988 1.01529601 0.02581677
4249.255423 1.00591549 0.02905988
4249.290858 1.03241988 0.02800836
4249.326293 0.99523218 0.02590558
4249.361729 1.03530745 0.02698538
4249.397165 1.00802828 0.02696515
4249.432601 0.99044045 0.02368151
4249.468038 0.98999303 0.02519178
4249.503475 0.97674701 0.02861807
4249.538912 0.94246714 0.02437221
4249.574350 0.98536196 0.02946241
4249.609787 1.03159491 0.02617674
4249.645226 1.04588063 0.02852073
4249.680664 1.01285059 0.03017316
4249.716103 1.02879307 0.02415583
4249.751542 1.01904645 0.03071291
4249.786981 1.00571119 0.02405914
4249.822420 0.98119935 0.02931952
4249.857860 0.98342417 0.02782587
4249.893300 1.02548241 0.02642579
4249.928741 1.00947860 0.02752016
4249.964182 0.94033922 0.03000645
4249.999623 0.99140318 0.02708904
4250.035064 1.03175232 0.02788932
4250.070506 0.98025269 0.02643804
4250.105947 0.99823901 0.02654635
4250.141390 1.03899728 0.02467180
4250.176832 1.04319695 0.02456155
4250.212275 1.01226651 0.02821466
4250.247718 0.97618643 0.02631660
4250.283161 1.02710989 0.02531572
4250.318605 1.05786788 0.02565459
4250.354049 1.03386206 0.02800581
4250.389493 1.01924675 0.02864825
4250.424938 1.02092732 0.02636237
4250.460383 0.99534959 0.02751649
4250.495828 1.02649512 0.02824930
4250.531274 1.02922273 0.02841094
4250.566719 0.95988732 0.02836834
4250.602165 0.98884304 0.02821037
4250.637612 0.99279874 0.03024755
4250.673058 1.05043542 0.02778151
4250.708505 1.03229126 0.03137823
4250.743953 0.96616415 0.02542626
4250.779400 1.00063432 0.02734188
4250.814848 1.02269647 0.03121660
4250.850296 1.00351147 0.02813200
4250.885744 1.03147133 0.02344220
4250.921193 1.03945012 0.02685612
4250.956642 0.99096532 0.02644898
4250.992092 0.96862224 0.02738127
4251.027541 1.04900053 0.02902237
4251.062991 1.00952735 0.02890559
4251.098441 1.00286804 0.02739087
4251.133892 1.03059010 0.02479523
4251.169343 1.01050016 0.02806212
4251.204794 1.01669830 0.02648493
4251.240245 1.01476380 0.02352588
4251.275697 1.00966611 0.02254955
4251.311149 1.03286359 0.02581568
4251.346601 0.97246109 0.02742496
4251.382053 0.96402092 0.02788831
4251.417506 1.01562824 0.02946407
4251.452959 1.00912788 0.02928549
4251.488413 1.00258658 0.02384455
4251.523867 1.01483653 0.02676947
4251.559321 0.97351461 0.02669561
4251.594775 1.01210032 0.02956743
4251.630230 1.01120871 0.02609763
4251.665685 1.03758587 0.02467649
4251.701140 0.99736913 0.02875923
4251.736595 0.96665794 0.02465196
4251.772051 0.93481668 0.02778802
4251.807507 0.98856658 0.03033662
4251.842964 0.99263840 0.02619194
4251.878420 1.00320652 0.02810464
4251.913877 1.00119572 0.02603929
4251.949335 0.98880785 0.02929700
4251.984792 0.97685274 0.02764385
4252.020250 0.95577260 0.02682952
4252.055708 1.02815758 0.03037717
4252.091167 0.97968428 0.02757583
4252.126626 1.00684059 0.02607635
4252.162085 1.02050783 0.02644038
4252.197544 0.99525216 0.03036929
4252.233004 1.03723999 0.02840190
4252.268464 0.98349151 0.02746355
4252.303924 0.97887513 0.02495154
4252.339384 0.96329778 0.03090377
4252.374845 0.99562701 0.02448924
4252.410306 0.95590643 0.02829696
4252.445768 0.98957167 0.03121547
4252.481230 0.99689410 0.02840884
4252.516692 0.99596494 0.02888055
4252.552154 0.96900670 0.03045564
4252.587616 0.98500166 0.02593352
4252.623079 0.96047585 0.02757209
4252.658543 1.00124908 0.02698577
4252.694006 1.01661312 0.02808057
4252.729470 1.06580800 0.02607333
4252.764934 0.98266727 0.02885729
4252.800398 0.95903296 0.02698496
4252.835863 0.95057910 0.02752269
4252.871328 0.99024361 0.02463115
4252.906793 0.94420554 0.02435772
4252.942259 0.97523543 0.02589858
4252.977725 1.00020843 0.02986317
4253.013191 0.98491648 0.02827621
4253.048657 0.95521476 0.02623848
4253.084124 1.01211426 0.02711561
4253.119591 0.94386388 0.02496958
4253.155059 0.95940764 0.03027608
4253.190526 0.96532741 0.02681700
4253.225994 0.94094494 0.03027793
4253.261462 0.96360901 0.02688375
4253.296931 1.00496566 0.02926500
4253.332400 0.99531540 0.02822248
4253.367869 0.98437355 0.02650776
4253.403338 0.98236619 0.02935247
4253.438808 1.01264416 0.02518193
4253.474278 0.97547492 0.02701707
4253.509748 1.01393445 0.02641296
4253.545219 1.00751270 0.02713654
4253.580690 0.94773779 0.02737523
4253.616161 0.97940797 0.02723244
4253.651632 0.99014840 0.03011835
4253.687104 0.98687632 0.02561362
4253.722576 0.98927337 0.02920591
4253.758049 0.95385688 0.02799072
4253.793521 1.00037115 0.02925078
4253.828994 1.02317037 0.02900226
4253.864468 0.99392773 0.02630774
4253.899941 0.99931671 0.02392339
4253.935415 0.97074689 0.03070563
4253.970889 0.95029572 0.03014341
4254.006364 0.96643628 0.02700891
4254.041838 0.94026769 0.02877456
4254.077313 1.01162634 0.03071181
4254.112789 0.98458485 0.02346687
4254.148264 0.95645146 0.02966523
4254.183740 0.98483468 0.02898514
4254.219217 0.97076604 0.02579626
4254.254693 0.98014044 0.02637783
4254.290170 0.94823994 0.02904063
4254.325647 0.95236407 0.02669171
4254.361124 0.96578067 0.02948173
4254.396602 1.00974798 0.02563248
4254.432080 0.96593216 0.03236002
4254.467558 0.93987273 0.02634243
4254.503037 1.00402847 0.02831100
4254.538516 0.95745296 0.02816392
4254.573995 0.98156748 0.02763607
4254.609475 0.95898553 0.02561527
4254.644954 1.01238830 0.02933680
4254.680434 1.00029277 0.02973521
4254.715915 1.00426669 0.02741388
4254.751395 0.98367893 0.02624742
4254.786876 0.96326767 0.02788426
4254.822358 1.00109434 0.02769192
4254.857839 1.02051381 0.02349343
4254.893321 0.98202314 0.02493294
4254.928803 0.98826596 0.02929638
4254.964286 0.99284630 0.02711221
4254.999768 1.00398126 0.02768222
4255.035251 1.01393408 0.02664012
4255.070735 1.00710612 0.02477321
4255.106218 0.99178897 0.02558156
4255.141702 1.02806779 0.02823908
4255.177186 1.02446046 0.03176451
4255.212671 1.02461858 0.02664483
4255.248156 1.02096817 0.02537777
4255.283641 0.98784581 0.02673019
4255.319126 1.03649743 0.02937652
4255.354612 1.01242443 0.03177795
4255.390098 0.97113959 0.02825931
4255.425584 0.98816315 0.02844257
4255.461071 0.99537560 0.02854557
4255.496558 1.01021518 0.02471508
4255.532045 0.99217275 0.02716602
4255.567532 1.01338918 0.02299674
4255.603020 1.01990857 0.02758519
4255.638508 1.02113768 0.02862020
4255.673996 0.98326738 0.02823080
4255.709485 0.98155258 0.02598364
4255.744974 0.96519649 0.02504341
4255.780463 0.96973346 0.02538050
4255.815953 1.01995919 0.02971545
4255.851443 1.00276149 0.02722524
4255.886933 1.03823667 0.02907223
4255.922423 0.97027994 0.02651981
4255.957914 1.03679844 0.02526099
4255.993405 0.99525182 0.02745812
4256.028896 1.02089925 0.02753257
4256.064388 0.99273033 0.02843376
4256.099880 1.02614563 0.02641990
4256.135372 1.04522529 0.02613038
4256.170864 0.99851639 0.02634937
4256.206357 0.98306312 0.02652155
4256.241850 0.96334097 0.02842088
4256.277344 1.02320787 0.02616959
4256.312837 1.01408319 0.02749295
4256.348331 1.01632633 0.02705017
4256.383826 0.99120067 0.02670619
4256.419320 0.95543030 0.02720424
4256.454815 0.96975909 0.02529501
4256.490310 0.99679799 0.02453405
4256.525806 1.01663392 0.02537569
4256.561301 0.98374410 0.02828023
4256.596797 0.95637257 0.02761780
4256.632294 0.97631614 0.03001611
4256.667790 1.04706290 0.02595295
4256.703287 1.01428852 0.02553054
4256.738785 1.05957367 0.02465280
4256.774282 1.03831391 0.02598359
4256.809780 0.97428985 0.02702498
4256.845278 1.01348046 0.02210404
4256.880776 1.01717247 0.02539725
4256.916275 1.00751445 0.02867973
4256.951774 1.04403199 0.02621841
4256.987274 0.94980403 0.02768593
4257.022773 0.96934411 0.03032419
4257.058273 1.02801234 0.02791472
4257.093773 0.94578129 0.02596139
4257.129274 0.97729809 0.02714464
4257.164774 1.01332017 0.02533203
4257.200276 0.99644676 0.02920262
4257.235777 1.00134042 0.02836150
4257.271279 1.01185567 0.02610584
4257.306781 0.95686665 0.02488515
4257.342283 0.99255465 0.02593861
4257.377785 1.03008511 0.02570523
4257.413288 1.02293039 0.02703643
4257.448791 1.02895893 0.03007116
4257.484295 0.99618268 0.02741745
4257.519799 0.99245676 0.02569044
4257.555303 0.97874829 0.03037071
4257.590807 0.99414094 0.02908862
4257.626312 1.03394741 0.02562515
4257.661817 1.04481143 0.02752348
4257.697322 1.01201945 0.02916700
4257.732827 1.05791107 0.02547051
4257.768333 0.97691311 0.02992483
4257.803839 0.96103561 0.02872756
4257.839346 0.99681708 0.02667794
4257.874852 1.07160270 0.02643075
4257.910359 1.01658712 0.02713768
4257.945867 1.01939308 0.02964785
4257.981374 1.00327702 0.02673182
4258.016882 1.02773641 0.02526833
4258.052390 1.03019331 0.02698760
4258.087899 1.00303883 0.02726038
4258.123408 0.97772972 0.02544313
4258.158917 1.03256239 0.02613260
4258.194426 0.99759654 0.02535317
4258.229936 0.97966994 0.02758536
4258.265446 0.98943573 0.03060524
4258.300956 0.97504624 0.02624988
4258.336466 1.02079571 0.02601960
4258.371977 1.04868774 0.02238456
4258.407488 1.03354488 0.02475153
4258.443000 1.07432255 0.02504853
4258.478512 1.02198630 0.02906501
4258.514024 0.99036716 0.02804704
4258.549536 1.00271801 0.02657531
4258.585049 1.00459431 0.02564152
4258.620562 1.03377170 0.02597407
4258.656075 0.99326869 0.02721009
4258.691588 0.96274065 0.02843933
4258.727102 1.04933784 0.02294173
4258.762616 1.02206714 0.02681864
4258.798131 1.00137990 0.03013717
4258.833645 0.98602156 0.02981807
4258.869160 1.04721988 0.02551548
4258.904676 1.00472370 0.02739277
4258.940191 0.99094464 0.02943197
4258.975707 0.98825831 0.03059592
4259.011223 1.02509849 0.02844819
4259.046740 1.02554170 0.02817389
4259.082257 1.01163431 0.02666962
4259.117774 1.00290683 0.02703727
4259.153291 1.01832469 0.02656939
4259.188809 0.98815462 0.03262192
4259.224327 1.05541658 0.02331078
4259.259845 0.98869102 0.02851426
4259.295363 0.96306303 0.02430510
4259.330882 0.99855066 0.02150601
4259.366401 1.03507588 0.02563809
4259.401921 1.02829621 0.02061882
4259.437441 1.00571364 0.02916471
4259.472961 0.99250954 0.02581768
4259.508481 0.99512457 0.02647205
4259.544002 1.01491241 0.02671884
4259.579523 0.96672782 0.02673634
4259.615044 1.01953586 0.02982394
4259.650565 0.99080229 0.02743757
4259.686087 0.99401926 0.02960769
4259.721609 0.98987849 0.02580164
4259.757132 1.02463037 0.02664435
4259.792654 1.00967958 0.02559334
4259.828177 0.99186170 0.02456773
4259.863701 1.02488262 0.02789193
4259.899224 1.03501962 0.02564925
4259.934748 0.97620570 0.02850266
4259.970272 1.02093222 0.02514464
4260.005797 1.01228582 0.02978098
4260.041321 1.02301395 0.02699809
4260.076847 0.99840362 0.02618157
4260.112372 0.99026755 0.02562999
4260.147898 0.97440426 0.02839597
4260.183423 0.98706970 0.02482503
4260.218950 0.97865336 0.02702110
4260.254476 1.02724017 0.02440971
4260.290003 1.02461357 0.02686690
4260.325530 1.01788728 0.02541632
4260.361058 0.99823871 0.02872657
4260.396585 0.99320202 0.02815626
4260.432113 0.98877076 0.02845553
4260.467642 0.93065605 0.02381264
4260.503170 0.97229314 0.02709697
4260.538699 0.99768104 0.02980035
4260.574229 0.97943890 0.02546722
4260.609758 0.97107089 0.02608685
4260.645288 1.01546677 0.02534019
4260.680818 1.01248986 0.02461301
4260.716348 1.03637569 0.02568868
4260.751879 1.02464589 0.02653500
4260.787410 1.01475723 0.02653117
4260.822941 0.99655453 0.02585724
4260.858473 1.04000492 0.02418229
4260.894005 1.00460271 0.02751957
4260.929537 0.99672427 0.02732748
4260.965070 0.96113479 0.02680880
4261.000602 0.98898530 0.02698413
4261.036135 0.94567700 0.02852859
4261.071669 0.97197944 0.02367212
4261.107202 1.02304386 0.02657276
4261.142736 1.02076605 0.02733030
4261.178271 1.00168173 0.02626672
4261.213805 0.98998219 0.02792627
4261.249340 0.97257607 0.02695318
4261.284875 0.98763843 0.02715440
4261.320411 1.03563548 0.02483021
4261.355946 1.04672907 0.02644426
4261.391482 1.00820704 0.02462334
4261.427019 0.98887622 0.02826354
4261.462555 1.00982665 0.02885316
4261.498092 1.01979343 0.02768097
4261.533629 1.03451436 0.02647616
4261.569167 1.04015015 0.02651513
4261.604705 1.00476789 0.02879580
4261.640243 0.97029910 0.02481798
4261.675781 1.03483165 0.02957119
4261.711320 0.99126490 0.02464240
4261.746859 0.98310367 0.02745502
4261.782398 1.00951924 0.02732418
4261.817938 1.02937749 0.02672518
4261.853478 1.03137775 0.02496258
4261.889018 0.98883724 0.02537222
4261.924558 1.00302051 0.02304408
4261.960099 1.00721470 0.02599819
4261.995640 1.02347916 0.02408888
4262.031182 1.03782471 0.02720445
4262.066723 1.00667335 0.02692092
4262.102265 0.98545752 0.02696535
4262.137807 0.98298139 0.02654711
4262.173350 1.00774133 0.02752918
4262.208893 1.00452896 0.02771216
4262.244436 1.00832665 0.02453090
4262.279979 1.00141348 0.02653926
4262.315523 1.00975117 0.02666613
4262.351067 0.98266088 0.03024176
4262.386612 1.05885522 0.02651069
4262.422156 1.03565057 0.02497548
4262.457701 1.01268697 0.03130725
4262.493246 1.03470791 0.02631364
4262.528792 0.98330666 0.02550017
4262.564338 0.96580278 0.02488026
4262.599884 0.97212041 0.02522241
4262.635430 1.01421933 0.02365701
4262.670977 0.98823915 0.03121716
4262.706524 0.97890405 0.02790987
4262.742071 0.99672934 0.02855301
4262.777619 1.05428915 0.02495938
4262.813167 1.02146944 0.02415064
4262.848715 1.00630476 0.02588779
4262.884263 0.96901841 0.02755065
4262.919812 1.01876772 0.02854320
4262.955361 1.01477314 0.03013054
4262.990911 1.02607559 0.02471883
4263.026460 0.97969167 0.02793850
4263.062010 0.98084325 0.02546720
4263.097560 1.01388314 0.02989926
4263.133111 0.98524259 0.02559644
4263.168662 1.01850379 0.02665286
4263.204213 1.01102193 0.02434058
4263.239764 0.99720182 0.02492916
4263.275316 0.96297939 0.02881920
4263.310868 1.06416369 0.02573765
4263.346421 1.04691686 0.02357631
4263.381973 0.99833333 0.02654890
4263.417526 1.01932851 0.03065439
4263.453079 0.96006306 0.02742403
4263.488633 0.98583235 0.02729448
4263.524187 1.03366009 0.02871748
4263.559741 1.03617460 0.02419530
4263.595295 1.00233344 0.02585814
4263.630850 0.99475762 0.02749510
4263.666405 0.99826308 0.02570113
4263.701960 0.99501068 0.02482704
4263.737516 1.02245008 0.02461266
4263.773072 1.02825498 0.02611833
4263.808628 0.98906358 0.02954640
4263.844184 1.00089434 0.02771285
4263.879741 0.97522533 0.02456744
4263.915298 0.97597033 0.02789527
4263.950856 1.00645294 0.02802471
4263.986413 1.00497539 0.02842726
4264.021971 1.03877003 0.02346911
4264.057529 1.04155012 0.02332275
4264.093088 1.03730257 0.02276939
4264.128647 1.03204624 0.02571640
4264.164206 1.06542541 0.02449129
4264.199765 0.99577638 0.03002577
4264.235325 1.04160460 0.02761310
4264.270885 1.02748038 0.02953958
4264.306446 0.98839845 0.02440359
4264.342006 1.00011114 0.02628983
4264.377567 1.03527216 0.02314277
4264.413128 1.00490706 0.02250010
4264.448690 1.04206379 0.02534430
4264.484252 0.98875822 0.02603637
4264.519814 1.06275292 0.02658086
4264.555376 1.01944611 0.02718794
4264.590939 1.00748840 0.02752695
4264.626502 0.98872868 0.02764807
4264.662065 1.02289684 0.02629947
4264.697629 1.04057443 0.02458604
4264.733193 1.05288924 0.02370767
4264.768757 1.03305163 0.02560381
4264.804322 0.98932750 0.02970237
4264.839886 0.96371444 0.02717901
4264.875451 0.96621321 0.02730120
4264.911017 0.97986041 0.02482594
4264.946582 0.97756005 0.02620430
4264.982148 0.97117635 0.02481469
4265.017715 1.01185245 0.02640939
4265.053281 0.96508246 0.02814908
4265.088848 0.97610049 0.02945179
4265.124415 0.97291583 0.02947944
4265.159983 0.99841134 0.02763668
4265.195550 0.99444439 0.02845740
4265.231119 1.00606681 0.02987737
4265.266687 0.98049981 0.03086122
4265.302256 0.99466901 0.02626228
4265.337824 0.95624748 0.02547701
4265.373394 0.98591398 0.02637993
4265.408963 0.97187926 0.02702879
4265.444533 0.96058605 0.02770374
4265.480103 0.98013733 0.02772416
4265.515674 0.99884671 0.02606433
4265.551244 0.94311601 0.02419613
4265.586815 0.96733573 0.02518287
4265.622387 0.95631743 0.02430571
4265.657958 0.91646834 0.02649961
4265.693530 0.90497702 0.02821527
4265.729102 0.94039660 0.02824298
4265.764675 0.92422494 0.02898093
4265.800248 0.95914639 0.02615952
4265.835821 0.87514842 0.02459932
4265.871394 0.88288028 0.02451240
4265.906968 0.90741366 0.02489882
4265.942542 0.91346918 0.02576893
4265.978116 0.88110225 0.02371898
4266.013691 0.89612974 0.02502839
4266.049266 0.84346364 0.03030225
4266.084841 0.85885449 0.02962950
4266.120416 0.86396244 0.02645580
4266.155992 0.89936317 0.02801862
4266.191568 0.87757645 0.02656554
4266.227144 0.89154801 0.02621615
4266.262721 0.83373306 0.02659142
4266.298298 0.86397801 0.02573312
4266.333875 0.84863289 0.02348717
4266.369453 0.81692400 0.02531670
4266.405031 0.81766466 0.02452961
4266.440609 0.79360021 0.02419525
4266.476187 0.82037677 0.02806349
4266.511766 0.84064972 0.02664661
4266.547345 0.84505006 0.02713979
4266.582924 0.84472624 0.02820506
4266.618504 0.86674776 0.02519843
4266.654084 0.83950845 0.02514539
4266.689664 0.82812695 0.02762770
4266.725245 0.83051791 0.02806962
4266.760825 0.79163571 0.02663130
4266.796406 0.81992380 0.02810061
4266.831988 0.85146499 0.02650892
4266.867570 0.83426796 0.02341935
4266.903152 0.81884470 0.02828804
4266.938734 0.83381280 0.02499607
4266.974316 0.81763281 0.02741640
4267.009899 0.83065927 0.02530571
4267.045482 0.81543658 0.02470897
4267.081066 0.81506399 0.02919307
4267.116650 0.79429849 0.02759666
4267.152234 0.85374076 0.02575533
4267.187818 0.85224412 0.02531967
4267.223403 0.86518834 0.02540679
4267.258988 0.80416999 0.02857626
4267.294573 0.82849940 0.02502559
4267.330159 0.77121291 0.02577073
4267.365744 0.77229746 0.02636546
4267.401331 0.80275979 0.02868282
4267.436917 0.85523850 0.02734217
4267.472504 0.84746464 0.02760123
4267.508091 0.86089913 0.02840435
4267.543678 0.86798882 0.02548212
4267.579266 0.86544988 0.02438583
4267.614854 0.83142417 0.03043597
4267.650442 0.85355591 0.02691643
4267.686030 0.83742215 0.02984454
4267.721619 0.84319694 0.02641343
4267.757208 0.87814054 0.02622252
4267.792798 0.84196377 0.02413227
4267.828388 0.85958258 0.02571359
4267.863978 0.87474274 0.02665518
4267.899568 0.84668504 0.02677679
4267.935158 0.82464877 0.02401739
4267.970749 0.81164804 0.02433634
4268.006341 0.84680622 0.02666590
4268.041932 0.91471562 0.02622563
4268.077524 0.86573188 0.03073477
4268.113116 0.90466792 0.02488598
4268.148708 0.87225704 0.02816935
4268.184301 0.90193513 0.02697321
4268.219894 0.88745920 0.02429549
4268.255487 0.89268010 0.02513084
4268.291081 0.88310763 0.02792384
4268.326675 0.87692433 0.02774121
4268.362269 0.90991632 0.02848774
4268.397863 0.92372189 0.02601284
4268.433458 0.87265667 0.02542006
4268.469053 0.92063898 0.02540073
4268.504648 0.94389034 0.02268187
4268.540244 0.98482295 0.02643235
4268.575840 0.97343236 0.03040173
4268.611436 0.94152565 0.02785710
4268.647033 0.99762874 0.02693039
4268.682630 0.94145822 0.03021661
4268.718227 0.93489131 0.02947265
4268.753824 0.98181676 0.02767993
4268.789422 1.01546914 0.02667717
4268.825020 0.96086318 0.02935526
4268.860618 0.96801807 0.02561804
4268.896217 1.01114657 0.02341507
4268.931816 1.01077720 0.02615574
4268.967415 1.00165199 0.02369658
4269.003014 0.97565146 0.02571415
4269.038614 0.94563416 0.03328234
4269.074214 0.97053136 0.02721891
4269.109815 1.00068318 0.02595449
4269.145415 0.99151672 0.02816086
4269.181016 1.00513720 0.02525414
4269.216618 1.00091021 0.02818148
4269.252219 1.03299809 0.03003346
4269.287821 1.01546912 0.02948186
4269.323423 1.03428078 0.03051844
4269.359026 1.03478065 0.02533038
4269.394629 1.00723930 0.02630057
4269.430232 0.96071522 0.02358441
4269.465835 0.92294175 0.02992234
4269.501439 0.93201274 0.02869827
4269.537043 0.96846577 0.02347603
4269.572647 1.00282280 0.02943626
4269.608251 1.03135116 0.03034344
4269.643856 1.01779901 0.02590869
4269.679461 0.98701589 0.02741420
4269.715067 1.03134487 0.02934956
4269.750673 1.00445944 0.03063289
4269.786279 0.98282261 0.02532584
4269.821885 1.00242439 0.03100896
4269.857492 0.98733804 0.02212207
4269.893099 1.00178095 0.02435414
4269.928706 1.01188854 0.02858806
4269.964313 1.01893716 0.02881535
4269.999921 0.96949638 0.02888619
4270.035529 0.99494010 0.03006364
4270.071138 0.97260610 0.02568385
4270.106746 1.01069506 0.02526052
4270.142355 0.99802376 0.02976793
4270.177965 1.00602816 0.02953801
4270.213574 0.98972532 0.02727220
4270.249184 0.98101216 0.02873400
4270.284794 1.03931436 0.02661014
4270.320405 1.01509654 0.02607453
4270.356016 1.01050647 0.02682062
4270.391627 1.02441500 0.02451778
4270.427238 1.04239331 0.02519849
4270.462850 0.99428561 0.02976604
4270.498462 0.99058007 0.02637595
4270.534074 1.01478143 0.02680504
4270.569687 1.00450882 0.02898961
4270.605299 1.06219287 0.02657326
4270.640913 1.05026885 0.02619668
4270.676526 1.00011981 0.02531640
4270.712140 0.99217435 0.02680411
4270.747754 1.00785575 0.02771776
4270.783368 1.04665301 0.02813781
4270.818983 1.01828155 0.02855936
4270.854598 1.03453648 0.02772054
4270.890213 0.98508010 0.02754883
4270.925829 0.97676808 0.02942005
4270.961444 0.96235472 0.02692762
4270.997061 0.99747813 0.02682360
4271.032677 1.01974633 0.02844114
4271.068294 1.03074519 0.02764859
4271.103911 0.99941626 0.02711305
4271.139528 1.04563435 0.02778201
4271.175146 1.01433530 0.02650386
4271.210764 1.03022504 0.02500624
4271.246382 1.01472443 0.02557636
4271.282000 0.99961477 0.02994209
4271.317619 1.01044967 0.02664999
4271.353238 0.99073794 0.02704851
4271.388858 1.03830874 0.02322634
4271.424477 1.06030860 0.02500360
4271.460097 0.99686454 0.02577288
4271.495718 1.02319269 0.03017276
4271.531338 1.04747916 0.02674813
4271.566959 1.01573880 0.02245840
4271.602580 0.97473812 0.02876609
4271.638202 0.98876605 0.02852197
4271.673824 0.99341940 0.02872657
4271.709446 1.07204821 0.02423568
4271.745068 1.03195874 0.02659307
4271.780691 1.04625278 0.02792318
4271.816314 1.02366029 0.02821906
4271.851937 0.98779844 0.02486560
4271.887560 0.97683683 0.02613767
4271.923184 1.00408208 0.02498535
4271.958808 0.96417558 0.02913903
4271.994433 0.97398362 0.02695301
4272.030058 1.00380476 0.02690894
4272.065683 0.99028358 0.02548692
4272.101308 1.03281681 0.02740631
4272.136934 1.01601082 0.02448650
4272.172560 0.99825336 0.02660002
4272.208186 1.03570201 0.02722015
4272.243812 1.03749024 0.02641459
4272.279439 1.02977056 0.02736693
4272.315066 1.05157756 0.02628404
4272.350694 1.00671991 0.02860873
4272.386321 1.03407863 0.02396873
4272.421949 0.99890561 0.02915573
4272.457578 1.04283210 0.02705540
4272.493206 1.02924890 0.02500636
4272.528835 0.99500741 0.02878079
4272.564465 1.07673957 0.02677558
4272.600094 1.05220919 0.02487778
4272.635724 1.08361045 0.03004063
4272.671354 1.00166963 0.02706152
4272.706984 1.00814306 0.02973019
4272.742615 0.98724085 0.02551640
4272.778246 1.00176663 0.02624216
4272.813877 1.02968079 0.02531394
4272.849509 0.99419609 0.02821987
4272.885141 1.02909634 0.02543895
4272.920773 1.01253714 0.03167003
4272.956405 1.02717467 0.02944801
4272.992038 1.04335685 0.02466729
4273.027671 0.99042153 0.02541995
4273.063305 1.03627745 0.02492976
4273.098938 1.02717820 0.02745900
4273.134572 1.07417057 0.02662461
4273.170206 1.05105345 0.02669535
4273.205841 1.01566595 0.02706533
4273.241476 1.03730860 0.02391368
4273.277111 0.97489964 0.02627129
4273.312746 1.01453583 0.02771448
4273.348382 1.03335515 0.02296500
4273.384018 1.03339285 0.02544153
4273.419655 1.04319427 0.02702879
4273.455291 1.04728567 0.02800526
4273.490928 1.03574000 0.02927140
4273.526565 1.01948504 0.02732280
4273.562203 0.98456328 0.02569086
4273.597841 1.00478452 0.02642624
4273.633479 0.97161419 0.02365553
4273.669117 0.99724915 0.02585040
4273.704756 0.96396018 0.02904140
4273.740395 0.99041523 0.02502422
4273.776034 1.01239879 0.02681062
4273.811674 1.04193453 0.02702087
4273.847314 1.01724078 0.02611221
4273.882954 0.99655976 0.02546814
4273.918594 1.02866906 0.02491139
4273.954235 1.03359445 0.02638984
4273.989876 0.97617496 0.02680046
4274.025518 0.98849961 0.02803612
4274.061159 0.96215414 0.02827716
4274.096801 1.00091816 0.02456149
4274.132444 1.01826244 0.02622504
4274.168086 1.05658909 0.02434532
4274.203729 1.03967420 0.02550039
4274.239372 0.98745432 0.02899331
4274.275016 1.00845038 0.02424730
4274.310660 1.04428489 0.02230378
4274.346304 1.01248436 0.02583126
4274.381948 1.05273316 0.02345402
4274.417593 1.03933193 0.02501670
4274.453238 0.99994184 0.02773773
4274.488883 0.96580251 0.02755877
4274.524528 0.99039008 0.02579754
4274.560174 1.05138574 0.02641266
4274.595820 1.04525224 0.02886964
4274.631467 1.01214210 0.02826200
4274.667114 1.03189042 0.02576486
4274.702761 1.02681524 0.02653207
4274.738408 0.96405833 0.03183664
4274.774056 0.99320346 0.02688177
4274.809703 0.98913957 0.02442422
4274.845352 0.99743154 0.02931355
4274.881000 0.98491839 0.02318881
4274.916649 0.99941693 0.02335598
4274.952298 1.05154317 0.02363170
4274.987948 1.00832739 0.02524284
4275.023597 1.02324149 0.02585887
4275.059247 0.99873066 0.02556266
4275.094898 1.03608553 0.02504870
4275.130548 1.01762848 0.03006058
4275.166199 1.00026676 0.02857608
4275.201850 1.00499421 0.02535488
4275.237502 1.05540235 0.02497803
4275.273154 1.04502602 0.02692343
4275.308806 1.03609895 0.02495604
4275.344458 1.00844794 0.02319639
4275.380111 1.03688867 0.02317934
4275.415764 1.02938365 0.02694823
4275.451417 1.05082257 0.02461938
4275.487071 1.01242817 0.02491899
4275.522724 1.00879017 0.02634946
4275.558379 0.98548362 0.02967756
4275.594033 1.00171834 0.02574499
4275.629688 1.03466684 0.02747759
4275.665343 1.00735422 0.02636687
4275.700998 1.04169312 0.02625069
4275.736654 1.03239665 0.02715785
4275.772310 0.96550159 0.02612798
4275.807966 0.97135725 0.02686397
4275.843623 0.97440596 0.02546729
4275.879280 0.96332783 0.02962191
4275.914937 0.95537191 0.02465132
4275.950594 0.99474632 0.03065600
4275.986252 1.00547368 0.02509002
4276.021910 1.01701214 0.02492354
4276.057568 1.01390351 0.02860247
4276.093227 0.97774986 0.02908689
4276.128886 1.00522765 0.02625073
4276.164545 1.01013837 0.02783267
4276.200205 0.99125732 0.02848346
4276.235864 1.01730697 0.02732145
4276.271524 0.97351106 0.02499712
4276.307185 1.02038193 0.02781522
4276.342846 1.02935637 0.02547370
4276.378507 1.03676249 0.02641532
4276.414168 0.99770624 0.02849153
4276.449830 1.01262049 0.02472368
4276.485491 0.98430903 0.02767421
4276.521154 0.98684107 0.02664315
4276.556816 1.01311260 0.02857563
4276.592479 0.95920764 0.02826337
4276.628142 0.98606110 0.02631832
4276.663805 0.97262192 0.02909407
4276.699469 0.97503950 0.02742396
4276.735133 1.00147897 0.02817911
4276.770797 0.98866094 0.03122892
4276.806462 0.97706101 0.03134054
4276.842127 0.96919007 0.02578627
4276.877792 0.99658489 0.02677444
4276.913457 1.01471717 0.02663635
4276.949123 1.01240044 0.02329427
4276.984789 1.03194443 0.02854969
4277.020456 1.06015500 0.02694072
4277.056122 1.07301486 0.02651352
4277.091789 1.04104636 0.02503427
4277.127456 1.06723255 0.02554485
4277.163124 1.05781110 0.02083680
4277.198792 0.98639671 0.02497600
4277.234460 1.02528423 0.02704671
4277.270128 1.00358915 0.02608689
4277.305797 0.99185874 0.02471462
4277.341466 1.00594490 0.02419531
4277.377136 1.02627371 0.02935816
4277.412805 0.99917831 0.02930080
4277.448475 1.02980694 0.02301143
4277.484145 1.04575344 0.02312541
4277.519816 0.98261693 0.02999077
4277.555487 0.97986274 0.02907303
4277.591158 0.96382094 0.02887334
4277.626829 1.01741980 0.02664365
4277.662501 1.00786751 0.03048144
4277.698173 1.05115521 0.02134225
4277.733845 1.04440050 0.02678009
4277.769518 1.03261556 0.02797514
4277.805191 1.01657163 0.02825147
4277.840864 1.00845640 0.02831446
4277.876538 0.99472774 0.02956712
4277.912211 1.02848989 0.02577664
4277.947885 1.02417444 0.02458430
4277.983560 1.02426978 0.02469385
4278.019235 1.02001733 0.02795542
4278.054910 0.98978489 0.02818460
4278.090585 1.01352470 0.02764964
4278.126260 1.00600346 0.02815465
4278.161936 1.02829508 0.02647950
4278.197612 1.00995618 0.02392956
4278.233289 0.97075999 0.02805877
4278.268966 1.00812198 0.02596627
4278.304643 1.01102846 0.02793634
4278.340320 0.95727872 0.02700484
4278.375998 1.00322648 0.02737346
4278.411676 0.97051320 0.02596722
4278.447354 0.94488832 0.03038391
4278.483033 1.00746550 0.02844763
4278.518711 1.01615404 0.02729214
4278.554391 1.03723827 0.02575005
4278.590070 1.02686927 0.02580675
4278.625750 1.02730088 0.02451781
4278.661430 1.01473106 0.02503468
4278.697110 1.00068657 0.02682938
4278.732791 0.99466650 0.02825104
4278.768472 1.01711629 0.02649950
4278.804153 0.98178629 0.02647420
4278.839835 1.02219067 0.02545667
4278.875516 1.05751549 0.02502653
4278.911199 1.02554709 0.02707505
4278.946881 1.00269185 0.02811764
4278.982564 0.99450355 0.02750687
4279.018247 1.04989224 0.02541142
4279.053930 1.00183652 0.02590352
4279.089614 1.02760431 0.02672041
4279.125298 1.01004668 0.02735883
4279.160982 1.01408514 0.02663745
4279.196666 1.03583822 0.02673275
4279.232351 0.99566800 0.03051232
4279.268036 1.04792521 0.02613085
4279.303722 1.01278307 0.02925145
4279.339407 0.98882879 0.02922332
4279.375093 1.01282125 0.02581702
4279.410780 1.02941959 0.02901561
4279.446466 1.04491391 0.02607384
4279.482153 1.00253318 0.02717329
4279.517840 1.03473339 0.02597981
4279.553528 1.03254483 0.02950110
4279.589216 1.04646190 0.02548155
4279.624904 1.05766140 0.02584692
4279.660592 1.05737572 0.02590926
4279.696281 1.01781504 0.02558846
4279.731970 1.02530129 0.02826684
4279.767659 0.96800225 0.02494083
4279.803348 1.02661319 0.02752823
4279.839038 1.05304559 0.02447522
4279.874729 1.02746941 0.02356333
4279.910419 0.98386279 0.02817617
4279.946110 0.99332109 0.02867752
4279.981801 1.03417493 0.02406545
4280.017492 1.00576205 0.02559648
4280.053184 1.02631582 0.02782407
4280.088876 1.02846588 0.02987216
4280.124568 1.02982758 0.02874582
4280.160261 1.01642765 0.02633841
4280.195953 1.04022619 0.02701864
4280.231647 1.01634912 0.02495064
4280.267340 1.01901630 0.02749391
4280.303034 0.97447221 0.02487760
4280.338728 1.03829130 0.02738265
4280.374422 1.00516724 0.02711970
4280.410117 1.02003253 0.02885738
4280.445812 1.01579518 0.03105105
4280.481507 0.96388056 0.02670369
4280.517202 1.02897793 0.02832280
4280.552898 1.02216223 0.02819011
4280.588594 0.98637991 0.02831377
4280.624291 0.98838919 0.02862131
4280.659987 1.00441239 0.02877060
4280.695684 1.03232930 0.02854671
4280.731382 1.00097388 0.02780976
4280.767079 1.03357238 0.02695828
4280.802777 1.03523794 0.02606220
4280.838475 0.98246445 0.02820687
4280.874174 0.99083670 0.02736223
4280.909873 0.99598773 0.03001828
4280.945572 0.96933430 0.02710006
4280.981271 1.01823593 0.02497455
4281.016971 1.06015773 0.02730660
4281.052671 1.06599643 0.02437003
4281.088371 1.03339694 0.02542330
4281.124072 1.00517033 0.02550688
4281.159773 1.02869265 0.02816604
4281.195474 1.04771181 0.02301689
4281.231175 1.04167661 0.02666304
4281.266877 1.05401326 0.02588883
4281.302579 1.03290280 0.02308097
4281.338282 1.05862923 0.02603088
4281.373984 1.05702984 0.02439621
4281.409687 1.05632681 0.02703923
4281.445390 1.03153731 0.02308530
4281.481094 0.99664769 0.02556164
4281.516798 0.97034538 0.03033496
4281.552502 1.03615915 0.02320424
4281.588206 1.05556643 0.02838572
4281.623911 1.02055897 0.02826764
4281.659616 1.04260464 0.02654974
4281.695322 1.03502445 0.02423184
4281.731027 1.00124599 0.02550744
4281.766733 1.00758507 0.02920474
4281.802439 1.01438993 0.02581417
4281.838146 1.05504694 0.02401582
4281.873853 1.04312313 0.02555225
4281.909560 0.99380569 0.02814243
4281.945267 0.95664054 0.02577418
4281.980975 1.00703394 0.02647698
4282.016683 1.01381970 0.02690126
4282.052391 1.01314970 0.02742201
4282.088100 1.00993603 0.02739638
4282.123809 1.00150315 0.02303164
4282.159518 1.03098175 0.02676282
4282.195228 0.98179120 0.02759058
4282.230938 0.97498148 0.02729254
4282.266648 0.99390832 0.02676138
4282.302358 0.98817328 0.02596799
4282.338069 0.98760739 0.02604966
4282.373780 0.98786070 0.02581983
4282.409491 1.01982946 0.02748625
4282.445203 1.00992842 0.02559616
4282.480915 1.04437551 0.02682669
4282.516627 0.98758777 0.02598537
4282.552339 1.02686378 0.02610666
4282.588052 1.02578208 0.02750136
4282.623765 1.02175324 0.02820049
4282.659479 0.96054046 0.03129553
4282.695192 1.01715293 0.02808008
4282.730906 1.00455554 0.02899868
4282.766620 1.01340575 0.02483371
4282.802335 1.02271834 0.02770687
4282.838050 1.02786574 0.02718906
4282.873765 1.00632840 0.02786080
4282.909481 1.00028669 0.02995270
4282.945196 0.99254206 0.02821079
4282.980912 0.99836483 0.02661421
4283.016629 1.05501462 0.02651473
4283.052345 1.02356984 0.02586714
4283.088062 0.99157599 0.02563665
4283.123780 0.98406224 0.02439161
4283.159497 1.02809262 0.03143436
4283.195215 1.03967552 0.02770312
4283.230933 1.02216908 0.02403998
4283.266652 0.97722893 0.02265258
4283.302370 0.95567774 0.02644861
4283.338089 1.00137729 0.02763535
4283.373809 1.03802163 0.02535101
4283.409528 1.01752220 0.02689160
4283.445248 1.04830423 0.02638149
4283.480969 1.02147967 0.02601807
4283.516689 1.03733919 0.02411424
4283.552410 1.04053145 0.02471316
4283.588131 1.01765084 0.02764709
4283.623853 0.99519500 0.02928468
4283.659574 1.00574998 0.02623668
4283.695296 1.02490006 0.02605822
4283.731019 1.05796472 0.02422797
4283.766741 1.04423791 0.02430210
4283.802464 1.02152309 0.02768406
4283.838187 0.99147178 0.02568589
4283.873911 0.96899358 0.02689691
4283.909635 1.01242048 0.02752372
4283.945359 0.96310721 0.02787773
4283.981083 0.93753949 0.02768075
4284.016808 1.00981781 0.02544364
4284.052533 0.95832340 0.02796846
4284.088258 1.01527258 0.02531632
4284.123984 0.96729422 0.02694431
4284.159710 0.93385980 0.02722602
4284.195436 0.96163974 0.02742567
4284.231162 1.00800109 0.02570177
4284.266889 1.00106587 0.02841691
4284.302616 1.03385101 0.02805693
4284.338344 1.03256461 0.02781875
4284.374071 1.01644144 0.02285573
4284.409799 0.98261196 0.02942180
4284.445528 1.00315792 0.02573100
4284.481256 0.99525050 0.02559327
4284.516985 1.04744645 0.02235994
4284.552714 0.96508969 0.02505060
4284.588444 0.95138289 0.02552172
4284.624174 1.01149215 0.02468424
4284.659904 1.00815181 0.02652646
4284.695634 0.98511446 0.03178018
4284.731365 1.03368686 0.02611470
4284.767096 0.99921803 0.02856228
4284.802827 0.99724476 0.02690746
4284.838558 0.98377046 0.02770938
4284.874290 0.98334518 0.02809465
4284.910022 0.94735991 0.02583625
4284.945755 0.97670481 0.02715063
4284.981488 0.98367482 0.02489322
4285.017221 1.01497122 0.02592300
4285.052954 0.95553767 0.02323575
4285.088688 0.97780005 0.02423555
4285.124422 0.96738938 0.02486262
4285.160156 0.95349601 0.02680224
4285.195890 0.96907447 0.02994643
4285.231625 1.01594975 0.02549240
4285.267360 1.00635999 0.02919024
4285.303096 0.98538229 0.02692256
4285.338832 0.97479450 0.02518946
4285.374568 1.01463448 0.02306223
4285.410304 0.99672509 0.02699547
4285.446041 0.97974436 0.02538528
4285.481777 0.95638555 0.02752160
4285.517515 1.01390218 0.03077924
4285.553252 1.00393128 0.02521958
4285.588990 0.96884872 0.03044226
4285.624728 0.98085504 0.02457969
4285.660467 0.99471440 0.02872702
4285.696205 1.02476000 0.03033235
4285.731944 0.93350526 0.02596671
4285.767684 0.95710170 0.02434070
4285.803423 1.05527949 0.02705629
4285.839163 0.99861121 0.02597839
4285.874903 0.98676746 0.02679467
4285.910644 0.88087766 0.02887741
4285.946385 0.97759921 0.03023830
4285.982126 1.02464562 0.02967268
4286.017867 1.03744673 0.02662236
4286.053609 1.01594525 0.02551736
4286.089351 0.98970256 0.02827670
4286.125093 0.99042212 0.02376561
4286.160836 0.99761037 0.02633266
4286.196578 1.03660460 0.02617666
4286.232322 1.03514431 0.02475604
4286.268065 1.02947954 0.03142038
4286.303809 1.00021929 0.02835862
4286.339553 0.97182100 0.02901804
4286.375297 0.99430439 0.02860334
4286.411042 1.00362256 0.02977755
4286.446787 1.00172195 0.02555242
4286.482532 0.95593678 0.02765700
4286.518278 0.97780645 0.03344264
4286.554024 0.97215585 0.03091761
4286.589770 0.97323281 0.02534669
4286.625516 1.03798048 0.02418460
4286.661263 1.01108537 0.02814230
4286.697010 1.01459624 0.02599927
4286.732757 0.99831271 0.02647122
4286.768505 1.03114056 0.02679647
4286.804253 0.99484225 0.02706364
4286.840001 0.99083945 0.03058776
4286.875750 0.98090652 0.02432377
4286.911499 0.96364199 0.02800798
4286.947248 0.99827624 0.02819253
4286.982997 1.03676312 0.02767755
4287.018747 1.03906130 0.02657869
4287.054497 0.96609644 0.02453638
4287.090247 1.00543397 0.02727170
4287.125998 1.00709900 0.02639064
4287.161749 1.05157942 0.02542872
4287.197500 1.04637241 0.02572687
4287.233252 1.00737968 0.02762028
4287.269004 0.97731400 0.02630561
4287.304756 0.97901264 0.02890039
4287.340508 0.99426989 0.02447006
4287.376261 0.99077615 0.02755367
4287.412014 0.99233914 0.02650564
4287.447767 1.01765675 0.02836125
4287.483521 0.97363079 0.02575324
4287.519275 1.03892518 0.02599031
4287.555029 1.03136277 0.02612958
4287.590783 1.02942605 0.02766543
4287.626538 0.99342668 0.02627694
4287.662293 1.03788885 0.02469417
4287.698049 0.99360105 0.02738205
4287.733804 0.98805765 0.02699425
4287.769560 1.02577054 0.02984606
4287.805317 1.02413826 0.02818910
4287.841073 0.98886627 0.02949571
4287.876830 0.95561484 0.02788013
4287.912587 0.96390656 0.02797905
4287.948345 0.97407746 0.02756378
4287.984103 1.00021827 0.02785713
4288.019861 0.99305305 0.02802813
4288.055619 1.01646343 0.02734627
4288.091378 1.03481359 0.02510795
4288.127137 0.99103625 0.02889440
4288.162896 0.99888121 0.02751707
4288.198656 1.01039400 0.02696018
4288.234416 1.00485165 0.02667504
4288.270176 1.03257648 0.02677510
4288.305936 0.99647991 0.02372124
4288.341697 1.04468489 0.02549415
4288.377458 1.03934170 0.02281478
4288.413219 1.05928696 0.02358045
4288.448981 1.03471570 0.02857309
4288.484743 1.04776994 0.02578567
4288.520505 0.99053697 0.02784623
4288.556268 1.02755297 0.02781863
4288.592031 1.00640497 0.02739992
4288.627794 1.02867474 0.02491730
4288.663557 1.00752423 0.02627820
4288.699321 0.98663734 0.02667340
4288.735085 1.00582353 0.02435292
4288.770850 0.99137123 0.02248971
4288.806614 1.01943896 0.02583235
4288.842379 0.98003451 0.02654846
4288.878144 0.99389662 0.02580674
4288.913910 1.04013172 0.02646318
4288.949676 1.02664932 0.02537472
4288.985442 1.00931934 0.02846918
4289.021208 1.00140937 0.03207959
4289.056975 1.00228141 0.02983315
4289.092742 1.00032078 0.02490906
4289.128509 1.00535871 0.02618903
4289.164277 1.05593991 0.02428915
4289.200045 1.01984101 0.02640555
4289.235813 1.02072205 0.02265145
4289.271582 1.03969781 0.02505303
4289.307351 0.99125681 0.02860338
4289.343120 1.01590595 0.02790378
4289.378889 1.06955853 0.02648186
4289.414659 1.06304224 0.02320885
4289.450429 1.04717775 0.02712588
4289.486199 1.02746915 0.02486318
4289.521970 0.98840495 0.02627827
4289.557741 1.01570788 0.02874421
4289.593512 0.99370648 0.02933183
4289.629283 1.01938681 0.02422755
4289.665055 1.01921679 0.02906559
4289.700827 1.02104077 0.02710467
4289.736600 1.06151010 0.02727734
4289.772372 1.01848841 0.02427875
4289.808145 0.98908589 0.02665264
4289.843919 1.02284556 0.02701973
4289.879692 0.99534622 0.02882601
4289.915466 0.95047408 0.02783539
4289.951240 1.01368160 0.02545423
4289.987015 0.99300088 0.02525253
4290.022790 0.98626838 0.02578723
4290.058565 0.98161054 0.02874554
4290.094340 1.01650941 0.02792871
4290.130116 1.01261255 0.02515110
4290.165892 1.03035961 0.02339207
4290.201668 1.04733845 0.02704579
4290.237445 1.03962294 0.02782109
4290.273222 1.02020062 0.02541171
4290.308999 1.05716533 0.02445021
4290.344776 1.04236342 0.02673881
4290.380554 0.96404522 0.02295987
4290.416332 1.04109559 0.02419914
4290.452110 1.04638938 0.02792779
4290.487889 1.04763038 0.02418380
4290.523668 1.04135482 0.02241510
4290.559447 1.00887599 0.02400189
4290.595227 1.00683936 0.02463455
4290.631007 1.00740429 0.02522484
4290.666787 1.02509371 0.02978605
4290.702567 1.02120549 0.02793494
4290.738348 0.99953853 0.02873244
4290.774129 1.02475099 0.02494808
4290.809911 1.01744441 0.02722863
4290.845692 0.98116202 0.02576913
4290.881474 1.03136463 0.02866493
4290.917256 1.01676216 0.02830545
4290.953039 1.01934337 0.02452728
4290.988822 0.99116793 0.02374438
4291.024605 1.00128163 0.02991567
4291.060388 0.99799828 0.02574278
4291.096172 1.03895225 0.02776939
4291.131956 1.01524526 0.02890127
4291.167740 1.04195985 0.02739581
4291.203525 1.02721502 0.02762265
4291.239310 0.99239848 0.02775838
4291.275095 0.98228666 0.02993520
4291.310881 0.98295018 0.02783793
4291.346667 0.97516855 0.02893709
4291.382453 1.03267497 0.02506555
4291.418239 1.00529244 0.02683333
4291.454026 0.99355198 0.02737975
4291.489813 0.99402057 0.02803432
4291.525600 0.97334410 0.03079943
4291.561388 1.03320704 0.03339864
4291.597176 1.02118060 0.02699258
4291.632964 1.04105666 0.02860133
4291.668753 1.00630889 0.02914639
4291.704541 0.98274943 0.02888491
4291.740330 1.04104161 0.02387072
4291.776120 1.06086231 0.02791324
4291.811910 1.05402939 0.02674528
4291.847700 1.00561446 0.02411656
4291.883490 0.99361238 0.02761422
4291.919281 1.04492211 0.02336360
4291.955071 0.97732424 0.02647824
4291.990863 1.01125561 0.02767357
4292.026654 1.05029460 0.02820010
4292.062446 1.04117491 0.02550719
4292.098238 1.04443662 0.02481802
4292.134030 0.97319782 0.02564907
4292.169823 1.01165096 0.02771404
4292.205616 1.00855991 0.02723121
4292.241409 0.99683546 0.02505047
4292.277203 1.01372801 0.02729703
4292.312997 1.00546667 0.02620410
4292.348791 1.00594686 0.02715439
4292.384586 0.97083039 0.03048208
4292.420380 1.01239339 0.02456339
4292.456175 1.00783939 0.02848633
4292.491971 1.02299481 0.02608602
4292.527766 0.98398125 0.02707537
4292.563562 1.01624754 0.02489680
4292.599359 1.02650736 0.02524154
4292.635155 0.96348537 0.02831071
4292.670952 1.05486974 0.02480039
4292.706749 1.02292016 0.02830681
4292.742547 1.02280099 0.02842272
4292.778345 1.03873345 0.02947864
4292.814143 1.03562900 0.02688422
4292.849941 1.01315791 0.02554471
4292.885740 1.07142478 0.02375678
4292.921539 1.06126048 0.02544904
4292.957338 0.99526258 0.02758833
4292.993137 1.03706835 0.02456692
4293.028937 1.00184393 0.02575849
4293.064737 0.99216881 0.02451118
4293.100538 1.00788709 0.02996840
4293.136339 0.98281969 0.02518547
4293.172140 0.99683514 0.02885367
4293.207941 1.03848900 0.02754571
4293.243743 0.96298317 0.02997838
4293.279545 1.00756818 0.02987186
4293.315347 1.03278840 0.02473965
4293.351149 1.01173618 0.02831060
4293.386952 1.04021598 0.02510905
4293.422755 1.04035884 0.02775122
4293.458559 0.99227570 0.02824279
4293.494363 1.03129277 0.02612094
4293.530167 1.04804266 0.02580867
4293.565971 1.02703018 0.02786868
4293.601776 1.07391513 0.02531639
4293.637581 1.05422917 0.02912418
4293.673386 0.98608279 0.02759825
4293.709191 1.03529475 0.03125786
4293.744997 1.01346015 0.02914438
4293.780803 1.01534383 0.02543034
4293.816610 0.98802543 0.02493824
4293.852416 1.01279323 0.02718498
4293.888224 1.02839369 0.02793260
4293.924031 0.97516015 0.02354637
4293.959838 0.98277362 0.02512626
4293.995646 1.05414974 0.02323716
4294.031455 1.03248856 0.02582736
4294.067263 0.98637228 0.02543105
4294.103072 1.03954521 0.02692423
4294.138881 1.05480564 0.02509834
4294.174690 1.03023763 0.02944977
4294.210500 1.03390805 0.02317247
4294.246310 0.99335053 0.02910705
4294.282120 1.02598270 0.02914985
4294.317931 1.06740146 0.02484871
4294.353742 1.06470971 0.02559634
4294.389553 0.98808830 0.02672057
4294.425365 0.98215862 0.02824941
4294.461176 1.02348660 0.02452394
4294.496989 1.01327652 0.02673765
4294.532801 1.03776501 0.02548352
4294.568614 0.96419443 0.02940110
4294.604427 0.94244614 0.02955905
4294.640240 0.96585787 0.02806651
4294.676054 1.00806266 0.02807723
4294.711867 1.00504412 0.02877488
4294.747682 1.02594360 0.02667405
4294.783496 0.97411207 0.02435788
4294.819311 0.93292475 0.02979453
4294.855126 0.98419215 0.02936598
4294.890941 1.01706712 0.03031728
4294.926757 1.06596940 0.02443693
4294.962573 1.03495387 0.02391565
4294.998389 1.05429767 0.02506217
4295.034206 1.07571374 0.02172853
4295.070023 1.08193587 0.02758061
4295.105840 0.98870433 0.02882593
4295.141657 0.98600195 0.02396045
4295.177475 1.00582050 0.02961308
4295.213293 1.02205112 0.02826948
4295.249112 1.03562064 0.02383609
4295.284930 1.06012868 0.02503779
4295.320749 1.02592918 0.02791504
4295.356569 1.08440593 0.02695423
4295.392388 1.02762502 0.02651606
4295.428208 0.99754046 0.02674029
4295.464028 1.01640873 0.02308167
4295.499849 1.00466173 0.02451834
4295.535669 0.95271539 0.02759980
4295.571491 0.99736374 0.02975237
4295.607312 1.01108379 0.02780799
4295.643134 1.04664809 0.02562144
4295.678955 1.03468638 0.02553346
4295.714778 0.98773167 0.02796228
4295.750600 0.99338309 0.02601191
4295.786423 1.01061953 0.02824233
4295.822246 1.04647379 0.02507904
4295.858070 1.03683351 0.02864298
4295.893893 0.99928259 0.02575617
4295.929718 1.04090200 0.02496251
4295.965542 1.04284490 0.02520704
4296.001367 1.03286061 0.02649107
4296.037191 1.00024188 0.02664943
4296.073017 1.00151438 0.02453017
4296.108842 1.00365382 0.02713286
4296.144668 1.03546691 0.02456344
4296.180494 1.02186759 0.02660975
4296.216321 1.02056355 0.03004325
4296.252147 1.01047656 0.02878894
4296.287974 1.03449312 0.02558454
4296.323802 0.99961144 0.02739653
4296.359629 0.99658003 0.02779664
4296.395457 0.98305466 0.02695254
4296.431286 1.03652333 0.02597126
4296.467114 1.07020144 0.02552529
4296.502943 1.00556361 0.02913791
4296.538772 1.01157224 0.02709947
4296.574602 1.02077365 0.02890562
4296.610431 1.03306640 0.02756163
4296.646261 1.02567452 0.02646627
4296.682092 0.96489864 0.02758799
4296.717922 1.01476658 0.02211602
4296.753753 1.01057989 0.02353675
4296.789584 1.01536827 0.02281539
4296.825416 1.00243740 0.02731195
4296.861248 1.06082878 0.02509737
4296.897080 1.01085733 0.02602700
4296.932912 0.99428865 0.02570031
4296.968745 1.06868105 0.02619397
4297.004578 0.99779350 0.02564244
4297.040411 1.01931680 0.02665863
4297.076245 0.95117849 0.02333260
4297.112079 0.94925556 0.02963675
4297.147913 1.02288186 0.02411580
4297.183747 1.00014337 0.02518459
4297.219582 1.01604627 0.02742538
4297.255417 1.02509068 0.02744951
4297.291253 1.00069013 0.02457426
4297.327088 1.04174968 0.02899076
4297.362924 1.00516309 0.02909612
4297.398761 1.03848295 0.02755496
4297.434597 1.02776448 0.02771954
4297.470434 1.02036541 0.02629043
4297.506271 1.00000000 0.03360342
4297.542109 1.05072980 0.02500967
4297.577947 0.98548715 0.02539753
4297.613785 1.05312478 0.02397901
4297.649623 0.98033804 0.02618696
4297.685462 0.97221911 0.02292264
4297.721301 1.00306339 0.02546540
4297.757140 0.97759480 0.02662071
4297.792980 1.02812162 0.02334822
4297.828820 1.02200230 0.02579993
4297.864660 1.03334688 0.02418718
4297.900500 1.00347551 0.02648457
4297.936341 0.94430681 0.02926627
4297.972182 1.02013167 0.02730979
4298.008024 1.00845394 0.02808754
4298.043865 1.00684505 0.02786785
4298.079707 1.00488428 0.02746449
4298.115550 1.02235273 0.02660716
4298.151392 0.99371194 0.02630911
4298.187235 0.99657310 0.02659522
4298.223078 0.98643121 0.02594724
4298.258922 1.01825821 0.02985397
4298.294765 0.99153701 0.03040247
4298.330609 0.99350664 0.02510396
4298.366454 0.98995222 0.02467668
4298.402298 1.01300871 0.02275638
4298.438143 0.99946446 0.02794023
4298.473989 0.99143177 0.02908708
4298.509834 1.05140729 0.03028822
4298.545680 1.04630958 0.03060909
4298.581526 0.96098147 0.02694491
4298.617373 1.01073733 0.02503680
4298.653220 1.04105144 0.02562626
4298.689067 1.00183006 0.02515158
4298.724914 0.97738909 0.02638142
4298.760762 0.98566847 0.02485314
4298.796610 0.99748034 0.02324816
4298.832458 1.00852047 0.02708958
4298.868306 1.00790373 0.02834933
4298.904155 1.03740141 0.02741039
4298.940004 1.04345575 0.02588558
4298.975854 1.05819416 0.02290955
4299.011704 0.99677317 0.02585194
4299.047554 1.03134865 0.02797198
4299.083404 1.04105386 0.02922681
4299.119255 1.01600207 0.02632338
4299.155106 1.04030191 0.02673188
4299.190957 1.01164482 0.02736747
4299.226808 1.06244189 0.02661437
4299.262660 1.08235125 0.02815236
4299.298512 1.02236948 0.02551338
4299.334365 1.08370224 0.02615806
4299.370217 1.06206139 0.02307179
4299.406071 1.03100563 0.02653465
4299.441924 1.01553364 0.02614700
4299.477778 0.97670295 0.02851953
4299.513631 0.97780513 0.02522516
4299.549486 0.99926771 0.02312131
4299.585340 1.04182180 0.02406725
4299.621195 1.02842924 0.02711086
4299.657050 1.04035068 0.02924808
4299.692906 1.06185055 0.02559694
4299.728761 0.98820669 0.02691854
4299.764617 1.00491935 0.02791995
4299.800474 1.03598602 0.02940884
4299.836330 1.04862151 0.02607398
4299.872187 1.03940504 0.02810276
4299.908044 1.04548136 0.02563053
4299.943902 0.99860153 0.02906705
4299.979760 1.01468370 0.03153080
4300.015618 0.99732622 0.02739709
4300.051476 1.00014628 0.02244696
4300.087335 1.02604382 0.02641004
4300.123194 0.95339607 0.02667364
4300.159053 0.97198442 0.02830130
4300.194913 1.00327519 0.02682778
4300.230773 1.02858499 0.02303736
4300.266633 1.02234856 0.02722573
4300.302494 1.03098591 0.02444046
4300.338354 1.06245657 0.02709001
4300.374216 1.06070283 0.02313107
4300.410077 1.04101065 0.02742977
4300.445939 1.03189512 0.02460748
4300.481801 0.99191978 0.02694130
4300.517663 1.03644499 0.02642034
4300.553526 1.05205122 0.02881552
4300.589389 1.04397853 0.02694386
4300.625252 1.04043214 0.02768402
4300.661115 1.01642777 0.02235979
4300.696979 1.04763713 0.02709813
4300.732843 1.04674060 0.02647238
4300.768708 1.03592452 0.02784088
4300.804572 1.01357601 0.03061478
4300.840437 1.01502395 0.02894042
4300.876303 1.01126926 0.02353395
4300.912168 0.99789046 0.02693285
4300.948034 1.00134564 0.02898354
4300.983900 0.98244129 0.02688691
4301.019767 1.03039672 0.02803944
4301.055634 1.00058540 0.02680744
4301.091501 0.98951107 0.02501494
4301.127368 1.02031227 0.02637565
4301.163236 1.03522894 0.02434723
4301.199104 1.05326659 0.02703746
4301.234972 1.00352667 0.02652157
4301.270841 1.01185531 0.02703351
4301.306709 1.03198211 0.02558398
4301.342579 1.02871201 0.02480973
4301.378448 1.01545836 0.02698703
4301.414318 1.05017822 0.02793249
4301.450188 1.04093116 0.02855185
4301.486058 1.01366061 0.02642073
4301.521929 1.00444853 0.02552860
4301.557800 1.00294883 0.02552117
4301.593671 1.05157737 0.02760708
4301.629543 1.04010084 0.02545124
4301.665415 1.03651652 0.02572805
4301.701287 1.04341641 0.02759167
4301.737159 1.02403306 0.02755294
4301.773032 1.03361951 0.02751481
4301.808905 1.01519356 0.02738814
4301.844779 1.00710979 0.02803702
4301.880652 1.00425154 0.02518587
4301.916526 1.01719521 0.02540532
4301.952401 1.02757691 0.02581088
4301.988275 0.98169516 0.02829676
4302.024150 0.98924520 0.02442019
4302.060025 0.99740643 0.02595538
4302.095901 1.03575956 0.02532819
4302.131776 1.04041996 0.02581267
4302.167652 1.01797149 0.02795119
4302.203529 1.03150106 0.02490895
4302.239406 1.06002744 0.02507589
4302.275282 1.01424432 0.02558516
4302.311160 0.99522523 0.02455257
4302.347037 1.05970985 0.02528917
4302.382915 1.02534298 0.02664435
4302.418793 0.96565160 0.02407140
4302.454672 0.98220221 0.02712812
4302.490551 1.04950221 0.02338014
4302.526430 1.02757606 0.02907534
4302.562309 1.05323825 0.02273158
4302.598189 1.01728366 0.02470362
4302.634069 0.98261775 0.02424464
4302.669949 0.97372687 0.02599356
4302.705829 0.98797081 0.03021543
4302.741710 1.01427186 0.02425857
4302.777591 0.98444654 0.02661153
4302.813473 0.99503537 0.02579557
4302.849355 1.00655097 0.02591532
4302.885237 1.03595144 0.02180368
4302.921119 1.01549937 0.02594586
4302.957002 1.02440088 0.02561414
4302.992885 1.04442789 0.02708180
4303.028768 1.00292433 0.02716847
4303.064651 1.00696443 0.02652941
4303.100535 0.99913022 0.02546963
4303.136419 1.01728379 0.02784068
4303.172304 1.02343103 0.02384094
4303.208189 1.05028843 0.02628208
4303.244074 1.01103661 0.02561449
4303.279959 1.00294862 0.02994210
4303.315845 0.94476997 0.02889679
4303.351731 0.98891238 0.02951916
4303.387617 1.07687869 0.02591285
4303.423503 0.98195937 0.02756284
4303.459390 0.93369219 0.02696599
4303.495277 0.97968609 0.02301393
4303.531165 1.03012203 0.02550117
4303.567052 0.96244694 0.02299681
4303.602941 1.00658581 0.02700234
4303.638829 0.99605518 0.03033693
4303.674717 1.02195917 0.03061737
4303.710606 0.97720226 0.02427911
4303.746496 0.97902839 0.02513598
4303.782385 0.98572902 0.02447634
4303.818275 1.02437447 0.02784378
4303.854165 1.01528672 0.02841202
4303.890056 1.04004494 0.02804822
4303.925946 1.01817959 0.02990695
4303.961837 0.96049174 0.02723697
4303.997729 0.99072034 0.02517895
4304.033620 0.99745643 0.02476919
4304.069512 0.97533467 0.02637579
4304.105404 0.98712058 0.02724677
4304.141297 1.00331251 0.02936885
4304.177190 0.99454461 0.02527026
4304.213083 0.97690169 0.02792016
4304.248976 0.98558642 0.02947259
4304.284870 1.00833316 0.02987234
4304.320764 1.03698827 0.02613825
4304.356658 0.99442214 0.02889898
4304.392553 1.03390205 0.02652660
4304.428448 1.02353778 0.02864536
4304.464343 0.94833048 0.02938441
4304.500239 1.02364406 0.02377845
4304.536135 1.00549274 0.02512325
4304.572031 0.99849066 0.02670487
4304.607927 1.01723805 0.02499275
4304.643824 0.99270250 0.02876387
4304.679721 1.03217866 0.02869312
4304.715618 1.01506002 0.02578592
4304.751516 1.01304178 0.02641365
4304.787414 1.04306635 0.02648524
4304.823312 1.02918996 0.02380287
4304.859210 1.04000255 0.02648809
4304.895109 1.01960230 0.02587106
4304.931008 1.01486733 0.02937429
4304.966908 0.98604241 0.02584661
4305.002807 0.98068853 0.02601554
4305.038707 0.99384466 0.02761818
4305.074608 0.96645403 0.02717278
4305.110508 0.99762924 0.03156051
4305.146409 0.99186876 0.02455617
4305.182310 1.04339632 0.02681467
4305.218212 0.99899907 0.02629070
4305.254114 1.02935544 0.02647044
4305.290016 1.03605659 0.02336771
4305.325918 1.05245035 0.02359118
4305.361821 1.07353465 0.02709765
4305.397724 1.05591185 0.02706289
4305.433627 1.03991863 0.02814541
4305.469531 0.98658161 0.02767762
4305.505435 0.95663185 0.02464359
4305.541339 1.03608508 0.02494286
4305.577243 1.03210291 0.02528456
4305.613148 0.99800264 0.02966912
4305.649053 1.03671436 0.02840173
4305.684959 1.00936137 0.02732206
4305.720864 0.99652688 0.02657521
4305.756770 1.02726488 0.03084595
4305.792677 0.99947128 0.02685632
4305.828583 1.01135489 0.02690842
4305.864490 0.98637786 0.02678257
4305.900397 1.02482297 0.02752636
4305.936305 1.04442298 0.02659858
4305.972213 0.99871852 0.02918164
4306.008121 0.97896297 0.02656453
4306.044029 0.99427968 0.02787629
4306.079938 1.02841010 0.02338574
4306.115847 0.95328001 0.02848949
4306.151756 0.97741656 0.02389171
4306.187666 1.01553470 0.02772832
4306.223576 1.03216113 0.02548902
4306.259486 1.02283608 0.02769694
4306.295396 0.98322246 0.02724854
4306.331307 1.01883957 0.02618728
4306.367218 1.02610607 0.02503497
4306.403130 1.00560117 0.02818767
4306.439041 1.02916404 0.02659702
4306.474953 1.03727467 0.02715235
4306.510866 1.02066444 0.02594481
4306.546778 0.99632058 0.02498004
4306.582691 1.00936521 0.03177315
4306.618604 1.02332286 0.02680595
4306.654518 0.99663481 0.02684156
4306.690431 0.97270677 0.02355893
4306.726346 1.00001617 0.02621377
4306.762260 1.05636402 0.02476517
4306.798175 1.02961911 0.02998438
4306.834090 1.02123666 0.02570837
4306.870005 1.00809999 0.02383776
4306.905920 1.01167317 0.02769811
4306.941836 1.03611342 0.02709166
4306.977752 1.04459976 0.02864686
4307.013669 1.02771989 0.02572124
4307.049586 0.99983116 0.02661219
4307.085503 1.04694069 0.02612331
4307.121420 1.03701324 0.02509164
4307.157338 1.05179208 0.02653342
4307.193256 1.03116714 0.02729174
4307.229174 1.00605462 0.02966190
4307.265093 1.02693491 0.02840166
4307.301012 0.98428725 0.02799128
4307.336931 0.96815845 0.02616332
4307.372850 0.97493855 0.02977187
4307.408770 1.07678328 0.02725932
4307.444690 1.03779331 0.02732909
4307.480610 1.03015740 0.02578923
4307.516531 1.02388314 0.02664333
4307.552452 1.00379171 0.02669178
4307.588373 1.02200709 0.03078354
4307.624295 1.00421872 0.02392247
4307.660217 1.00167742 0.02574139
4307.696139 1.00469710 0.02629537
4307.732061 0.98891824 0.02911239
4307.767984 1.03678573 0.02676319
4307.803907 1.00929547 0.02771869
4307.839831 1.00626570 0.02822171
4307.875754 1.04411064 0.02732760
4307.911678 1.03399979 0.02720741
4307.947603 1.03224980 0.03181516
4307.983527 1.04541467 0.02972440
4308.019452 1.00013266 0.02574606
4308.055377 1.02577780 0.02889708
4308.091303 1.01058399 0.02768998
4308.127228 0.98161471 0.02604748
4308.163154 0.97286994 0.02530671
4308.199081 1.01892672 0.02612643
4308.235007 0.99812623 0.02891002
4308.270934 1.05222947 0.02590143
4308.306862 1.04634595 0.02761827
4308.342789 1.03833467 0.02409227
4308.378717 1.02711728 0.02916584
4308.414645 1.03060059 0.02655281
4308.450574 0.98776253 0.02813203
4308.486502 0.98455033 0.02769152
4308.522432 1.01932781 0.02603584
4308.558361 1.03027989 0.02490819
4308.594291 1.02113202 0.02589651
4308.630221 1.03373309 0.02585155
4308.666151 1.06248298 0.02595002
4308.702081 0.99395372 0.02646016
4308.738012 1.04191312 0.02756533
4308.773943 1.03201914 0.02689894
4308.809875 0.98062233 0.02417912
4308.845807 1.01956157 0.02851040
4308.881739 1.04037291 0.02628404
4308.917671 1.07326151 0.02474994
4308.953604 1.05039618 0.02782418
4308.989537 0.99188707 0.02728383
4309.025470 0.99866966 0.02593603
4309.061403 0.98510791 0.02733326
4309.097337 0.99749124 0.02569009
4309.133271 0.99553332 0.02778728
4309.169206 1.03540206 0.02465144
4309.205141 1.03234280 0.02763021
4309.241076 1.05023007 0.02467395
4309.277011 1.03618392 0.02508421
4309.312947 1.02249567 0.02944630
4309.348883 1.03615840 0.02552391
4309.384819 0.99858329 0.02538591
4309.420755 0.98362523 0.02622622
4309.456692 0.95576316 0.02672430
4309.492629 1.01683270 0.02565902
4309.528567 1.03453959 0.02786180
4309.564505 1.05696791 0.02757094
4309.600443 1.03932277 0.02815612
4309.636381 1.02272330 0.02748674
4309.672320 1.02381006 0.03107480
4309.708259 1.01897630 0.02339905
4309.744198 1.00321459 0.02679299
4309.780137 0.95979995 0.02818921
4309.816077 1.00254231 0.02612197
4309.852017 0.98993082 0.02734478
4309.887958 0.97970391 0.02689579
4309.923899 0.99829434 0.02735914
4309.959840 0.97604780 0.02521833
4309.995781 1.02031289 0.02910000
4310.031723 0.95448709 0.02843887
4310.067665 1.00263361 0.02833146
4310.103607 1.01323404 0.02543903
4310.139549 1.01546799 0.03044419
4310.175492 0.98502194 0.02736281
4310.211435 0.94070346 0.02563364
4310.247379 0.98533602 0.02953419
4310.283323 1.01509529 0.03211377
4310.319267 1.01835095 0.02747423
4310.355211 1.03842306 0.02937306
4310.391156 1.03095928 0.02715965
4310.427101 0.98698762 0.02777164
4310.463046 1.03130437 0.03088721
4310.498991 1.01882528 0.03055997
4310.534937 0.96964456 0.02508168
4310.570883 0.99353932 0.03006759
4310.606830 0.99676042 0.03178005
4310.642776 1.00267785 0.02476498
4310.678724 0.99011475 0.02543655
4310.714671 0.97797375 0.02714628
4310.750619 0.99810532 0.02714738
4310.786566 1.04061455 0.02709573
4310.822515 1.02330720 0.02946640
4310.858463 1.01727579 0.02796891
4310.894412 0.99600145 0.02888137
4310.930361 0.96174228 0.02367735
4310.966311 0.99382905 0.02514694
4311.002260 1.01058008 0.02842003
4311.038210 1.04621640 0.02866851
4311.074161 1.03431310 0.02712779
4311.110111 1.02724909 0.02767728
4311.146062 1.02145041 0.02729839
4311.182014 0.99479154 0.02657943
4311.217965 0.97118304 0.02548381
4311.253917 1.02320832 0.02927097
4311.289869 1.00555715 0.02521390
4311.325822 0.99706510 0.02638415
4311.361774 1.00203336 0.02654262
4311.397727 1.00719908 0.02547247
4311.433681 1.01108691 0.02442654
4311.469634 1.02362954 0.02949611
4311.505588 0.98251418 0.02606139
4311.541542 0.98231910 0.02454084
4311.577497 0.99037040 0.02849646
4311.613452 1.06442598 0.02626704
4311.649407 1.00902200 0.02853918
4311.685362 0.99329890 0.02808190
4311.721318 0.98136210 0.02918623
4311.757274 1.00655232 0.02730460
4311.793231 1.01332931 0.02567752
4311.829187 1.03494783 0.02604728
4311.865144 1.04841094 0.02830142
4311.901101 0.98876106 0.02680948
4311.937059 0.97736206 0.02499322
4311.973017 1.03768301 0.02595525
4312.008975 1.04442926 0.02821097
4312.044933 1.00888091 0.02441275
4312.080892 1.01246048 0.02533333
4312.116851 0.99812797 0.02661218
4312.152810 0.96153037 0.02652522
4312.188770 1.02370080 0.02985882
4312.224730 1.01107409 0.03243701
4312.260690 1.02357443 0.02568400
4312.296651 1.07029550 0.02365147
4312.332612 1.00437814 0.02973808
4312.368573 0.98330532 0.02704967
4312.404534 1.03148092 0.02713890
4312.440496 1.00791024 0.02659241
4312.476458 1.02158047 0.02688751
4312.512420 0.95711431 0.02611721
4312.548383 0.98901515 0.02698788
4312.584346 1.02918791 0.02823287
4312.620309 1.05417125 0.02668847
4312.656273 1.01283260 0.03031893
4312.692236 0.99400664 0.02696898
4312.728200 0.97057317 0.03022759
4312.764165 1.00761876 0.02625873
4312.800130 1.01101944 0.02746727
4312.836095 1.02921157 0.02769659
4312.872060 1.02052620 0.02811021
4312.908026 1.05899718 0.02661463
4312.943992 1.04116180 0.02707002
4312.979958 1.01935119 0.02779350
4313.015924 0.99348674 0.02583741
4313.051891 1.07428938 0.02576998
4313.087858 1.00785880 0.03021878
4313.123826 0.99214780 0.02807691
4313.159793 0.99570549 0.02746774
4313.195761 0.94517552 0.02561850
4313.231730 1.01647182 0.02817070
4313.267698 1.01336110 0.02682082
4313.303667 0.99806359 0.02616776
4313.339637 1.04000598 0.02864638
4313.375606 1.02269657 0.02661478
4313.411576 1.02930132 0.02837824
4313.447546 1.05986048 0.02425140
4313.483517 1.04793396 0.02461162
4313.519487 0.98447495 0.02721011
4313.555458 0.98439213 0.02723578
4313.591430 1.00316419 0.02439727
4313.627401 1.03926998 0.02584765
4313.663373 0.99226277 0.02732772
4313.699345 0.98902431 0.02544623
4313.735318 0.99718099 0.02864550
4313.771291 1.02214014 0.02478499
4313.807264 0.97999914 0.02494984
4313.843237 1.00296971 0.02836452
4313.879211 1.01338053 0.02908298
4313.915185 1.03948807 0.02568158
4313.951159 1.01593565 0.02645434
4313.987134 1.02107818 0.02679634
4314.023109 0.99806662 0.02922449
4314.059084 1.01826945 0.02883795
4314.095060 1.05532363 0.02479875
4314.131036 1.00838601 0.02750587
4314.167012 1.00268096 0.02795242
4314.202988 1.03359086 0.02876203
4314.238965 0.99896876 0.02597873
4314.274942 1.04101609 0.02720582
4314.310919 1.03946817 0.02489517
4314.346897 1.04032651 0.02643404
4314.382875 1.00470796 0.02518826
4314.418853 1.06834117 0.02943247
4314.454832 1.03499829 0.02984527
4314.490810 0.98807789 0.02784688
4314.526790 1.05127875 0.02733791
4314.562769 1.03588820 0.02877259
4314.598749 1.01068751 0.02833215
4314.634729 1.01770637 0.02710737
4314.670709 1.02160296 0.02859944
4314.706690 1.05752474 0.02938096
4314.742671 1.02690122 0.02714774
4314.778652 1.00890475 0.02861415
4314.814633 1.00210025 0.02758001
4314.850615 0.98943488 0.02999104
4314.886597 1.00606319 0.02758991
4314.922580 0.96655514 0.02550827
4314.958562 0.98636784 0.02775359
4314.994546 0.97749401 0.02730084
4315.030529 1.01669708 0.02719318
4315.066512 1.02902022 0.02744247
4315.102496 1.05937049 0.02442396
4315.138481 1.02073284 0.02732624
4315.174465 1.00173686 0.02518103
4315.210450 1.04640488 0.02409310
4315.246435 1.02232219 0.02765131
4315.282421 0.91816416 0.02915128
4315.318406 1.00760062 0.02823728
4315.354392 1.01176314 0.02844228
4315.390379 1.05159317 0.02750870
4315.426365 1.01588509 0.02926968
4315.462352 1.00878311 0.02438754
4315.498339 0.99510506 0.02648944
4315.534327 0.98229871 0.02985308
4315.570315 1.02066589 0.02505469
4315.606303 1.01610276 0.02509140
4315.642291 0.97664685 0.03253057
4315.678280 1.02981997 0.02974151
4315.714269 1.00214228 0.02562101
4315.750258 0.98061783 0.02528641
4315.786248 0.96037031 0.02965483
4315.822238 0.97487462 0.03091074
4315.858228 1.00618874 0.02320853
4315.894219 0.97131611 0.02456119
4315.930210 0.95926113 0.02952626
4315.966201 0.99804476 0.03079730
4316.002192 1.02972606 0.02805082
4316.038184 0.99064128 0.02675192
4316.074176 0.96054854 0.02917605
4316.110168 0.97601926 0.02519735
4316.146161 0.97086754 0.02614075
4316.182154 0.96503192 0.02703782
4316.218147 1.00134340 0.02894058
4316.254141 0.98885680 0.02968005
4316.290135 0.93886929 0.03128491
4316.326129 0.98989302 0.02833193
4316.362123 0.96399804 0.02654511
4316.398118 0.95479223 0.02560949
4316.434113 0.97143689 0.02857993
4316.470108 0.97661189 0.02956854
4316.506104 0.94857314 0.02850235
4316.542100 0.99060119 0.02646121
4316.578096 0.97127955 0.02713662
4316.614093 0.94566650 0.02362766
4316.650089 0.92277956 0.02705255
4316.686087 0.98743529 0.02503475
4316.722084 0.96972801 0.02599964
4316.758082 0.96026586 0.02746008
4316.794080 0.95705750 0.02983179
4316.830078 0.98973521 0.02669646
4316.866077 0.98041200 0.02307768
4316.902076 0.97197591 0.02716784
4316.938075 0.95825210 0.02995022
4316.974074 0.92139615 0.02547069
4317.010074 0.90547665 0.02080756
4317.046074 0.97867133 0.02877350
4317.082075 0.95382629 0.02460207
4317.118076 0.92509500 0.03146666
4317.154077 0.93640239 0.02726844
4317.190078 0.95479327 0.02533295
4317.226080 0.96209001 0.02670321
4317.262082 0.93469555 0.02928021
4317.298084 0.93361804 0.03242353
4317.334086 0.92733759 0.02590414
4317.370089 0.95011658 0.03088990
4317.406092 0.95641189 0.02903477
4317.442096 0.95639493 0.02736214
4317.478099 0.96396021 0.02754319
4317.514104 0.96168324 0.02505573
4317.550108 0.97585832 0.02686107
4317.586113 0.99659554 0.02667436
4317.622117 0.92554014 0.02713845
4317.658123 0.90376363 0.02820578
4317.694128 0.94502197 0.02668592
4317.730134 0.98581260 0.03030401
4317.766140 0.99140079 0.02778322
4317.802147 0.94370383 0.02780454
4317.838153 0.99276196 0.02710476
4317.874160 0.92129236 0.02735182
4317.910168 0.92510785 0.02920704
4317.946175 0.93623105 0.02814727
4317.982183 0.94874662 0.02779373
4318.018192 0.96265660 0.02979109
4318.054200 0.95563966 0.02751950
4318.090209 0.96759541 0.02956808
4318.126218 0.98475587 0.02557869
4318.162228 0.95835400 0.02581705
4318.198237 0.92350851 0.02423966
4318.234247 0.97268616 0.02446428
4318.270258 0.95335142 0.02988018
4318.306268 0.93080141 0.02657340
4318.342279 0.94044073 0.02405966
4318.378291 0.94592206 0.02848943
4318.414302 0.91719167 0.02693797
4318.450314 0.91947484 0.02610707
4318.486326 0.94401997 0.03111566
4318.522339 0.91599634 0.02635309
4318.558351 0.93474382 0.02588052
4318.594364 0.96040006 0.02280395
4318.630378 0.94901387 0.02548149
4318.666391 0.94325081 0.02945718
4318.702405 1.00519618 0.02666610
4318.738420 0.99937192 0.02592097
4318.774434 0.93891092 0.02705030
4318.810449 0.94706073 0.02665754
4318.846464 0.94083286 0.02773922
4318.882480 0.96937842 0.02408613
4318.918495 1.00664373 0.02727993
4318.954511 0.96702498 0.02762443
4318.990528 0.94640951 0.02772246
4319.026544 0.94594337 0.02668633
4319.062561 0.97896841 0.02208209
4319.098579 0.93766060 0.02376339
4319.134596 0.92652838 0.02960274
4319.170614 0.93927076 0.02513312
4319.206632 0.94914400 0.03010098
4319.242651 0.91328689 0.02994109
4319.278669 0.98649132 0.02808384
4319.314688 0.95007408 0.02760432
4319.350708 0.95735265 0.02470244
4319.386727 0.93309359 0.02729717
4319.422747 0.90559073 0.02685219
4319.458768 0.93596087 0.02799717
4319.494788 0.97218613 0.02865426
4319.530809 1.00276935 0.02703408
4319.566830 0.95925485 0.02586461
4319.602852 0.95742764 0.02732936
4319.638874 0.91511219 0.02516971
4319.674896 0.91397463 0.02896452
4319.710918 0.92040073 0.02877034
4319.746941 0.97654051 0.02768205
4319.782964 0.97240395 0.02789554
4319.818987 0.96705865 0.02944527
4319.855010 0.96695655 0.02868275
4319.891034 0.96078222 0.02891150
4319.927058 0.94148435 0.02900798
4319.963083 0.93184585 0.02709408
4319.999108 0.92652302 0.02669972
4320.035133 0.95196102 0.02993157
4320.071158 0.94783253 0.02592251
4320.107184 0.90666925 0.03027280
4320.143210 0.92177522 0.02915171
4320.179236 0.93372981 0.02998091
4320.215263 0.95624954 0.03116802
4320.251289 0.94828309 0.03007897
4320.287317 0.98110523 0.02647416
4320.323344 0.93646918 0.02683754
4320.359372 0.90993691 0.02852234
4320.395400 0.94126471 0.02449071
4320.431428 0.93648970 0.02852888
4320.467457 1.00400974 0.03147010
4320.503486 1.01153243 0.02821646
4320.539515 0.96574048 0.02778231
4320.575545 0.95144888 0.02698828
4320.611575 0.95537264 0.02733983
4320.647605 0.88959945 0.02839464
4320.683635 0.93852574 0.02943263
4320.719666 1.01312899 0.02736731
4320.755697 0.96119782 0.02490116
4320.791728 0.93335517 0.02348750
4320.827760 0.94814845 0.02622814
4320.863792 0.93874801 0.02504021
4320.899824 0.96310024 0.02700336
4320.935857 0.92669610 0.02772703
4320.971890 0.95816898 0.02894666
4321.007923 0.94035066 0.02774535
4321.043957 0.96187339 0.02676617
4321.079990 0.93971475 0.02973029
4321.116024 0.98119228 0.02888128
4321.152059 0.96987584 0.02921744
4321.188093 0.99605140 0.02869348
4321.224128 0.99921880 0.02967954
4321.260164 1.00265792 0.02693074
4321.296199 0.99942122 0.02416914
4321.332235 1.02938779 0.02776360
4321.368271 0.99801296 0.02932507
4321.404308 0.95293075 0.02992326
4321.440345 0.99769313 0.02824192
4321.476382 1.01495209 0.02817066
4321.512419 0.98716939 0.02865911
4321.548457 0.99229061 0.02659639
4321.584495 0.98603887 0.02721349
4321.620533 0.95881598 0.02498702
4321.656572 0.98498892 0.02507142
4321.692610 0.94310738 0.02378721
4321.728650 0.94960411 0.02752721
4321.764689 1.02254097 0.02988751
4321.800729 0.97137126 0.03085139
4321.836769 0.97987168 0.02846059
4321.872809 1.00449574 0.02501769
4321.908850 0.98754525 0.02937539
4321.944891 1.00431760 0.02946974
4321.980932 0.99896148 0.02985288
4322.016974 1.01348497 0.02795192
4322.053016 1.02272553 0.02634908
4322.089058 1.02740831 0.02707940
4322.125101 0.95802035 0.02567325
4322.161143 0.99397073 0.02541780
4322.197186 0.94777494 0.02854158
4322.233230 1.01791328 0.02461651
4322.269274 1.01511738 0.02784676
4322.305318 0.96643632 0.02574690
4322.341362 0.93532159 0.02887467
4322.377406 0.96763516 0.02661629
4322.413451 0.94866407 0.02667793
4322.449497 0.93522532 0.02863435
4322.485542 0.97556055 0.03115401
4322.521588 1.00990416 0.02617750
4322.557634 1.02860993 0.02855553
4322.593680 1.00545555 0.03086494
4322.629727 0.98404252 0.02564633
4322.665774 0.99186034 0.02587169
4322.701821 0.97547197 0.02638604
4322.737869 0.95494815 0.02908591
4322.773917 0.99917250 0.02674642
4322.809965 1.01180806 0.02627621
4322.846014 0.94248908 0.02865663
4322.882062 0.98191212 0.02747838
4322.918111 0.99636475 0.02826615
4322.954161 0.96279080 0.02697888
4322.990211 0.94542888 0.02935912
4323.026261 0.98655871 0.03074469
4323.062311 0.97624284 0.02909156
4323.098362 0.98185362 0.02451069
4323.134412 0.95534224 0.02818255
4323.170464 0.97882979 0.02551918
4323.206515 0.99884206 0.03065982
4323.242567 1.02956355 0.02955198
4323.278619 1.01403472 0.02523109
4323.314671 0.99823300 0.02648171
4323.350724 0.95165982 0.02658181
4323.386777 1.01247984 0.02813979
4323.422831 0.98338582 0.02728237
4323.458884 0.98836600 0.02982770
4323.494938 0.98942309 0.02911836
4323.530992 0.95731174 0.02953334
4323.567047 0.92586145 0.02843444
4323.603102 0.96135678 0.02583634
4323.639157 0.95234355 0.02591016
4323.675212 0.97006008 0.02784150
4323.711268 0.97184775 0.02659020
4323.747324 0.96813410 0.02601726
4323.783380 0.96664413 0.02852931
4323.819437 0.99342401 0.02598632
4323.855494 0.99705980 0.03004008
4323.891551 0.96499786 0.02730300
4323.927609 0.96610986 0.02722777
4323.963666 1.00115568 0.02699900
4323.999724 0.98677435 0.03068295
4324.035783 1.00154145 0.02510461
4324.071842 0.98891151 0.02688542
4324.107901 0.99444154 0.02468580
4324.143960 0.94579053 0.02779758
4324.180020 0.98650710 0.02891450
4324.216080 0.97948809 0.02671497
4324.252140 1.00531944 0.02390363
4324.288200 1.00163850 0.02718686
4324.324261 0.93359114 0.02447790
4324.360322 0.97355611 0.02619587
4324.396384 0.95038269 0.03069053
4324.432445 0.98896295 0.02825121
4324.468507 0.96885414 0.02578551
4324.504570 0.97043481 0.03108105
4324.540632 1.01766344 0.02711418
4324.576695 0.97990415 0.03028526
4324.612759 0.94511944 0.02561325
4324.648822 0.93328981 0.02931677
4324.684886 0.93602137 0.02934506
4324.720950 0.95904512 0.02816577
4324.757015 0.99732244 0.02700576
4324.793079 0.99347797 0.02679828
4324.829144 1.00523259 0.02874719
4324.865210 0.89664623 0.02254963
4324.901275 0.94108548 0.03085671
4324.937341 0.93531611 0.02630879
4324.973408 0.92041198 0.02782799
4325.009474 0.96198637 0.03356821
4325.045541 0.90213750 0.02838128
4325.081608 0.92848955 0.02778866
4325.117676 0.94530588 0.02603904
4325.153743 0.90367268 0.02960842
4325.189811 0.94667353 0.02813635
4325.225880 0.94192192 0.02727247
4325.261948 0.95961046 0.02355067
4325.298017 0.95108284 0.02906404
4325.334087 1.01722281 0.02968613
4325.370156 0.95448928 0.02607772
4325.406226 0.98673732 0.02787557
4325.442296 0.98742501 0.02952776
4325.478367 0.92133379 0.02778204
4325.514437 0.89077416 0.02981790
4325.550508 0.93973392 0.02418548
4325.586580 0.95722881 0.02531609
4325.622651 0.93474667 0.02419603
4325.658723 0.93661647 0.02687770
4325.694796 0.95049648 0.02806796
4325.730868 1.01270858 0.02847838
4325.766941 0.94201069 0.02846727
4325.803014 0.96736592 0.02919087
4325.839088 0.99324685 0.02364086
4325.875161 0.94359118 0.02751272
4325.911236 0.93311991 0.02525786
4325.947310 0.92507518 0.03173027
4325.983385 0.91280853 0.02974818
4326.019460 0.95235359 0.02990307
4326.055535 0.94390636 0.02799657
4326.091610 0.87854945 0.02857561
4326.127686 0.92579027 0.03038437
4326.163762 0.96677868 0.02643283
4326.199839 0.97041324 0.02737097
4326.235916 0.97373572 0.02606699
4326.271993 0.92100892 0.02579531
4326.308070 0.93410992 0.02967422
4326.344148 0.94953389 0.02684327
4326.380226 0.92172355 0.03058350
4326.416304 0.91908614 0.02387011
4326.452383 0.96505125 0.03262931
4326.488461 0.92916091 0.03251390
4326.524541 0.92737339 0.02864994
4326.560620 0.89818007 0.02684585
4326.596700 0.93158807 0.02672724
4326.632780 0.94443140 0.02883836
4326.668860 0.96832987 0.02591233
4326.704941 0.97292793 0.02552596
4326.741022 0.91416769 0.02380514
4326.777103 1.00231142 0.02719740
4326.813185 0.96838527 0.02641737
4326.849267 0.92388419 0.02647537
4326.885349 0.93069716 0.02807983
4326.921432 0.95914736 0.02947383
4326.957514 0.94630934 0.02922733
4326.993597 0.93871767 0.02854444
4327.029681 0.94139934 0.02860217
4327.065764 0.94223317 0.03039374
4327.101848 0.89501799 0.02777895
4327.137933 0.96569387 0.02826999
4327.174017 0.93261171 0.02849468
4327.210102 0.90686600 0.03003141
4327.246187 0.91381781 0.02714480
4327.282273 0.98702961 0.02890971
4327.318359 0.97483731 0.02719430
4327.354445 0.96875413 0.02746204
4327.390531 0.92734926 0.03106922
4327.426618 0.90705636 0.02403474
4327.462705 0.92143025 0.02952903
4327.498792 0.94151823 0.02853847
4327.534880 0.92689816 0.02653214
4327.570968 0.95099225 0.02571708
4327.607056 0.96716574 0.02405484
4327.643145 0.96524393 0.02870473
4327.679233 0.92267994 0.02784761
4327.715322 0.90173308 0.02941541
4327.751412 0.92181768 0.02799022
4327.787502 0.90894560 0.02666720
4327.823592 0.97733759 0.03005172
4327.859682 0.94307386 0.02496985
4327.895772 0.92121241 0.02910799
4327.931863 0.89896878 0.02762678
4327.967955 0.93299928 0.02484474
4328.004046 0.95164631 0.02694845
4328.040138 0.92832360 0.02845373
4328.076230 0.93463367 0.02562240
4328.112323 0.91520514 0.03015957
4328.148415 0.88191808 0.02508282
4328.184508 0.92854348 0.02706754
4328.220602 0.94023875 0.03055591
4328.256695 0.94042452 0.02793476
4328.292789 0.89320240 0.02757909
4328.328883 0.93956998 0.02473570
4328.364978 0.91582689 0.02642038
4328.401073 0.90859139 0.02543772
4328.437168 0.90648850 0.02952317
4328.473263 0.93549595 0.02874221
4328.509359 0.93368803 0.02679470
4328.545455 0.91399617 0.02789270
4328.581551 0.93165517 0.02703069
4328.617648 0.90496357 0.02378936
4328.653745 0.93234862 0.02761011
4328.689842 0.90447432 0.02809477
4328.725940 0.90106953 0.02728615
4328.762038 0.91851521 0.02643054
4328.798136 0.92409980 0.02555619
4328.834234 0.94403459 0.02793933
4328.870333 0.88345781 0.02526806
4328.906432 0.88790805 0.02756140
4328.942531 0.91367797 0.03098126
4328.978631 0.97208941 0.03090089
4329.014731 0.95302829 0.03231912
4329.050831 0.95006199 0.02951512
4329.086932 0.93209482 0.02542192
4329.123033 0.94492294 0.02873786
4329.159134 0.94182824 0.03069906
4329.195235 0.93837698 0.02799556
4329.231337 0.89262371 0.02791897
4329.267439 0.93917247 0.02759440
4329.303541 0.91393563 0.02756286
4329.339644 0.91129827 0.02566165
4329.375747 0.92057102 0.02541411
4329.411850 0.97398744 0.02754297
4329.447954 1.01124108 0.02505489
4329.484058 0.98139735 0.02789831
4329.520162 0.91274968 0.02611689
4329.556266 0.98077785 0.02622442
4329.592371 0.94522661 0.02698357
4329.628476 0.92923496 0.02802982
4329.664581 0.92771632 0.02911845
4329.700687 0.92260995 0.03254984
4329.736793 0.97128015 0.02930128
4329.772899 0.93288085 0.02658544
4329.809006 0.92834774 0.02981858
4329.845113 0.94396760 0.02723988
4329.881220 0.92459695 0.02782318
4329.917327 0.88648423 0.02722380
4329.953435 0.91835643 0.02686862
4329.989543 0.97285373 0.03026567
4330.025652 0.91855915 0.03032027
4330.061760 0.95735041 0.02756625
4330.097869 0.95928932 0.02604597
4330.133979 0.95622098 0.02866332
4330.170088 1.00340380 0.03080404
4330.206198 0.89212184 0.02887603
4330.242308 0.96019943 0.02908402
4330.278419 0.93995951 0.02930404
4330.314529 0.94971786 0.02680884
4330.350641 0.94690731 0.02810571
4330.386752 0.91437305 0.02858927
4330.422864 0.95327693 0.02553008
4330.458976 0.89080041 0.02603067
4330.495088 0.91252745 0.02666303
4330.531200 0.92456684 0.02892414
4330.567313 0.89176514 0.02714104
4330.603427 0.90997394 0.02910906
4330.639540 0.93401442 0.02980994
4330.675654 0.91322928 0.02691679
4330.711768 0.88431127 0.02880379
4330.747882 0.90572158 0.02865275
4330.783997 0.92178795 0.03061877
4330.820112 0.92939884 0.02707767
4330.856227 0.91439200 0.02879276
4330.892343 0.93027474 0.02755592
4330.928459 0.93945958 0.02797981
4330.964575 0.93525602 0.02810325
4331.000692 0.90537129 0.03000298
4331.036808 0.88013932 0.03062334
4331.072926 0.90249504 0.03147613
4331.109043 0.95036633 0.03148586
4331.145161 0.94214528 0.02678414
4331.181279 0.93883162 0.03044013
4331.217397 0.89860582 0.02859044
4331.253516 0.89783892 0.03194392
4331.289634 0.92376878 0.02590126
4331.325754 0.90143484 0.02699078
4331.361873 0.93785164 0.02697579
4331.397993 0.89439011 0.02751612
4331.434113 0.93847271 0.03062879
4331.470234 0.91202200 0.02812204
4331.506354 0.94299593 0.02831986
4331.542475 0.94857982 0.02526316
4331.578597 0.93225648 0.02994471
4331.614718 0.91456041 0.02427013
4331.650840 0.88874619 0.02564749
4331.686962 0.89849219 0.02643892
4331.723085 0.88360531 0.02598631
4331.759208 0.85984402 0.02224871
4331.795331 0.92564448 0.02209428
4331.831454 0.91128272 0.02625661
4331.867578 0.92425736 0.02794337
4331.903702 0.90817598 0.03024456
4331.939827 0.92230058 0.03135856
4331.975951 0.91398082 0.03084523
4332.012076 0.88844629 0.02674125
4332.048201 0.85983145 0.02566578
4332.084327 0.83073312 0.03090887
4332.120453 0.84925493 0.02425063
4332.156579 0.91731493 0.02944422
4332.192705 0.91587240 0.02839280
4332.228832 0.90572049 0.02612174
4332.264959 0.90100690 0.02357203
4332.301086 0.89845528 0.02594082
4332.337214 0.92734179 0.02633121
4332.373342 0.86992487 0.02838715
4332.409470 0.91869464 0.02233245
4332.445599 0.85888629 0.02409854
4332.481728 0.94286146 0.02943337
4332.517857 0.90215578 0.02574487
4332.553986 0.94373064 0.02826043
4332.590116 0.93256183 0.03048818
4332.626246 0.88653726 0.02375285
4332.662377 0.86894231 0.02910866
4332.698507 0.87771048 0.02899570
4332.734638 0.84888332 0.02742218
4332.770769 0.87881431 0.02870903
4332.806901 0.90814200 0.02909412
4332.843033 0.91899343 0.02961684
4332.879165 0.89267349 0.02997915
4332.915298 0.89943961 0.02914715
4332.951430 0.86137069 0.02714316
4332.987563 0.84931773 0.02930551
4333.023697 0.84391801 0.02689968
4333.059830 0.87300693 0.02719107
4333.095964 0.87839099 0.02819534
4333.132099 0.84218256 0.02836406
4333.168233 0.87651026 0.02798137
4333.204368 0.90478268 0.02644273
4333.240503 0.87007280 0.02912468
4333.276639 0.87396900 0.03297368
4333.312775 0.91045283 0.03019362
4333.348911 0.91426093 0.02616482
4333.385047 0.91538420 0.03363281
4333.421184 0.92408270 0.02833727
4333.457321 0.86708575 0.03002000
4333.493458 0.84849287 0.03019955
4333.529596 0.88120458 0.02632207
4333.565734 0.85266260 0.02590788
4333.601872 0.86754931 0.02659615
4333.638010 0.87900785 0.02669371
4333.674149 0.92405686 0.02941576
4333.710288 0.83217464 0.02854952
4333.746428 0.83675616 0.02532734
4333.782567 0.86804031 0.02661152
4333.818707 0.81941486 0.02871700
4333.854848 0.87615508 0.02721010
4333.890988 0.80014879 0.02943909
4333.927129 0.83172658 0.02812491
4333.963270 0.85671440 0.02482084
4333.999412 0.84067067 0.02837837
4334.035554 0.87589100 0.03045338
4334.071696 0.88303960 0.02966764
4334.107838 0.91716406 0.03007923
4334.143981 0.86230848 0.02898731
4334.180124 0.84999460 0.02718589
4334.216267 0.80997952 0.02620976
4334.252411 0.84870467 0.02624771
4334.288555 0.86770074 0.02670679
4334.324699 0.85769477 0.03013468
4334.360844 0.85946418 0.02837664
4334.396988 0.88150795 0.02819590
4334.433134 0.82281662 0.02825457
4334.469279 0.83527109 0.02927138
4334.505425 0.83207814 0.02716761
4334.541571 0.86875538 0.02786782
4334.577717 0.88610145 0.02590130
4334.613864 0.85520068 0.02958382
4334.650011 0.88823159 0.02831514
4334.686158 0.86467724 0.02743766
4334.722305 0.84356513 0.02823022
4334.758453 0.83328953 0.02696290
4334.794601 0.84364231 0.03060414
4334.830750 0.80915146 0.02923454
4334.866899 0.84429533 0.02880327
4334.903048 0.82876422 0.02710016
4334.939197 0.82049172 0.02419317
4334.975347 0.84779672 0.02576793
4335.011497 0.85875454 0.02906423
4335.047647 0.87358294 0.02532563
4335.083797 0.86111208 0.02665877
4335.119948 0.85311233 0.02941287
4335.156099 0.86525339 0.03018560
4335.192251 0.83659285 0.02945275
4335.228403 0.87735221 0.02854030
4335.264555 0.84521792 0.02813094
4335.300707 0.84372063 0.02635744
4335.336860 0.78607022 0.02758658
4335.373013 0.80065457 0.02853068
4335.409166 0.81223926 0.03139167
4335.445320 0.82446086 0.02864551
4335.481473 0.87554097 0.02885216
4335.517628 0.83358702 0.02953894
4335.553782 0.79943907 0.03234797
4335.589937 0.82401663 0.02764357
4335.626092 0.83459067 0.02806325
4335.662247 0.79849907 0.02707904
4335.698403 0.75347693 0.02651002
4335.734559 0.80323529 0.02719693
4335.770715 0.82782075 0.02853832
4335.806872 0.80576236 0.02798644
4335.843029 0.83073127 0.02746113
4335.879186 0.78843259 0.02753825
4335.915343 0.82814041 0.02694247
4335.951501 0.80833988 0.02427815
4335.987659 0.78821511 0.03021187
4336.023818 0.77994660 0.02821535
4336.059976 0.74503327 0.03006635
4336.096135 0.78554020 0.03046857
4336.132295 0.81228587 0.02926676
4336.168454 0.83279946 0.02979267
4336.204614 0.83486858 0.02764080
4336.240774 0.76392015 0.02707115
4336.276935 0.72220807 0.02981424
4336.313096 0.77921254 0.02626208
4336.349257 0.81704559 0.03002780
4336.385418 0.74260664 0.02494459
4336.421580 0.76798588 0.02885875
4336.457742 0.75585386 0.03226795
4336.493904 0.75165025 0.02950053
4336.530067 0.79530676 0.03260827
4336.566230 0.77943763 0.02584048
4336.602393 0.76242880 0.02874205
4336.638557 0.76477181 0.02927243
4336.674720 0.79478498 0.02926730
4336.710885 0.74148807 0.02991326
4336.747049 0.75650490 0.02955853
4336.783214 0.76165043 0.02577568
4336.819379 0.77275061 0.02567766
4336.855544 0.74832946 0.02735824
4336.891710 0.75117885 0.02696414
4336.927876 0.71196773 0.02924134
4336.964042 0.77993009 0.02358202
4337.000208 0.73816060 0.02781039
4337.036375 0.77173158 0.02770962
4337.072542 0.75510711 0.03025950
4337.108710 0.72317802 0.02959592
4337.144878 0.75587158 0.02647090
4337.181046 0.71947440 0.02978037
4337.217214 0.75532877 0.02809777
4337.253383 0.75247761 0.02896704
4337.289552 0.75426664 0.02463011
4337.325721 0.75768956 0.02737603
4337.361890 0.74757726 0.02838979
4337.398060 0.74587136 0.02895560
4337.434230 0.71477834 0.03036865
4337.470401 0.74144983 0.02854316
4337.506572 0.71413409 0.02749013
4337.542743 0.69813403 0.02922157
4337.578914 0.72872366 0.03231389
4337.615086 0.77521038 0.02913609
4337.651258 0.76803076 0.02804488
4337.687430 0.74520261 0.02668268
4337.723603 0.75670876 0.02724666
4337.759775 0.71351666 0.02852090
4337.795949 0.67135473 0.03087009
4337.832122 0.66600475 0.02696548
4337.868296 0.68576668 0.02742500
4337.904470 0.68034803 0.03057065
4337.940644 0.72029902 0.02842575
4337.976819 0.70908032 0.02939524
4338.012994 0.72787384 0.02693864
4338.049169 0.71871438 0.02906137
4338.085345 0.70345432 0.02673392
4338.121521 0.70478859 0.03027164
4338.157697 0.65421806 0.03060855
4338.193873 0.66028602 0.03110524
4338.230050 0.64886506 0.03059238
4338.266227 0.72348496 0.03036100
4338.302405 0.72388774 0.02673864
4338.338582 0.66737106 0.02838414
4338.374760 0.65877910 0.02373258
4338.410939 0.62414031 0.02727408
4338.447117 0.66405263 0.02848925
4338.483296 0.71051935 0.02559186
4338.519475 0.63919169 0.03277532
4338.555655 0.60499684 0.02663799
4338.591835 0.65767664 0.02288651
4338.628015 0.66985106 0.02880027
4338.664195 0.61838850 0.02799787
4338.700376 0.58469834 0.02745614
4338.736557 0.62422744 0.02347353
4338.772738 0.62209184 0.02962151
4338.808920 0.60287722 0.02932839
4338.845102 0.63036993 0.02840102
4338.881284 0.60374562 0.02645122
4338.917467 0.60084722 0.03030432
4338.953649 0.61663627 0.02658633
4338.989833 0.62963659 0.02581063
4339.026016 0.63573898 0.02552191
4339.062200 0.59128968 0.02759969
4339.098384 0.56988947 0.03268071
4339.134568 0.55301375 0.02484542
4339.170753 0.59506080 0.02911556
4339.206938 0.61559616 0.02825790
4339.243123 0.58006065 0.03093561
4339.279308 0.58336205 0.02665645
4339.315494 0.57155863 0.03312222
4339.351680 0.49022520 0.03048307
4339.387867 0.59392430 0.02979912
4339.424054 0.61400979 0.02902500
4339.460241 0.55285770 0.03159026
4339.496428 0.53984874 0.02785175
4339.532616 0.56244994 0.02578074
4339.568804 0.60024949 0.02533071
4339.604992 0.54272524 0.02796986
4339.641180 0.53914675 0.02875599
4339.677369 0.52651851 0.02877355
4339.713559 0.53269016 0.02909914
4339.749748 0.53679406 0.02958561
4339.785938 0.54137607 0.02666001
4339.822128 0.50441826 0.02913618
4339.858318 0.55074752 0.02713642
4339.894509 0.47029640 0.02738129
4339.930700 0.51022465 0.02892707
4339.966891 0.52420438 0.02743198
4340.003083 0.49813080 0.02807031
4340.039275 0.49157947 0.02870439
4340.075467 0.49580622 0.02890125
4340.111659 0.49259110 0.03180851
4340.147852 0.52916782 0.03115827
4340.184045 0.53104785 0.02502575
4340.220239 0.50658445 0.02801269
4340.256432 0.45884161 0.03060781
4340.292626 0.49673341 0.02550257
4340.328820 0.50797951 0.02668744
4340.365015 0.50607369 0.02781973
4340.401210 0.50126748 0.02733537
4340.437405 0.51035724 0.02651845
4340.473601 0.53225791 0.03195514
4340.509796 0.55687999 0.03122688
4340.545993 0.52436706 0.02877277
4340.582189 0.55042194 0.02778392
4340.618386 0.52592179 0.02965621
4340.654583 0.48550992 0.02992944
4340.690780 0.50674451 0.02687428
4340.726978 0.53323830 0.03027401
4340.763176 0.50801141 0.02869689
4340.799374 0.54318300 0.02638813
4340.835572 0.52041210 0.02899067
4340.871771 0.50729453 0.03007886
4340.907970 0.52444051 0.03140860
4340.944170 0.49480355 0.02744982
4340.980369 0.51079094 0.02859771
4341.016569 0.50397012 0.02869808
4341.052770 0.51532428 0.02629169
4341.088970 0.52431596 0.02718067
4341.125171 0.55629478 0.03047916
4341.161373 0.59209287 0.02525024
4341.197574 0.53006800 0.02694516
4341.233776 0.47437821 0.03211691
4341.269978 0.56704298 0.03095250
4341.306181 0.56954300 0.02882233
4341.342383 0.54632154 0.02651822
4341.378586 0.51698397 0.02900902
4341.414790 0.51511435 0.03139201
4341.450993 0.57708481 0.02688334
4341.487197 0.57219761 0.02705702
4341.523402 0.49403436 0.02651121
4341.559606 0.52293776 0.03004134
4341.595811 0.58766618 0.02545606
4341.632016 0.58854754 0.02841056
4341.668222 0.61587554 0.02789556
4341.704427 0.63219345 0.02890723
4341.740633 0.61496680 0.03107277
4341.776840 0.58742812 0.02576990
4341.813047 0.60621905 0.02483060
4341.849253 0.53865597 0.02892126
4341.885461 0.54798709 0.02840412
4341.921668 0.57837316 0.02856215
4341.957876 0.60683165 0.02935796
4341.994084 0.58295872 0.02895112
4342.030293 0.60060012 0.02879060
4342.066502 0.56051785 0.02802500
4342.102711 0.57506862 0.02421239
4342.138920 0.63626097 0.02926027
4342.175130 0.58412823 0.02663809
4342.211340 0.63355659 0.02882380
4342.247550 0.67481730 0.03135286
4342.283761 0.68395044 0.03302097
4342.319972 0.64870501 0.02847198
4342.356183 0.66629685 0.02759734
4342.392394 0.65077301 0.02758952
4342.428606 0.58299167 0.02848766
4342.464818 0.64550987 0.02467626
4342.501031 0.69065473 0.02957825
4342.537243 0.61018966 0.02954275
4342.573456 0.67693280 0.02941425
4342.609670 0.67143476 0.02666935
4342.645883 0.66688914 0.02912298
4342.682097 0.68020922 0.03197797
4342.718311 0.65962256 0.03188125
4342.754526 0.66652983 0.02691085
4342.790741 0.68965592 0.03067872
4342.826956 0.66559432 0.02541464
4342.863171 0.66601638 0.02503965
4342.899387 0.67401544 0.02815402
4342.935603 0.68032452 0.02927223
4342.971819 0.67393713 0.02904380
4343.008036 0.71088586 0.03041858
4343.044253 0.75957297 0.02471817
4343.080470 0.76617159 0.02758303
4343.116688 0.72277192 0.03044003
4343.152906 0.70248460 0.02798233
4343.189124 0.70236848 0.02991515
4343.225342 0.75511726 0.03116302
4343.261561 0.73665499 0.03187434
4343.297780 0.71013454 0.02984145
4343.333999 0.69718704 0.03084172
4343.370219 0.71814961 0.02688398
4343.406439 0.70855016 0.02916584
4343.442659 0.74441595 0.02856499
4343.478880 0.71656855 0.03058184
4343.515101 0.74979211 0.02758789
4343.551322 0.76824869 0.03125001
4343.587543 0.76445492 0.02939557
4343.623765 0.73967913 0.02696395
4343.659987 0.68613131 0.02441044
4343.696210 0.71530449 0.02609136
4343.732432 0.72515789 0.02745099
4343.768655 0.75540329 0.02965996
4343.804879 0.76130454 0.02672381
4343.841102 0.75713525 0.02571719
4343.877326 0.76317574 0.02440249
4343.913550 0.73383610 0.02596079
4343.949775 0.76130915 0.02735377
4343.985999 0.79171003 0.02579906
4344.022225 0.73755270 0.03129861
4344.058450 0.75765247 0.02915417
4344.094676 0.75392088 0.02845316
4344.130902 0.75947648 0.02853473
4344.167128 0.76202261 0.02643028
4344.203355 0.77226365 0.02963353
4344.239581 0.76885371 0.03037420
4344.275809 0.73806177 0.02513253
4344.312036 0.74333412 0.02716048
4344.348264 0.78120818 0.02742028
4344.384492 0.76136617 0.02850148
4344.420721 0.76229729 0.02740235
4344.456949 0.78705517 0.02834169
4344.493178 0.84085068 0.02383320
4344.529408 0.77026318 0.02729445
4344.565637 0.82735570 0.02546788
4344.601867 0.77385309 0.03073432
4344.638097 0.76150953 0.02598789
4344.674328 0.74744106 0.02598533
4344.710559 0.80816941 0.02855144
4344.746790 0.78406892 0.02831365
4344.783021 0.79493721 0.02714493
4344.819253 0.75950123 0.02882617
4344.855485 0.79487023 0.02725797
4344.891717 0.78696524 0.03283340
4344.927950 0.74478386 0.02745432
4344.964183 0.79172654 0.02986383
4345.000416 0.79028046 0.02875382
4345.036650 0.84599947 0.02768097
4345.072884 0.79812307 0.02791820
4345.109118 0.79796244 0.02574239
4345.145352 0.80342419 0.02670493
4345.181587 0.78129556 0.02953789
4345.217822 0.83809543 0.02836000
4345.254058 0.83646641 0.03003221
4345.290293 0.79936146 0.02728618
4345.326529 0.76597733 0.02849372
4345.362765 0.76622858 0.02856888
4345.399002 0.80933323 0.02581934
4345.435239 0.81718526 0.02772886
4345.471476 0.78114797 0.02858307
4345.507714 0.80273386 0.02748849
4345.543951 0.78155889 0.02633770
4345.580189 0.83328122 0.02424042
4345.616428 0.82853995 0.02820015
4345.652667 0.80744861 0.02700177
4345.688906 0.80886973 0.02983257
4345.725145 0.86633497 0.02989577
4345.761384 0.81104066 0.02918929
4345.797624 0.85197883 0.02539380
4345.833865 0.85393345 0.02702194
4345.870105 0.81935142 0.02962996
4345.906346 0.83118543 0.02600812
4345.942587 0.77465812 0.02539250
4345.978828 0.79878716 0.02785083
4346.015070 0.84929223 0.03000569
4346.051312 0.81848729 0.02639208
4346.087554 0.81070594 0.02949764
4346.123797 0.83966926 0.02721594
4346.160040 0.81420872 0.02798488
4346.196283 0.79789340 0.02962090
4346.232527 0.82584042 0.02730965
4346.268771 0.86321535 0.03041540
4346.305015 0.85467958 0.03159835
4346.341259 0.85584357 0.02839573
4346.377504 0.81089244 0.03086999
4346.413749 0.84218953 0.02830014
4346.449994 0.83903372 0.02768460
4346.486240 0.79996723 0.02585822
4346.522486 0.81646138 0.02813844
4346.558732 0.85000821 0.03137854
4346.594979 0.85985049 0.02797097
4346.631225 0.83051338 0.03025220
4346.667473 0.80896231 0.02729122
4346.703720 0.82959433 0.02796636
4346.739968 0.87526512 0.02429172
4346.776216 0.86581654 0.02963079
4346.812464 0.88149391 0.02352089
4346.848713 0.89317226 0.02700468
4346.884962 0.85995291 0.02817092
4346.921211 0.84056464 0.02914177
4346.957461 0.82971995 0.02847166
4346.993711 0.86569895 0.02979704
4347.029961 0.87510465 0.03299961
4347.066211 0.83220076 0.02757171
4347.102462 0.81650370 0.02775305
4347.138713 0.80339640 0.02539483
4347.174965 0.86154209 0.03041425
4347.211216 0.88354142 0.02980724
4347.247468 0.88572105 0.02807390
4347.283720 0.84247904 0.02877742
4347.319973 0.88496215 0.03057836
4347.356226 0.85826161 0.03015570
4347.392479 0.84077276 0.03045254
4347.428733 0.86235366 0.02918367
4347.464986 0.86295217 0.03104379
4347.501241 0.85614635 0.02983967
4347.537495 0.87515285 0.02959292
4347.573750 0.86324775 0.03146019
4347.610005 0.87036474 0.02714717
4347.646260 0.92465414 0.02721095
4347.682516 0.90818948 0.02631257
4347.718772 0.87857091 0.02823408
4347.755028 0.89812069 0.02969705
4347.791284 0.90342838 0.03143585
4347.827541 0.86392042 0.02855999
4347.863798 0.89697609 0.02914597
4347.900056 0.86210807 0.02785927
4347.936313 0.84996960 0.03033114
4347.972571 0.85838862 0.02800104
4348.008830 0.85850330 0.02831375
4348.045088 0.88910298 0.02679459
4348.081347 0.86103435 0.02679880
4348.117607 0.80866813 0.02796667
4348.153866 0.89438596 0.02771779
4348.190126 0.91366701 0.02872746
4348.226386 0.87933251 0.02711234
4348.262647 0.86529703 0.02917893
4348.298907 0.85348801 0.02756551
4348.335168 0.87626974 0.02755427
4348.371430 0.87120207 0.02832494
4348.407692 0.81749603 0.02871620
4348.443953 0.88140721 0.02850059
4348.480216 0.85775821 0.02919864
4348.516478 0.83197563 0.02731115
4348.552741 0.89885196 0.02768601
4348.589004 0.88086770 0.02901106
4348.625268 0.85578677 0.02959516
4348.661532 0.83692191 0.02927583
4348.697796 0.84715713 0.02756458
4348.734060 0.85843495 0.02495834
4348.770325 0.87492337 0.02515009
4348.806590 0.91182810 0.03096884
4348.842855 0.87840712 0.02557489
4348.879121 0.84809305 0.03117553
4348.915387 0.87196111 0.03105288
4348.951653 0.88604794 0.03041376
4348.987919 0.83698924 0.02758710
4349.024186 0.84629607 0.02760932
4349.060453 0.90288905 0.02445914
4349.096721 0.88451967 0.02563092
4349.132988 0.84360145 0.02795417
4349.169256 0.85939208 0.02777762
4349.205525 0.88209579 0.03371023
4349.241793 0.86445004 0.02700345
4349.278062 0.84688318 0.02855568
4349.314331 0.86269575 0.03001955
4349.350601 0.87465700 0.02859751
4349.386871 0.89183616 0.03112700
4349.423141 0.85290373 0.02408521
4349.459411 0.82844232 0.02567945
4349.495682 0.85086585 0.02740897
4349.531953 0.83836379 0.02630571
4349.568224 0.88668880 0.03005861
4349.604496 0.84636706 0.02752139
4349.640768 0.86011347 0.02744730
4349.677040 0.85711011 0.02848169
4349.713313 0.93699633 0.02706603
4349.749586 0.90621169 0.02785666
4349.785859 0.84961000 0.02484652
4349.822132 0.82553803 0.02745351
4349.858406 0.84441337 0.02632045
4349.894680 0.84921913 0.02782820
4349.930955 0.88002477 0.03067214
4349.967229 0.87875420 0.02405394
4350.003504 0.85739613 0.02750449
4350.039779 0.86271524 0.03227938
4350.076055 0.86721653 0.03076398
4350.112331 0.90223987 0.02834849
4350.148607 0.88904051 0.02714817
4350.184884 0.84059716 0.02638644
4350.221160 0.86713644 0.03010417
4350.257437 0.87009380 0.02821957
4350.293715 0.83619947 0.02629147
4350.329993 0.84577084 0.02631694
4350.366271 0.88270881 0.03170211
4350.402549 0.93023347 0.02875326
4350.438827 0.90677000 0.02939325
4350.475106 0.86955828 0.03103151
4350.511386 0.86306058 0.03075821
4350.547665 0.90116538 0.02618077
4350.583945 0.92643246 0.02454375
4350.620225 0.86371736 0.02954189
4350.656505 0.88374466 0.02575871
4350.692786 0.92286204 0.02898303
4350.729067 0.90825193 0.02681947
4350.765349 0.91826649 0.02611649
4350.801630 0.87542911 0.02837053
4350.837912 0.89664556 0.02909827
4350.874194 0.93327054 0.02918439
4350.910477 0.92953961 0.02869859
4350.946760 0.87279370 0.02880528
4350.983043 0.84666674 0.02860412
4351.019326 0.89658405 0.02587388
4351.055610 0.94645480 0.02981847
4351.091894 0.91575575 0.03242375
4351.128178 0.87816017 0.02842847
4351.164463 0.90161146 0.03035504
4351.200748 0.91973146 0.03134702
4351.237033 0.88537064 0.02801354
4351.273319 0.93093779 0.02922493
4351.309605 0.93171403 0.03087421
4351.345891 0.88969488 0.02905836
4351.382177 0.84696291 0.02719257
4351.418464 0.88577060 0.03174162
4351.454751 0.94408691 0.03181470
4351.491039 0.93065010 0.02972575
4351.527326 0.94581277 0.02985095
4351.563614 0.88799500 0.02781471
4351.599903 0.90514924 0.02632112
4351.636191 0.89047376 0.02870937
4351.672480 0.87381961 0.03186050
4351.708769 0.92670724 0.02853237
4351.745059 0.93846566 0.02689875
4351.781349 0.90269479 0.02918411
4351.817639 0.91912669 0.02786262
4351.853929 0.91871548 0.02724863
4351.890220 0.97123498 0.02765474
4351.926511 0.95449350 0.02985702
4351.962802 0.94251100 0.03057036
4351.999094 0.94378391 0.02738893
4352.035386 0.95825034 0.02905743
4352.071678 0.94672495 0.02898505
4352.107970 0.88784760 0.02783223
4352.144263 0.90914448 0.02653226
4352.180556 0.90048004 0.02937640
4352.216850 0.93403270 0.02916032
4352.253143 0.93610834 0.02976181
4352.289437 0.90893808 0.02549478
4352.325732 0.90020282 0.02624943
4352.362026 0.99679179 0.02731171
4352.398321 0.98879724 0.02546209
4352.434617 0.96017917 0.02977101
4352.470912 0.89851366 0.03042672
4352.507208 0.90295448 0.03070668
4352.543504 0.95976901 0.02830233
4352.579801 0.94945253 0.02804609
4352.616097 0.95341873 0.02581095
4352.652394 0.92819153 0.02535946
4352.688692 0.97699851 0.02605396
4352.724990 0.93595926 0.02821211
4352.761287 0.95437515 0.02903437
4352.797586 0.89188436 0.02679222
4352.833884 0.95275627 0.03161350
4352.870183 0.95574674 0.03032572
4352.906482 0.97159399 0.03279140
4352.942782 0.99047470 0.02364898
4352.979082 0.90937262 0.02758981
4353.015382 0.93260660 0.02613829
4353.051682 0.95023434 0.02864831
4353.087983 0.90012195 0.02713910
4353.124284 0.95537484 0.02735642
4353.160585 0.97743079 0.02559517
4353.196887 0.91649507 0.02612712
4353.233189 0.94004144 0.02861777
4353.269491 0.98141528 0.02718976
4353.305793 0.95264785 0.03090929
4353.342096 0.96427383 0.02728488
4353.378399 0.95223633 0.02670371
4353.414703 0.94956574 0.03056518
4353.451006 0.94331176 0.03118120
4353.487310 0.93501519 0.02902197
4353.523615 0.97768957 0.02462829
4353.559919 0.98105622 0.02855819
4353.596224 0.94021230 0.02771233
4353.632530 0.94616813 0.02783547
4353.668835 0.93335311 0.03254056
4353.705141 0.96026164 0.02762248
4353.741447 0.99585847 0.03228894
4353.777754 0.96474591 0.03062433
4353.814060 0.95398967 0.02662205
4353.850367 0.96173236 0.02988685
4353.886675 0.96641259 0.02828017
4353.922982 0.94180484 0.02938786
4353.959290 0.96517020 0.02287909
4353.995599 0.96582919 0.02660215
4354.031907 0.99844958 0.02903880
4354.068216 0.96191610 0.02925962
4354.104525 0.95494017 0.03135597
4354.140835 0.97286205 0.03185933
4354.177144 0.97040790 0.03136426
4354.213455 0.94330327 0.02774128
4354.249765 0.94233033 0.03069897
4354.286076 0.96959333 0.03239563
4354.322387 0.96394692 0.03214449
4354.358698 0.98241370 0.02718548
4354.395009 0.98619196 0.02624689
4354.431321 0.95019257 0.02274833
4354.467634 0.95922076 0.02934105
4354.503946 0.95572127 0.02648490
4354.540259 0.97445795 0.02747485
4354.576572 0.95338669 0.02548425
4354.612885 0.97322283 0.02747864
4354.649199 0.93293008 0.02455315
4354.685513 0.96370162 0.02516190
4354.721827 1.01259060 0.02438746
4354.758142 1.05444774 0.02961982
4354.794457 0.98734740 0.02597414
4354.830772 0.99364470 0.02962800
4354.867088 1.00299718 0.03301315
4354.903404 0.98947868 0.02851564
4354.939720 1.00189404 0.02743273
4354.976036 1.01934081 0.03158067
4355.012353 1.03720227 0.02715680
4355.048670 1.00082540 0.02857037
4355.084987 0.97632210 0.02912065
4355.121305 1.00303403 0.02589230
4355.157623 0.97522027 0.02637112
4355.193941 0.99438587 0.02880039
4355.230260 1.02310406 0.02638264
4355.266579 1.01141866 0.02953634
4355.302898 0.98209198 0.02577524
4355.339217 1.00288833 0.02820017
4355.375537 0.96880469 0.02719943
4355.411857 0.95657391 0.02660330
4355.448177 0.94537538 0.02555913
4355.484498 0.95928879 0.02797592
4355.520819 0.96184158 0.02647710
4355.557140 0.95134945 0.02755931
4355.593462 0.93395706 0.02494901
4355.629784 0.94545804 0.02622955
4355.666106 0.99845436 0.02894484
4355.702429 0.97334405 0.03118416
4355.738751 0.98296384 0.03286741
4355.775074 1.00018639 0.02991622
4355.811398 0.94152533 0.02992482
4355.847722 0.98165425 0.02995342
4355.884046 0.98166818 0.02578506
4355.920370 1.00402328 0.02582465
4355.956695 0.99962294 0.03124715
4355.993019 0.96424154 0.02977279
4356.029345 0.98149942 0.02579773
4356.065670 0.99270009 0.02839058
4356.101996 0.98008736 0.02848804
4356.138322 0.94025844 0.02996893
4356.174649 0.99572164 0.02692316
4356.210975 1.02186167 0.02620490
4356.247302 1.04021777 0.02679840
4356.283630 0.96853415 0.03046487
4356.319957 0.99348310 0.03069294
4356.356285 0.96227712 0.03103790
4356.392614 0.97413635 0.03038893
4356.428942 1.00729671 0.03016063
4356.465271 0.96776853 0.03109532
4356.501600 0.90915356 0.03327118
4356.537930 0.94532505 0.02943142
4356.574259 0.94304829 0.03016973
4356.610589 0.92314336 0.03048064
4356.646920 0.98052082 0.02796842
4356.683251 0.95491510 0.02423008
4356.719581 0.98878338 0.02583088
4356.755913 0.95766134 0.02637315
4356.792244 0.95616308 0.02692703
4356.828576 0.95574559 0.03038046
4356.864908 0.92107787 0.02434489
4356.901241 0.94932129 0.02801508
4356.937574 0.95847770 0.02939741
4356.973907 0.96107294 0.02728431
4357.010240 0.99865940 0.02825438
4357.046574 1.01591061 0.03106453
4357.082908 0.97121384 0.02751176
4357.119242 0.96293340 0.03109126
4357.155577 0.95531632 0.02979803
4357.191912 1.00857773 0.02659967
4357.228247 0.98092861 0.02776463
4357.264583 0.99237270 0.02845032
4357.300918 0.96038315 0.03128560
4357.337254 0.93711326 0.02754507
4357.373591 0.96239429 0.02670296
4357.409928 1.01768563 0.02778042
4357.446265 0.97323975 0.02873700
4357.482602 0.95668289 0.02670591
4357.518940 0.97814088 0.02468130
4357.555278 0.95900170 0.02756785
4357.591616 0.99531007 0.02695423
4357.627954 1.00867922 0.02302715
4357.664293 1.00852821 0.03091769
4357.700632 0.98937691 0.03157889
4357.736972 0.97118684 0.02994248
4357.773312 0.95754591 0.02733542
4357.809652 0.98026139 0.03065660
4357.845992 1.01389758 0.02875990
4357.882333 0.97002323 0.02481405
4357.918674 0.94072729 0.02795540
4357.955015 0.98354919 0.02758963
4357.991357 1.01634586 0.02749264
4358.027699 0.99439396 0.02629679
4358.064041 0.97187339 0.02756166
4358.100383 0.97916529 0.02732796
4358.136726 0.95693657 0.02587571
4358.173069 0.94741684 0.02743792
4358.209413 0.99290437 0.02775124
4358.245756 0.98338849 0.02647546
4358.282100 0.94851145 0.02440798
4358.318445 0.97558192 0.02884597
4358.354789 0.98787666 0.02872381
4358.391134 0.99068398 0.02910499
4358.427479 1.00479375 0.02880925
4358.463825 0.97132428 0.02507398
4358.500171 0.99506072 0.03033271
4358.536517 0.99116667 0.02970218
4358.572863 0.96569850 0.02827579
4358.609210 0.96261573 0.03017749
4358.645557 0.91217139 0.02859489
4358.681904 0.97783131 0.02487350
4358.718252 1.01356818 0.03055107
4358.754600 1.00805946 0.02825890
4358.790948 0.96023851 0.02517153
4358.827297 1.03904542 0.02828397
4358.863646 1.00456994 0.02955617
4358.899995 0.99425237 0.02788593
4358.936344 1.01000910 0.02644276
4358.972694 1.02225717 0.02956114
4359.009044 0.99340644 0.02805695
4359.045394 1.02617371 0.02760411
4359.081745 1.03527196 0.02633918
4359.118096 1.02036759 0.02681690
4359.154447 1.00353560 0.02742675
4359.190799 1.00911065 0.02813952
4359.227151 0.99316776 0.02666744
4359.263503 0.99326637 0.02673942
4359.299856 1.02893446 0.02983369
4359.336208 1.00059984 0.02848059
4359.372561 0.98305708 0.02891986
4359.408915 0.92516737 0.02582754
4359.445269 1.00865267 0.02462876
4359.481623 0.97671188 0.02474733
4359.517977 0.94729662 0.02557769
4359.554332 0.95324934 0.02873049
4359.590686 0.93570387 0.02784250
4359.627042 0.96835765 0.02686746
4359.663397 0.99321366 0.03015331
4359.699753 0.99388969 0.02930449
4359.736109 0.94978634 0.02895977
4359.772466 1.01606433 0.02812927
4359.808822 0.98397559 0.02876033
4359.845179 1.01066115 0.02716280
4359.881537 1.01046448 0.02979335
4359.917894 0.98446767 0.02794279
4359.954252 0.98764655 0.02918458
4359.990611 0.99872563 0.02662898
4360.026969 1.00528213 0.02632943
4360.063328 0.98665752 0.02955396
4360.099687 0.97490305 0.03001376
4360.136047 0.97447155 0.02881295
4360.172406 0.99540797 0.02376138
4360.208766 0.99140091 0.02745857
4360.245127 1.00761747 0.02467095
4360.281488 0.95393004 0.02737273
4360.317849 0.94862461 0.03291031
4360.354210 0.97384464 0.02897426
4360.390571 0.95286685 0.02556314
4360.426933 0.96546685 0.03049651
4360.463296 0.92692427 0.02781683
4360.499658 0.93235374 0.02946238
4360.536021 0.94708544 0.03003476
4360.572384 0.97428932 0.02533763
4360.608747 0.97449993 0.03193490
4360.645111 0.95280955 0.03084525
4360.681475 0.95619994 0.02688712
4360.717839 0.98710933 0.03058570
4360.754204 1.00739049 0.03111315
4360.790569 1.03419422 0.02845126
4360.826934 0.98065541 0.02791399
4360.863300 0.94911203 0.02881626
4360.899666 0.98983067 0.02763924
4360.936032 0.96782545 0.02882997
4360.972398 0.93272636 0.02977042
4361.008765 0.96006155 0.02719621
4361.045132 0.98006752 0.02628194
4361.081499 1.01528415 0.02834290
4361.117867 1.00492497 0.02840104
4361.154235 0.99624120 0.02747872
4361.190603 1.01908144 0.02586861
4361.226972 0.95859122 0.02609488
4361.263341 0.99988217 0.02923822
4361.299710 0.99713292 0.02463425
4361.336079 0.94365393 0.02828294
4361.372449 0.93485634 0.02709159
4361.408819 0.97892821 0.02508853
4361.445189 1.03037680 0.02414440
4361.481560 0.94710276 0.02977479
4361.517931 0.94967860 0.02494226
4361.554302 0.99002607 0.02684169
4361.590674 0.99788067 0.02736834
4361.627046 0.99490871 0.02711354
4361.663418 0.97083587 0.03004908
4361.699791 0.95608557 0.02617235
4361.736163 0.97378093 0.02719639
4361.772537 0.97920192 0.02954623
4361.808910 0.99992560 0.02917800
4361.845284 0.99427558 0.02598530
4361.881658 1.00591027 0.02926873
4361.918032 0.99348923 0.02693714
4361.954407 0.98881334 0.02848759
4361.990782 1.01867854 0.02639308
4362.027157 1.07376021 0.02514616
4362.063532 1.03551609 0.02767639
4362.099908 0.98193435 0.02791731
4362.136284 0.95860723 0.02811450
4362.172661 0.96652878 0.02671954
4362.209038 0.95188579 0.02652499
4362.245415 0.99952678 0.02284555
4362.281792 0.95844420 0.02286255
4362.318170 0.97169920 0.03174785
4362.354548 0.99251650 0.03144418
4362.390926 0.97752172 0.02908201
4362.427305 1.03325549 0.03215178
4362.463683 1.01613389 0.02857466
4362.500063 1.00129228 0.02928894
4362.536442 0.96114142 0.02992883
4362.572822 0.99356588 0.02959906
4362.609202 1.00055178 0.02770859
4362.645582 0.99621542 0.02749823
4362.681963 0.99724766 0.03055674
4362.718344 0.97007914 0.03006401
4362.754725 1.01315796 0.02526641
4362.791107 0.99437053 0.02715723
4362.827489 0.99645759 0.02675527
4362.863871 0.97587262 0.02522567
4362.900254 0.95258864 0.02622391
4362.936636 1.02089698 0.02397180
4362.973020 0.98892160 0.02950870
4363.009403 0.97184298 0.02947289
4363.045787 0.98296833 0.02759911
4363.082171 1.02240119 0.02940665
4363.118555 1.00124012 0.03212437
4363.154940 0.98168382 0.02455572
4363.191325 1.00402069 0.02703848
4363.227710 0.98969569 0.02816327
4363.264096 1.00900380 0.02892516
4363.300481 1.01752548 0.02927557
4363.336868 0.98851268 0.02282114
4363.373254 0.95967539 0.02861728
4363.409641 1.01056102 0.02861128
4363.446028 1.00486001 0.02614102
4363.482415 1.00939318 0.02649522
4363.518803 0.99388553 0.02811078
4363.555191 1.01167857 0.03023033
4363.591579 1.02201252 0.02653207
4363.627968 0.95093744 0.02564000
4363.664357 1.00564808 0.02795331
4363.700746 0.97473195 0.02443175
4363.737135 0.93464263 0.02942876
4363.773525 0.97420294 0.02700949
4363.809915 1.00771849 0.02643197
4363.846306 1.01596900 0.02466533
4363.882696 1.03012716 0.02920166
4363.919087 0.98160588 0.02652999
4363.955479 0.94867728 0.02727939
4363.991870 0.97433899 0.02539293
4364.028262 0.99516533 0.02772902
4364.064655 1.00093324 0.02681702
4364.101047 0.97477422 0.02773515
4364.137440 0.94596674 0.02860368
4364.173833 0.94710456 0.02626740
4364.210226 1.01293655 0.02926483
4364.246620 1.00429655 0.02517791
4364.283014 0.98800498 0.02828031
4364.319409 0.99709633 0.02514932
4364.355803 0.97215287 0.02589111
4364.392198 0.98440422 0.02627256
4364.428594 1.00288415 0.02571264
4364.464989 0.96303513 0.03020869
4364.501385 0.99674448 0.02974388
4364.537781 0.99047342 0.02848617
4364.574178 0.97547870 0.02785969
4364.610574 0.97397483 0.03027776
4364.646971 0.99701719 0.03052959
4364.683369 1.00775646 0.02587161
4364.719767 1.03483022 0.02816499
4364.756165 0.98589130 0.02541421
4364.792563 1.01944542 0.02705457
4364.828961 1.02601036 0.02504362
4364.865360 0.96644736 0.02732720
4364.901760 1.01486477 0.02938368
4364.938159 0.99628044 0.03014486
4364.974559 0.98144318 0.03107118
4365.010959 1.01040883 0.02843607
4365.047359 1.03742212 0.02907703
4365.083760 0.99742412 0.02800864
4365.120161 0.97662293 0.02863313
4365.156563 0.97559510 0.02754123
4365.192964 1.03575326 0.02857832
4365.229366 1.01277614 0.02800993
4365.265768 1.01647520 0.02978629
4365.302171 0.97280238 0.03033694
4365.338574 0.96328329 0.02349255
4365.374977 0.93372714 0.03017461
4365.411380 0.94070460 0.02771734
4365.447784 0.97796591 0.02881985
4365.484188 0.96254122 0.02758540
4365.520593 0.98035989 0.02973975
4365.556997 0.96263208 0.02476928
4365.593402 0.96589961 0.02746821
4365.629808 0.98194912 0.02501470
4365.666213 1.00330447 0.02765663
4365.702619 1.01371328 0.02649811
4365.739025 0.94655378 0.02788019
4365.775432 0.97129354 0.02622903
4365.811839 0.95337438 0.02797501
4365.848246 0.95476858 0.03091680
4365.884653 0.94112685 0.02678059
4365.921061 0.93827619 0.02605197
4365.957469 0.95374103 0.03012414
4365.993877 0.98411620 0.02842382
4366.030286 0.92668228 0.02812760
4366.066695 0.92471757 0.02903546
4366.103104 0.94900081 0.02821173
4366.139513 0.96498473 0.03002204
4366.175923 1.02076131 0.02937268
4366.212333 0.99713181 0.03054468
4366.248744 0.96334118 0.02722407
4366.285155 0.93977500 0.02866457
4366.321566 0.96633418 0.03207168
4366.357977 1.02520094 0.02800341
4366.394389 0.96940579 0.02966326
4366.430801 0.93033614 0.03274743
4366.467213 0.92212281 0.02623018
4366.503625 0.93030675 0.02763218
4366.540038 0.93359930 0.02984985
4366.576451 0.95159879 0.03284543
4366.612865 0.97095244 0.03109196
4366.649279 0.91522149 0.02921492
4366.685693 0.96115793 0.03028914
4366.722107 1.02714951 0.02592438
4366.758522 1.00668878 0.02645175
4366.794937 0.95535825 0.03102319
4366.831352 0.95430389 0.02719118
4366.867768 0.94617575 0.02689987
4366.904184 0.96971395 0.02776602
4366.940600 0.94533976 0.02629348
4366.977016 0.92583092 0.02958534
4367.013433 0.93064901 0.02905086
4367.049850 0.98934855 0.02624357
4367.086268 1.02074440 0.02593098
4367.122686 0.97603903 0.02343405
4367.159104 0.94554205 0.02671952
4367.195522 0.95824149 0.02722872
4367.231941 0.95933409 0.02571051
4367.268359 0.97607508 0.02628024
4367.304779 0.92671448 0.02532165
4367.341198 0.94552649 0.02921988
4367.377618 0.93046430 0.03015033
4367.414038 0.90672468 0.02751138
4367.450459 0.97352936 0.02701591
4367.486880 0.96354964 0.02740401
4367.523301 0.98719226 0.03075445
4367.559722 0.98130257 0.03017532
4367.596144 0.97818878 0.02629181
4367.632566 0.92237684 0.02969660
4367.668988 0.90715326 0.02611108
4367.705411 0.94571478 0.02920524
4367.741833 0.96872644 0.02796534
4367.778257 0.91717994 0.02781335
4367.814680 0.90163906 0.02648024
4367.851104 0.92541701 0.02648915
4367.887528 0.99573489 0.02818189
4367.923952 0.94137003 0.02671922
4367.960377 0.98944240 0.02625863
4367.996802 0.92492247 0.02750314
4368.033228 1.01073705 0.02543322
4368.069653 0.95777292 0.02372529
4368.106079 0.98155503 0.02606421
4368.142505 0.91243814 0.02933388
4368.178932 0.97733366 0.02571962
4368.215359 0.98975462 0.02712190
4368.251786 0.96494246 0.02759121
4368.288213 0.99096495 0.02517017
4368.324641 0.97505577 0.02714687
4368.361069 0.93145952 0.02844245
4368.397497 0.95362932 0.03162704
4368.433926 0.99567644 0.02694472
4368.470355 0.98340146 0.03062299
4368.506784 1.00251609 0.02690864
4368.543214 0.98059199 0.02937930
4368.579644 0.97331509 0.02946455
4368.616074 0.99073146 0.02671776
4368.652505 0.99833263 0.02845140
4368.688935 0.99403784 0.02894850
4368.725366 0.95664245 0.02890129
4368.761798 0.94654831 0.02484564
4368.798230 0.97152014 0.02808783
4368.834662 0.95728283 0.02689685
4368.871094 0.97322285 0.02432804
4368.907526 0.99493048 0.02825506
4368.943959 1.02277602 0.02649695
4368.980393 0.98955914 0.02968180
4369.016826 0.96762629 0.02996561
4369.053260 0.95450027 0.02744023
4369.089694 0.99002318 0.02749431
4369.126129 0.94394930 0.03098332
4369.162563 0.96766835 0.02468085
4369.198998 1.00357471 0.02584374
4369.235434 0.96255042 0.03293559
4369.271869 0.96626395 0.02604912
4369.308305 1.03135339 0.02821678
4369.344742 1.00109840 0.02556333
4369.381178 1.00059833 0.02799510
4369.417615 0.95841944 0.02952721
4369.454052 0.94069158 0.02576956
4369.490490 1.00733792 0.02769946
4369.526927 0.99952774 0.02750989
4369.563365 0.99627397 0.02741448
4369.599804 1.00964531 0.02407814
4369.636243 1.03271851 0.02413110
4369.672682 0.96151554 0.02304623
4369.709121 0.94884836 0.02859319
4369.745560 1.00775080 0.02908442
4369.782000 0.94286035 0.02743428
4369.818441 0.95244958 0.03069848
4369.854881 0.92185055 0.03088787
4369.891322 0.99508115 0.03042787
4369.927763 0.98464765 0.02949761
4369.964204 0.99967044 0.03030977
4370.000646 0.96453380 0.02510950
4370.037088 1.02670282 0.02555756
4370.073531 1.00949721 0.02872381
4370.109973 0.98109966 0.02339045
4370.146416 0.96819300 0.02967339
4370.182859 0.93142831 0.02613136
4370.219303 0.94779690 0.02823266
4370.255747 0.96131826 0.02795762
4370.292191 0.95101368 0.03052154
4370.328635 0.96428096 0.02661592
4370.365080 0.96860232 0.02926423
4370.401525 0.98604462 0.03056813
4370.437971 1.00131267 0.02785234
4370.474416 1.04435137 0.02680416
4370.510862 1.01585259 0.02657212
4370.547309 0.98458413 0.02778260
4370.583755 0.96681836 0.02890405
4370.620202 0.97295379 0.02949069
4370.656649 0.99689646 0.03188627
4370.693097 1.01352945 0.02929331
4370.729545 0.98881559 0.02628639
4370.765993 1.03680050 0.02781564
4370.802441 0.98147628 0.02377850
4370.838890 0.96282534 0.02837852
4370.875339 0.99721703 0.03432500
4370.911788 0.96497999 0.02549979
4370.948238 0.97252307 0.02867690
4370.984688 0.93776160 0.02809573
4371.021138 0.98894833 0.03091170
4371.057589 1.02330322 0.02846999
4371.094039 0.99627187 0.02980854
4371.130491 1.01557311 0.02855429
4371.166942 1.00869917 0.02585701
4371.203394 1.00026875 0.02500220
4371.239846 0.99186384 0.02749559
4371.276298 0.98069848 0.02633239
4371.312751 0.95496437 0.02906584
4371.349204 0.97807276 0.02912384
4371.385657 0.92179836 0.02764379
4371.422111 0.98703122 0.02765376
4371.458565 1.03509315 0.02672116
4371.495019 1.01488999 0.02806695
4371.531473 1.00811601 0.03077216
4371.567928 0.98386659 0.02524523
4371.604383 0.97694247 0.02457331
4371.640839 0.95794303 0.02695379
4371.677294 0.95542145 0.03177874
4371.713750 0.96065184 0.02977983
4371.750207 0.96835595 0.03172147
4371.786663 0.99392189 0.02966904
4371.823120 1.01056680 0.02961825
4371.859577 0.98556043 0.02747991
4371.896035 0.94743334 0.02715884
4371.932493 0.96803222 0.02716016
4371.968951 1.01025255 0.02694099
4372.005409 0.98641169 0.02734022
4372.041868 0.95977908 0.02842972
4372.078327 0.99502230 0.02953019
4372.114787 1.00961395 0.02978691
4372.151246 0.97009606 0.02812924
4372.187706 0.99415543 0.02688358
4372.224167 0.93954862 0.02744857
4372.260627 0.98709734 0.02878239
4372.297088 0.95326884 0.02353845
4372.333549 1.00028172 0.02997892
4372.370011 0.96132081 0.02878515
4372.406472 0.96926421 0.02771014
4372.442935 0.99613342 0.02790655
4372.479397 0.94615645 0.02615169
4372.515860 0.94442656 0.02655896
4372.552323 0.95527933 0.02632695
4372.588786 0.95553284 0.02682471
4372.625250 0.95035310 0.03039906
4372.661714 0.98422464 0.02892206
4372.698178 0.97478343 0.02728268
4372.734642 1.01411828 0.02860124
4372.771107 0.99578427 0.02680757
4372.807572 0.95688079 0.02448115
4372.844038 0.97570767 0.02763676
4372.880503 1.01008707 0.02431985
4372.916969 1.00158903 0.02627324
4372.953436 0.95847962 0.02447346
4372.989902 0.96951057 0.02893707
4373.026369 0.94195217 0.03128738
4373.062837 0.98702957 0.03056641
4373.099304 0.99538987 0.02909547
4373.135772 0.99193748 0.02964804
4373.172240 1.00934269 0.02922703
4373.208709 0.98311766 0.02757364
4373.245178 1.01459700 0.02816210
4373.281647 0.99317470 0.02885203
4373.318116 0.98773868 0.02596999
4373.354586 0.99697655 0.02574974
4373.391056 0.98824417 0.02935137
4373.427526 0.96393474 0.02648721
4373.463997 0.94666829 0.02237318
4373.500468 1.00306877 0.02740130
4373.536939 0.96847802 0.02467278
4373.573410 0.98277180 0.02682518
4373.609882 1.04077598 0.03039075
4373.646354 1.03739391 0.02759187
4373.682827 0.99352832 0.02358482
4373.719300 0.99968986 0.02679421
4373.755773 1.00750980 0.02571979
4373.792246 1.01989650 0.02738707
4373.828720 0.97065907 0.02442594
4373.865194 0.95385973 0.02868994
4373.901668 1.00144464 0.03058036
4373.938142 1.05617233 0.02603970
4373.974617 0.98131469 0.03049940
4374.011092 0.99368710 0.03113730
4374.047568 0.95527886 0.03111711
4374.084044 0.97169045 0.02637816
4374.120520 1.00410316 0.02648771
4374.156996 1.01739845 0.02640959
4374.193473 1.01575523 0.02570484
4374.229950 1.00200242 0.02518958
4374.266427 0.99475845 0.02931225
4374.302905 0.98785672 0.02755189
4374.339383 1.01626748 0.03003577
4374.375861 1.01895716 0.03063782
4374.412339 1.01800091 0.02654361
4374.448818 1.01864393 0.02876655
4374.485297 1.00939922 0.02971220
4374.521777 0.99161724 0.02591375
4374.558257 1.01749083 0.02356071
4374.594737 1.04577972 0.02527663
4374.631217 1.00573710 0.02498928
4374.667698 0.98102846 0.02775789
4374.704179 0.93594009 0.02621591
4374.740660 1.00469891 0.03057291
4374.777141 0.99676018 0.03035501
4374.813623 1.03318328 0.02982428
4374.850105 0.99907615 0.02777485
4374.886588 0.99662547 0.02877487
4374.923071 0.95116718 0.02795842
4374.959554 0.99447777 0.02957704
4374.996037 0.97044076 0.02609264
4375.032521 0.98988599 0.02391077
4375.069005 1.02839798 0.03036640
4375.105489 1.03977111 0.02607970
4375.141974 0.99028093 0.02465409
4375.178459 0.99303243 0.02777414
4375.214944 1.00401599 0.02607889
4375.251429 1.01547911 0.02890960
4375.287915 0.97465899 0.02957635
4375.324401 0.98863277 0.02452568
4375.360888 1.00847188 0.02611955
4375.397374 0.97843028 0.02583862
4375.433861 0.99341933 0.02691556
4375.470349 0.99802914 0.02589112
4375.506836 0.95127813 0.02754493
4375.543324 1.01285214 0.02875914
4375.579813 1.02633298 0.02929339
4375.616301 1.04408335 0.02376365
4375.652790 1.02594237 0.02918409
4375.689279 1.00679417 0.03011242
4375.725769 0.98249084 0.02509894
4375.762259 1.00673553 0.02720693
4375.798749 1.02809577 0.02677523
4375.835239 1.00161924 0.02576359
4375.871730 0.99528394 0.02697846
4375.908221 1.00496162 0.02684041
4375.944712 1.02331158 0.02782167
4375.981204 0.97683057 0.02684510
4376.017695 1.02825274 0.02677150
4376.054188 1.00111357 0.03006721
4376.090680 0.97999913 0.02863908
4376.127173 1.00720101 0.02906965
4376.163666 1.06783182 0.02382484
4376.200160 0.99294250 0.02675195
4376.236653 1.00167865 0.02569183
4376.273147 0.99269258 0.03322607
4376.309642 1.01279538 0.02818180
4376.346136 1.05345611 0.02692741
4376.382631 0.99341290 0.02278742
4376.419127 1.00525198 0.02604075
4376.455622 0.95255226 0.03009971
4376.492118 0.96446176 0.02971882
4376.528614 0.96373580 0.02766767
4376.565111 0.97565906 0.03169631
4376.601607 1.01325202 0.02747476
4376.638104 1.00719699 0.02547987
4376.674602 0.99752568 0.02982477
4376.711100 0.99048865 0.02709540
4376.747598 1.02850103 0.02563752
4376.784096 0.97656121 0.03194899
4376.820594 0.99383368 0.02688530
4376.857093 1.04002733 0.02456613
4376.893593 0.98770041 0.02872756
4376.930092 0.95768218 0.02728225
4376.966592 0.97727110 0.02899330
4377.003092 1.01057245 0.02877770
4377.039592 0.97716060 0.02618847
4377.076093 0.98609364 0.02976616
4377.112594 1.03077044 0.02854182
4377.149096 1.02991821 0.02817016
4377.185597 1.01106950 0.02775951
4377.222099 0.96491485 0.02840927
4377.258601 1.03048719 0.02974883
4377.295104 1.01578937 0.03078179
4377.331607 0.99724128 0.02724196
4377.368110 0.96384475 0.02723227
4377.404613 0.95693700 0.02988699
4377.441117 1.00674787 0.02259004
4377.477621 1.01299710 0.02611454
4377.514126 0.98898460 0.02778018
4377.550630 1.00893156 0.02636406
4377.587135 1.03514715 0.02869649
4377.623641 1.00240852 0.03061253
4377.660146 1.03168910 0.02353939
4377.696652 1.02203758 0.02693873
4377.733158 0.98665394 0.02853753
4377.769665 1.00374562 0.02419314
4377.806172 1.03647854 0.02657859
4377.842679 1.00595778 0.02667335
4377.879186 1.00348031 0.02547528
4377.915694 0.99189608 0.02506166
4377.952202 0.98075079 0.02825679
4377.988710 0.99373827 0.02729913
4378.025219 0.99112412 0.02701102
4378.061728 0.99120531 0.02993661
4378.098237 0.97387263 0.02715397
4378.134747 1.01370862 0.02723321
4378.171257 1.01050399 0.02520585
4378.207767 1.02403108 0.02809899
4378.244277 0.99387500 0.02686656
4378.280788 1.00805370 0.02860641
4378.317299 0.98369917 0.02988343
4378.353811 1.04225895 0.02680928
4378.390322 1.03317478 0.02571750
4378.426834 0.98365686 0.02827522
4378.463347 0.99521092 0.02785485
4378.499859 1.03715542 0.02681845
4378.536372 1.00226769 0.02940632
4378.572885 1.05649060 0.02532053
4378.609399 1.01985566 0.02642421
4378.645913 0.98229385 0.02865498
4378.682427 0.97226247 0.02607063
4378.718941 0.97189803 0.02811728
4378.755456 0.99658197 0.02906131
4378.791971 1.01250849 0.02783307
4378.828486 1.01173244 0.03276053
4378.865002 1.01454761 0.02951116
4378.901518 1.03809559 0.02839200
4378.938034 0.99926843 0.02723458
4378.974551 0.91954872 0.02759296
4379.011068 0.98276389 0.02705404
4379.047585 1.02105688 0.02778115
4379.084102 1.04060445 0.02544901
4379.120620 1.00454823 0.02852247
4379.157138 0.98719661 0.02996683
4379.193657 0.98016904 0.02826625
4379.230175 0.99038011 0.02511633
4379.266694 1.03246385 0.02339720
4379.303214 1.00552752 0.02730499
4379.339733 0.99323781 0.02680577
4379.376253 0.99370589 0.02561186
4379.412773 1.01165305 0.02828044
4379.449294 1.02369850 0.02543515
4379.485815 1.01424634 0.02750128
4379.522336 1.03264258 0.02799179
4379.558857 1.04977221 0.02606166
4379.595379 1.08507290 0.02870437
4379.631901 1.02512787 0.02741685
4379.668423 1.00476860 0.02806063
4379.704946 1.04921777 0.02759481
4379.741469 1.02897667 0.03023097
4379.777992 1.05258466 0.02875873
4379.814516 1.01333985 0.02605620
4379.851040 0.98903462 0.02740916
4379.887564 1.01858766 0.02960635
4379.924088 1.00479746 0.03022576
4379.960613 0.97046636 0.02685052
4379.997138 0.98228074 0.02705215
4380.033664 0.98955302 0.02750774
4380.070189 1.02386147 0.02712528
4380.106715 1.01002428 0.02518626
4380.143242 1.02433905 0.03191985
4380.179768 1.01003888 0.02696801
4380.216295 0.99663965 0.02335461
4380.252822 1.01792046 0.02605658
4380.289350 1.05493572 0.02496826
4380.325878 1.04449790 0.02941067
4380.362406 1.02215031 0.02819989
4380.398934 0.97740655 0.02895691
4380.435463 1.03309102 0.03143224
4380.471992 1.01926594 0.02853214
4380.508522 0.93397031 0.02917979
4380.545051 0.99297355 0.02862951
4380.581581 0.98554110 0.02712464
4380.618111 1.01791134 0.02745408
4380.654642 0.97278507 0.03070799
4380.691173 1.02695540 0.03285582
4380.727704 0.98984266 0.02933480
4380.764236 1.00205596 0.02286499
4380.800767 1.01329953 0.02538957
4380.837299 0.96689172 0.02999134
4380.873832 0.98485662 0.03103103
4380.910365 1.01893965 0.03024746
4380.946898 1.03044244 0.02975842
4380.983431 0.98209693 0.02649128
4381.019965 1.03757447 0.02678370
4381.056498 0.98671705 0.02381067
4381.093033 0.98112724 0.02861856
4381.129567 0.99855454 0.02747938
4381.166102 0.99276604 0.02910871
4381.202637 0.96805944 0.02437997
4381.239173 0.99120678 0.02840264
4381.275708 0.98012199 0.02954777
4381.312244 0.95961033 0.03113729
4381.348781 1.00856360 0.02859447
4381.385318 0.98721352 0.02703137
4381.421854 1.01007921 0.02578536
4381.458392 0.97921300 0.02929715
4381.494929 0.99929918 0.02496830
4381.531467 0.98847984 0.02861246
4381.568005 1.01070371 0.02776804
4381.604544 1.01694830 0.02546152
4381.641083 0.97208210 0.02711026
4381.677622 0.97547828 0.02485500
4381.714161 0.98745862 0.02696128
4381.750701 0.97322344 0.02775130
4381.787241 1.00590635 0.02828409
4381.823781 1.01708927 0.02898351
4381.860322 1.01208029 0.03155055
4381.896863 1.02256960 0.02575744
4381.933404 1.02692752 0.02765820
4381.969946 1.00372553 0.02905664
4382.006487 0.97828719 0.02663500
4382.043030 1.00303337 0.02628252
4382.079572 0.97445047 0.02662203
4382.116115 0.99871026 0.02791291
4382.152658 0.99406232 0.02604496
4382.189201 0.96088389 0.02684250
4382.225745 1.01897135 0.02915929
4382.262289 1.01048185 0.02664848
4382.298833 1.03154397 0.02726927
4382.335378 0.99650764 0.02579597
4382.371923 1.02535233 0.02764370
4382.408468 1.00839906 0.02590690
4382.445013 0.99203113 0.02752665
4382.481559 0.99414100 0.02528855
4382.518105 1.03036593 0.02656407
4382.554652 1.05528474 0.02699909
4382.591199 1.04464829 0.02451508
4382.627746 0.99303404 0.02715967
4382.664293 1.01831744 0.02576080
4382.700841 1.02880348 0.02781414
4382.737388 0.99827837 0.03057447
4382.773937 1.01991503 0.02693701
4382.810485 1.01549352 0.02757667
4382.847034 1.03027618 0.02674827
4382.883583 1.03425530 0.02543418
4382.920133 1.03320649 0.02851698
4382.956683 1.02058440 0.02548895
4382.993233 1.00178524 0.02651648
4383.029783 1.00319491 0.02767080
4383.066334 1.00114214 0.02820603
4383.102885 1.01850605 0.02673050
4383.139436 1.03267092 0.03062698
4383.175988 1.03244439 0.03174302
4383.212539 1.01056743 0.02975074
4383.249092 1.01123645 0.02735352
4383.285644 0.99898345 0.02567919
4383.322197 0.98606961 0.02853053
4383.358750 0.97560150 0.02570503
4383.395304 0.99970938 0.03165480
4383.431857 1.01595871 0.02833738
4383.468411 0.99106666 0.02733290
4383.504966 1.01549166 0.02899344
4383.541520 1.01954543 0.02973779
4383.578075 1.03279309 0.03111587
4383.614631 1.00920398 0.03060872
4383.651186 1.06708119 0.02636775
4383.687742 0.94971938 0.02376342
4383.724298 0.98089211 0.02586888
4383.760855 0.96495237 0.02665042
4383.797411 0.94983343 0.02605820
4383.833968 0.97677779 0.02653423
4383.870526 0.98752074 0.02967108
4383.907084 1.00775974 0.02564002
4383.943642 0.99297254 0.03006240
4383.980200 0.94619902 0.02441915
4384.016759 1.01417149 0.02686704
4384.053317 1.01325529 0.02799513
4384.089877 0.97019845 0.02446885
4384.126436 0.95747548 0.02811949
4384.162996 0.95167464 0.02829413
4384.199556 0.97188902 0.03319610
4384.236117 0.99119897 0.03193550
4384.272677 0.98134076 0.03034789
4384.309238 1.00244179 0.02658737
4384.345800 1.00272343 0.02952588
4384.382361 1.00256108 0.02836761
4384.418923 1.03712234 0.02567580
4384.455486 0.99509766 0.02769738
4384.492048 0.99797122 0.02961795
4384.528611 0.96151362 0.03214119
4384.565174 0.98995453 0.02860519
4384.601738 1.00047984 0.02569986
4384.638302 0.99048759 0.02963823
4384.674866 0.96579927 0.02871782
4384.711430 0.99187369 0.02770733
4384.747995 0.99077207 0.02849922
4384.784560 1.01314549 0.02720104
4384.821125 0.96426547 0.02740595
4384.857691 0.97226836 0.02755887
4384.894257 0.97752236 0.02981633
4384.930823 0.99735320 0.02498287
4384.967389 0.96152102 0.02795907
4385.003956 1.01298810 0.02875017
4385.040523 0.97549188 0.02546225
4385.077091 0.97863314 0.02639826
4385.113659 0.97569532 0.02714541
4385.150227 0.96021462 0.02905239
4385.186795 0.93704013 0.02822652
4385.223364 0.91553167 0.02745917
4385.259933 0.96791745 0.02577601
4385.296502 0.96912424 0.02804502
4385.333072 0.94513528 0.02609186
4385.369641 0.98338363 0.03100775
4385.406212 0.93181766 0.02901519
4385.442782 0.99281554 0.03032529
4385.479353 0.94998337 0.02711048
4385.515924 0.92249109 0.02585883
4385.552496 0.96322798 0.02418103
4385.589067 0.96722616 0.02953088
4385.625639 0.89940576 0.02761982
4385.662212 0.94070000 0.02567299
4385.698784 1.02300650 0.02801525
4385.735357 0.94487282 0.02562908
4385.771930 0.94027397 0.03148977
4385.808504 0.93766694 0.02841094
4385.845078 0.94813261 0.02810912
4385.881652 0.94171818 0.02659508
4385.918227 0.96019748 0.02937646
4385.954801 0.94683347 0.03098567
4385.991376 0.91439023 0.02571620
4386.027952 0.94853783 0.03050594
4386.064527 0.92007784 0.02518708
4386.101103 0.93949908 0.02655265
4386.137680 0.92073835 0.02481148
4386.174256 0.88912506 0.02719513
4386.210833 0.91121697 0.02736500
4386.247410 0.91092348 0.02449927
4386.283988 0.90910310 0.02909822
4386.320566 0.91807605 0.02528391
4386.357144 0.90667872 0.02805102
4386.393722 0.87822277 0.02599780
4386.430301 0.86722201 0.02776796
4386.466880 0.87892851 0.02947407
4386.503459 0.84826222 0.02119788
4386.540039 0.88239419 0.02875848
4386.576619 0.83933737 0.02618929
4386.613199 0.92965381 0.02850389
4386.649780 0.86157470 0.02996351
4386.686361 0.80498762 0.02805855
4386.722942 0.76516988 0.02815009
4386.759523 0.81898701 0.02677384
4386.796105 0.82711235 0.02464268
4386.832687 0.86892646 0.03007188
4386.869270 0.86782958 0.03248488
4386.905852 0.85695809 0.02937306
4386.942435 0.82883902 0.02824209
4386.979019 0.79682542 0.02620308
4387.015602 0.75503006 0.02951407
4387.052186 0.80692563 0.03184246
4387.088771 0.86667810 0.02783246
4387.125355 0.83557394 0.02554245
4387.161940 0.83429970 0.02576041
4387.198525 0.77826827 0.02631876
4387.235111 0.80121398 0.02656762
4387.271696 0.81739360 0.02823804
4387.308282 0.77578860 0.02937105
4387.344869 0.71597848 0.02585058
4387.381455 0.76253193 0.03006446
4387.418042 0.78395101 0.02856296
4387.454630 0.80534640 0.02850218
4387.491217 0.73799672 0.02971458
4387.527805 0.76737492 0.02952304
4387.564393 0.75866278 0.02748092
4387.600982 0.74139981 0.01925764
4387.637571 0.74047905 0.02501619
4387.674160 0.76345965 0.02738012
4387.710749 0.76566887 0.03053293
4387.747339 0.76229747 0.02551429
4387.783929 0.75975723 0.03181205
4387.820519 0.73795759 0.02839657
4387.857110 0.78230566 0.02678544
4387.893701 0.80524176 0.02647263
4387.930292 0.77190321 0.02752934
4387.966884 0.73131983 0.02701156
4388.003475 0.77089482 0.02733956
4388.040068 0.75981005 0.02510734
4388.076660 0.81813832 0.03040960
4388.113253 0.81502800 0.02873903
4388.149846 0.76877859 0.02499976
4388.186439 0.76152532 0.02748069
4388.223033 0.76437622 0.02462787
4388.259627 0.77112390 0.02654615
4388.296221 0.77675285 0.02779701
4388.332816 0.83553840 0.03003020
4388.369411 0.79616006 0.02596231
4388.406006 0.71277336 0.02755232
4388.442602 0.78187238 0.02953683
4388.479197 0.83511345 0.02681514
4388.515794 0.82616719 0.02489300
4388.552390 0.78104574 0.02743245
4388.588987 0.78304573 0.02762356
4388.625584 0.80650630 0.02947752
4388.662181 0.82740714 0.02765345
4388.698779 0.80980388 0.02510810
4388.735377 0.81406135 0.02835718
4388.771975 0.79748815 0.02660007
4388.808574 0.81495251 0.02919505
4388.845172 0.81617202 0.02960670
4388.881772 0.82465884 0.02909184
4388.918371 0.82429162 0.02987005
4388.954971 0.81675485 0.02779626
4388.991571 0.84896432 0.02423497
4389.028171 0.83046460 0.02916274
4389.064772 0.83458792 0.02842101
4389.101373 0.85164123 0.02855688
4389.137974 0.85257377 0.02440737
4389.174576 0.79830240 0.02600351
4389.211178 0.84159539 0.02541907
4389.247780 0.83846185 0.02885410
4389.284383 0.88951548 0.02464033
4389.320986 0.90267989 0.02685939
4389.357589 0.87155593 0.02920099
4389.394192 0.83176761 0.02893888
4389.430796 0.87814697 0.02743209
4389.467400 0.88400726 0.02786850
4389.504004 0.87844503 0.02441763
4389.540609 0.88806296 0.02678022
4389.577214 0.89993406 0.03006776
4389.613819 0.91786755 0.02979031
4389.650425 0.91563108 0.02847569
4389.687031 0.86020256 0.02501161
4389.723637 0.89577905 0.02698201
4389.760244 0.91753246 0.02854775
4389.796850 0.91237947 0.03043714
4389.833457 0.90571362 0.02558834
4389.870065 0.87571880 0.02626385
4389.906673 0.94975622 0.03002852
4389.943281 0.92974359 0.02868222
4389.979889 0.93294189 0.02989527
4390.016498 0.96455829 0.02991688
4390.053107 0.93456216 0.02709493
4390.089716 0.92141054 0.02697187
4390.126325 0.93232010 0.02981322
4390.162935 0.93057423 0.02766360
4390.199545 0.90687757 0.02926364
4390.236156 0.91257897 0.02932884
4390.272767 1.01176763 0.02761255
4390.309378 0.97905276 0.03033385
4390.345989 0.99560002 0.02649463
4390.382601 1.03111311 0.02668373
4390.419213 1.00713147 0.02565988
4390.455825 1.00321309 0.02730267
4390.492438 0.95522942 0.02729490
4390.529051 0.97259927 0.02795770
4390.565664 1.00359129 0.02712294
4390.602277 0.99113187 0.02738640
4390.638891 0.96096358 0.02878752
4390.675505 0.93006653 0.02938270
4390.712120 0.95176715 0.02875716
4390.748735 0.95441854 0.03141511
4390.785350 0.96462191 0.03142325
4390.821965 0.94129627 0.03052714
4390.858581 0.96638027 0.02509774
4390.895197 0.96351200 0.02751437
4390.931813 1.00069646 0.02615210
4390.968430 1.00144382 0.02572427
4391.005046 1.01461976 0.02700267
4391.041664 0.97989152 0.02969133
4391.078281 0.98909843 0.02659128
4391.114899 0.98274465 0.02704439
4391.151517 0.97639403 0.02804338
4391.188135 0.95936979 0.02868390
4391.224754 0.98639006 0.02576214
4391.261373 0.91905049 0.02588348
4391.297993 0.96809864 0.02337607
4391.334612 0.99342629 0.02975640
4391.371232 0.96936372 0.02455276
4391.407852 0.97265636 0.02520606
4391.444473 0.98377727 0.02875698
4391.481094 1.00668454 0.02801925
4391.517715 1.00969872 0.02961246
4391.554336 0.98568368 0.02723163
4391.590958 1.01804881 0.02915483
4391.627580 0.96075616 0.02909248
4391.664203 0.96595031 0.02551605
4391.700825 0.95841064 0.02406461
4391.737448 1.00513965 0.03087081
4391.774072 1.00199265 0.02553541
4391.810695 0.96912809 0.02896159
4391.847319 1.00602685 0.02347478
4391.883943 1.03484897 0.02570247
4391.920568 1.04141347 0.02484528
4391.957193 0.97024340 0.02616918
4391.993818 1.01892370 0.02871139
4392.030443 1.01377208 0.02472250
4392.067069 0.94772693 0.02798765
4392.103695 0.99578622 0.03006804
4392.140321 0.96855892 0.02730870
4392.176948 0.99467934 0.02901494
4392.213575 0.99370246 0.02461422
4392.250202 0.93793760 0.02722921
4392.286830 1.01221710 0.02757717
4392.323458 0.99718544 0.02835585
4392.360086 0.99459371 0.02600440
4392.396714 0.97435999 0.02725340
4392.433343 0.97684886 0.02564456
4392.469972 1.02710585 0.02884275
4392.506602 1.03583457 0.02510634
4392.543231 0.94483183 0.02657272
4392.579862 0.98458795 0.03096008
4392.616492 1.05184536 0.02475418
4392.653122 0.94831492 0.02413998
4392.689753 0.98466120 0.02802703
4392.726385 1.01238653 0.03103260
4392.763016 0.99051911 0.02897764
4392.799648 0.98017782 0.02581032
4392.836280 1.01662119 0.02547268
4392.872913 1.01991678 0.02381479
4392.909545 1.00752934 0.02855149
4392.946179 1.02002258 0.02903996
4392.982812 1.00369878 0.02769685
4393.019446 0.99731147 0.02526984
4393.056080 0.98907719 0.02936733
4393.092714 1.00630919 0.03006660
4393.129348 1.04749513 0.02676266
4393.165983 0.98528182 0.02852177
4393.202619 0.98876824 0.02273300
4393.239254 1.00688195 0.02653717
4393.275890 1.03391524 0.02601051
4393.312526 1.01559715 0.03102897
4393.349162 1.02758185 0.02429345
4393.385799 0.99277404 0.02965656
4393.422436 1.04154872 0.02686664
4393.459074 0.97820092 0.02927162
4393.495711 0.96410191 0.02985049
4393.532349 0.97131261 0.02805566
4393.568988 1.00019659 0.02678153
4393.605626 1.01971232 0.02789954
4393.642265 1.03930977 0.02706679
4393.678904 1.01089389 0.02673354
4393.715544 1.01317103 0.02957230
4393.752183 1.01446485 0.02894611
4393.788824 0.99012462 0.02768307
4393.825464 1.03093534 0.02615419
4393.862105 1.00469944 0.02738820
4393.898746 0.96551989 0.02973353
4393.935387 0.97845319 0.02823949
4393.972029 0.99972692 0.02772737
4394.008671 0.99061650 0.02765179
4394.045313 0.97486184 0.02941656
4394.081955 0.98303289 0.02671839
4394.118598 1.01306713 0.02636955
4394.155241 0.99117763 0.02511184
4394.191885 0.97801145 0.02531621
4394.228529 0.96811987 0.02657273
4394.265173 0.99024641 0.02693063
4394.301817 0.98711063 0.02603158
4394.338462 0.97796563 0.02837309
4394.375107 1.01025011 0.02693638
4394.411752 1.03272691 0.02868997
4394.448398 1.02362553 0.02727934
4394.485044 0.98794131 0.02342239
4394.521690 0.95804313 0.02346606
4394.558336 0.99845066 0.02784438
4394.594983 0.94750583 0.02951640
4394.631630 0.95009604 0.02668339
4394.668278 0.94112686 0.02626216
4394.704925 0.97921362 0.02726703
4394.741573 0.98647930 0.02317280
4394.778222 0.99390122 0.02645190
4394.814870 0.97298898 0.02744979
4394.851519 1.00965474 0.02912770
4394.888169 1.00997543 0.02769860
4394.924818 1.02108542 0.02826359
4394.961468 0.98428638 0.02913062
4394.998118 0.98177232 0.02648001
4395.034769 1.01875331 0.02688612
4395.071420 1.00498389 0.02630121
4395.108071 1.01859096 0.02706285
4395.144722 0.98385047 0.03161849
4395.181374 0.96250827 0.02626410
4395.218026 1.00649763 0.02917872
4395.254678 0.94496567 0.02666148
4395.291331 0.95641785 0.02465219
4395.327984 1.01670192 0.02874198
4395.364637 0.97533003 0.02949176
4395.401291 0.99958500 0.02525364
4395.437944 0.96617988 0.02622744
4395.474599 0.98306994 0.02544972
4395.511253 0.98986358 0.02554666
4395.547908 0.97228258 0.03046504
4395.584563 0.97109764 0.02514926
4395.621218 0.99275449 0.02914331
4395.657874 0.97737363 0.02455841
4395.694530 0.97796458 0.02506845
4395.731186 0.96242960 0.02651944
4395.767843 0.93036117 0.02667050
4395.804500 0.98418978 0.02528561
4395.841157 1.00468700 0.02786326
4395.877815 0.99692875 0.02785197
4395.914472 1.00733202 0.02625932
4395.951130 1.00332433 0.02593095
4395.987789 0.98501589 0.02953335
4396.024448 1.02870899 0.02552416
4396.061107 0.97797552 0.02548704
4396.097766 0.98780730 0.02764360
4396.134426 1.03884449 0.02585515
4396.171086 1.03483867 0.02745676
4396.207746 1.00902636 0.02683111
4396.244407 0.96674957 0.03043146
4396.281067 0.97496401 0.02741811
4396.317729 1.00055456 0.02818486
4396.354390 0.99036660 0.02892373
4396.391052 0.99504034 0.03132913
4396.427714 0.94920765 0.02494998
4396.464376 0.99194426 0.02504979
4396.501039 0.97522411 0.02879799
4396.537702 0.99045303 0.03010084
4396.574366 0.97948261 0.02517983
4396.611029 0.94340230 0.02617739
4396.647693 0.98428524 0.02662717
4396.684357 0.96170036 0.02593739
4396.721022 0.99147145 0.02731099
4396.757687 1.00803500 0.03013718
4396.794352 0.99959272 0.02899174
4396.831017 1.00449389 0.02946938
4396.867683 0.98600131 0.02888788
4396.904349 0.99732053 0.02829995
4396.941016 1.02351595 0.02584322
4396.977682 1.00304734 0.02713907
4397.014349 0.95619603 0.02625600
4397.051017 0.97189258 0.02610999
4397.087684 0.97433634 0.02830737
4397.124352 1.01591206 0.02925923
4397.161020 0.97818076 0.02785794
4397.197689 1.00434748 0.02938566
4397.234358 0.98404790 0.02507353
4397.271027 0.97959425 0.02463940
4397.307696 0.99196477 0.02955157
4397.344366 0.97788511 0.02715247
4397.381036 0.98567243 0.02812022
4397.417707 1.01865006 0.02620559
4397.454377 1.05964458 0.02681034
4397.491048 1.06897353 0.02503026
4397.527719 0.98936497 0.02749736
4397.564391 0.98694241 0.02833600
4397.601063 1.02928311 0.02867719
4397.637735 0.96835587 0.02871036
4397.674408 0.98768391 0.02818696
4397.711080 1.02573624 0.02806370
4397.747754 1.00828401 0.02335318
4397.784427 1.00250253 0.02714544
4397.821101 1.05580428 0.02620201
4397.857775 1.02161683 0.02748543
4397.894449 1.03308870 0.02225629
4397.931124 0.99903491 0.03059320
4397.967799 1.02315188 0.02639896
4398.004474 1.03140095 0.02542984
4398.041150 1.02849570 0.02595824
4398.077825 1.00768706 0.02893025
4398.114502 0.95527391 0.03061968
4398.151178 1.02515818 0.03056491
4398.187855 0.99135674 0.02620449
4398.224532 1.02134400 0.02838798
4398.261209 0.98904257 0.02537301
4398.297887 1.01930357 0.02625735
4398.334565 1.01957641 0.02609372
4398.371243 1.02080600 0.02495016
4398.407922 1.02569627 0.03077061
4398.444601 1.01892404 0.03196301
4398.481280 1.02947133 0.02683267
4398.517960 0.99041028 0.02944164
4398.554639 1.00946082 0.02517907
4398.591320 1.02518594 0.02618709
4398.628000 1.02588416 0.02468866
4398.664681 1.00224881 0.02325262
4398.701362 0.99988056 0.02683825
4398.738043 0.99676169 0.02525369
4398.774725 1.02043656 0.02741501
4398.811407 1.06933407 0.02596939
4398.848089 1.04504071 0.02291509
4398.884772 1.07900596 0.02705833
4398.921455 0.99740741 0.02282936
4398.958138 0.96280562 0.02762625
4398.994821 1.02677709 0.03001553
4399.031505 1.00254853 0.02928324
4399.068189 1.01998103 0.02874449
4399.104874 1.04603206 0.02724164
4399.141559 1.02996716 0.02395441
4399.178244 1.00955607 0.02695634
4399.214929 0.96073874 0.02737072
4399.251615 0.95867129 0.02747395
4399.288301 0.98798259 0.02716587
4399.324987 0.96448914 0.02658208
4399.361673 0.98818811 0.02746705
4399.398360 1.02262770 0.02710735
4399.435048 1.02147337 0.02612595
4399.471735 1.00304450 0.02875357
4399.508423 0.99769753 0.02627861
4399.545111 1.00389539 0.02850893
4399.581799 1.00208393 0.03027578
4399.618488 1.01572908 0.02567327
4399.655177 1.02660735 0.02633215
4399.691866 1.04230358 0.02428876
4399.728556 0.99841191 0.02494045
4399.765246 1.02480770 0.02886194
4399.801936 1.01028879 0.02417803
4399.838627 1.02119994 0.02647539
4399.875318 1.00509595 0.02639422
4399.912009 0.99319008 0.02914233
4399.948700 1.04108184 0.02415278
4399.985392 1.00371016 0.02727638
4400.022084 0.98630929 0.02634390
4400.058777 0.98928437 0.02723109
4400.095469 0.98182632 0.02711712
4400.132162 1.03671253 0.02377339
4400.168856 1.01551429 0.02815547
4400.205549 1.00052310 0.02688123
4400.242243 1.04853748 0.02555961
4400.278937 1.02629012 0.02876338
4400.315632 1.01478829 0.02615197
4400.352327 0.97583806 0.02624699
4400.389022 1.01802486 0.02458853
4400.425717 1.02592940 0.02718319
4400.462413 0.98498940 0.02613818
4400.499109 1.01243537 0.02957013
4400.535805 0.98963286 0.03028879
4400.572502 1.01874555 0.02606137
4400.609199 1.08165974 0.03067368
4400.645896 1.04501391 0.02464593
4400.682594 1.06114336 0.02314743
4400.719292 1.05836880 0.02517312
4400.755990 1.02110493 0.02646637
4400.792689 0.98752488 0.02950833
4400.829387 1.00317756 0.03015015
4400.866086 0.95531600 0.02652814
4400.902786 0.99075375 0.02697826
4400.939486 0.98616564 0.02934549
4400.976186 0.98790977 0.02446868
4401.012886 0.95214750 0.02277119
4401.049587 0.99193553 0.02484192
4401.086288 1.01136822 0.02745329
4401.122989 1.03903721 0.02390111
4401.159690 1.04032128 0.02806630
4401.196392 1.00884804 0.02835097
4401.233094 0.99356080 0.02834506
4401.269797 1.04084530 0.02787936
4401.306500 1.04800005 0.02335173
4401.343203 1.04162442 0.02544648
4401.379906 1.06823254 0.02647342
4401.416610 1.01659282 0.02249654
4401.453314 1.05819413 0.02684623
4401.490018 1.04142447 0.02874586
4401.526723 1.04320624 0.02734893
4401.563428 0.98931965 0.02619045
4401.600133 0.98069101 0.02454462
4401.636839 0.99648308 0.02859945
4401.673545 1.01700644 0.02760852
4401.710251 1.04722868 0.02486888
4401.746957 1.01570795 0.02482522
4401.783664 1.02712949 0.02653936
4401.820371 1.02590235 0.02662934
4401.857078 1.03186959 0.02565787
4401.893786 1.04637263 0.02519287
4401.930494 0.98963207 0.02590484
4401.967202 1.00593041 0.02516836
4402.003911 1.04603739 0.02342441
4402.040620 1.01873744 0.02886795
4402.077329 0.99201799 0.03055854
4402.114039 1.01556512 0.02823284
4402.150748 0.98190755 0.02456934
4402.187459 0.99122271 0.02494981
4402.224169 1.00686573 0.02357764
4402.260880 0.99638672 0.02770439
4402.297591 0.96272540 0.02911700
4402.334302 1.00052697 0.02911490
4402.371014 0.99760698 0.02661629
4402.407726 1.06584373 0.02626628
4402.444438 1.02107150 0.02910022
4402.481151 1.02068343 0.02884757
4402.517864 1.00052100 0.02506799
4402.554577 1.03812418 0.02806210
4402.591290 1.03427908 0.02408469
4402.628004 0.95604427 0.02742648
4402.664718 0.98191860 0.02525840
4402.701433 0.97545566 0.02805716
4402.738147 0.99888939 0.02664963
4402.774862 1.02156403 0.02877914
4402.811578 1.01765148 0.02827797
4402.848293 1.00943689 0.02782810
4402.885009 1.02060470 0.02903672
4402.921726 1.00646465 0.02762194
4402.958442 1.02317451 0.02898090
4402.995159 0.97997954 0.02692340
4403.031876 1.00979682 0.02806447
4403.068594 0.96779618 0.03082443
4403.105312 1.01426668 0.03045180
4403.142030 1.00669555 0.02819100
4403.178748 0.99933490 0.02645220
4403.215467 0.99809544 0.02689921
4403.252186 1.02150043 0.02647064
4403.288905 1.00750527 0.02601158
4403.325625 1.00900904 0.02823571
4403.362345 0.99218182 0.02906857
4403.399065 1.02168713 0.02507002
4403.435785 1.02009539 0.02671018
4403.472506 1.05357364 0.02455875
4403.509228 1.02309900 0.02659917
4403.545949 1.04572778 0.02675274
4403.582671 1.02403611 0.02945804
4403.619393 1.01038220 0.02870018
4403.656115 0.98682646 0.02754057
4403.692838 0.98960816 0.02656792
4403.729561 1.01550834 0.02566828
4403.766284 0.99161057 0.02507740
4403.803008 0.98152042 0.02668368
4403.839732 1.00427746 0.02768241
4403.876456 1.02695911 0.02961296
4403.913180 1.00968240 0.02896842
4403.949905 1.00598515 0.02328109
4403.986630 1.03919993 0.02681059
4404.023356 1.00203159 0.02524760
4404.060082 1.00202988 0.02445916
4404.096808 1.05400189 0.02620074
4404.133534 1.01736544 0.03039903
4404.170261 0.96311771 0.02902422
4404.206988 0.96728485 0.02842335
4404.243715 0.93839635 0.02631460
4404.280443 1.00687934 0.02823205
4404.317171 1.01144870 0.02699743
4404.353899 0.98864872 0.02975934
4404.390627 1.02888082 0.02652883
4404.427356 1.01963338 0.02716771
4404.464085 1.05812271 0.02154303
4404.500815 1.01178261 0.02685567
4404.537544 0.98924448 0.02782935
4404.574274 1.02583982 0.02349643
4404.611005 0.99995270 0.02697283
4404.647735 0.98849889 0.02912087
4404.684466 0.99359955 0.02737248
4404.721198 1.03332294 0.02965221
4404.757929 1.02199270 0.02666226
4404.794661 1.02432153 0.02572809
4404.831393 1.03650447 0.02414272
4404.868126 0.97060779 0.02705976
4404.904859 1.01618090 0.02520336
4404.941592 1.01022705 0.02634267
4404.978325 0.98877020 0.02632659
4405.015059 1.02154433 0.02925181
4405.051793 1.00732025 0.03157972
4405.088527 1.01096789 0.02664036
4405.125262 1.01127007 0.03156979
4405.161997 1.03051535 0.02311920
4405.198732 1.05289806 0.02289525
4405.235468 1.04108814 0.02360097
4405.272203 1.00817329 0.02533753
4405.308940 1.00722698 0.02262548
4405.345676 0.96631294 0.02697213
4405.382413 1.03508642 0.02530852
4405.419150 1.04829358 0.02365084
4405.455887 1.02515375 0.02791310
4405.492625 0.98548551 0.02887566
4405.529363 0.98956940 0.02793628
4405.566101 1.02882283 0.02850629
4405.602840 0.98998076 0.02617599
4405.639579 1.03170965 0.02620869
4405.676318 1.04944628 0.02643253
4405.713058 1.03389626 0.02503512
4405.749798 1.02554127 0.02787721
4405.786538 1.01878911 0.02253918
4405.823278 0.98842669 0.02743258
4405.860019 0.97365254 0.02717046
4405.896760 0.96355340 0.03146787
4405.933501 0.96749841 0.02834610
4405.970243 1.00080676 0.03170134
4406.006985 1.05018828 0.02863035
4406.043727 1.06158419 0.02488491
4406.080470 1.04658342 0.02554855
4406.117213 1.02044694 0.02877386
4406.153956 0.98471383 0.02652320
4406.190700 1.00763023 0.02693443
4406.227443 1.00288082 0.02546102
4406.264188 1.02895510 0.03057453
4406.300932 1.01395384 0.02560099
4406.337677 0.96851694 0.02645482
4406.374422 1.03943126 0.02439485
4406.411167 1.00768133 0.02606627
4406.447913 1.02968659 0.02342337
4406.484659 0.99239886 0.02870008
4406.521405 1.03390825 0.02913710
4406.558152 1.05235154 0.02417845
4406.594899 1.03372604 0.02678575
4406.631646 1.01521296 0.02704467
4406.668393 1.04198277 0.02437201
4406.705141 0.96449614 0.02775197
4406.741889 0.97739187 0.03065548
4406.778638 0.96310457 0.02642198
4406.815386 1.01763596 0.02778599
4406.852135 1.02816260 0.02714901
4406.888885 1.01041806 0.02560350
4406.925634 1.04126952 0.02746107
4406.962384 1.01002083 0.03016677
4406.999135 1.00580252 0.02762942
4407.035885 1.01035392 0.02926508
4407.072636 1.00743918 0.02866111
4407.109387 1.01070845 0.02563851
4407.146139 1.03869619 0.02758365
4407.182890 1.01400770 0.02697464
4407.219643 1.01473757 0.02751932
4407.256395 0.98712807 0.02967978
4407.293148 1.00552906 0.02530942
4407.329901 0.99173161 0.02280031
4407.366654 1.04328913 0.02585902
4407.403408 1.06531357 0.02464845
4407.440162 1.05281686 0.02312492
4407.476916 1.08044751 0.03440490
4407.513670 1.01537780 0.02792217
4407.550425 1.04066916 0.02380449
4407.587180 1.08534672 0.03133089
4407.623936 1.03535811 0.02800708
4407.660692 0.98785869 0.02680074
4407.697448 1.01571493 0.02523934
4407.734204 1.01052707 0.02603544
4407.770961 1.00296983 0.02744742
4407.807718 0.98615089 0.02765332
4407.844475 1.01748129 0.02617986
4407.881233 1.01582252 0.02709188
4407.917991 1.08157931 0.03216012
4407.954749 1.04882633 0.02554189
4407.991508 1.00806315 0.02812042
4408.028266 1.01009544 0.02792611
4408.065026 1.03473162 0.02606878
4408.101785 1.00072902 0.02371360
4408.138545 0.99624794 0.02722598
4408.175305 0.97764623 0.02729401
4408.212065 0.99752441 0.02429708
4408.248826 0.95895461 0.02674383
4408.285587 0.96551384 0.02657764
4408.322348 0.98075571 0.02871328
4408.359110 1.02541982 0.02632288
4408.395872 0.98936670 0.02565708
4408.432634 1.02860945 0.02261481
4408.469396 1.03381472 0.02888156
4408.506159 1.03750781 0.02791348
4408.542922 1.01559348 0.02819584
4408.579686 0.95174625 0.02881497
4408.616450 0.97292601 0.02424051
4408.653214 1.00660788 0.02544980
4408.689978 0.99042838 0.02947371
4408.726743 1.00386896 0.02729954
4408.763508 1.02941651 0.02680523
4408.800273 1.01845108 0.02571530
4408.837039 1.00240647 0.02640594
4408.873804 1.03549789 0.02738487
4408.910571 1.00803788 0.02517841
4408.947337 1.00004512 0.02692578
4408.984104 1.01047404 0.02828159
4409.020871 1.00338703 0.02747650
4409.057639 0.96502410 0.02783429
4409.094406 0.99608687 0.02995725
4409.131174 1.01088225 0.02893731
4409.167943 1.00270221 0.02505095
4409.204711 1.01153510 0.02808387
4409.241480 1.04684190 0.02614740
4409.278250 1.02414673 0.02819657
4409.315019 0.97326413 0.02944569
4409.351789 1.01144099 0.02688425
4409.388559 1.03473278 0.02415476
4409.425330 1.03543343 0.02608655
4409.462100 1.01748776 0.02799652
4409.498872 0.99885970 0.02742978
4409.535643 1.02004339 0.02874272
4409.572415 0.98246366 0.02848193
4409.609187 1.04423218 0.02403473
4409.645959 1.01860809 0.02506421
4409.682732 1.00967397 0.02659856
4409.719505 0.95551228 0.02564950
4409.756278 0.96862648 0.02448403
4409.793052 1.05651568 0.02277343
4409.829825 1.00671926 0.02662473
4409.866600 0.98175590 0.02765735
4409.903374 1.04266510 0.02600137
4409.940149 1.04594275 0.02394360
4409.976924 1.04583409 0.02794463
4410.013699 1.01294332 0.02975095
4410.050475 0.98307600 0.02731575
4410.087251 1.02354088 0.02775782
4410.124027 1.03409071 0.02533549
4410.160804 0.99376498 0.03044890
4410.197581 1.04422097 0.02549661
4410.234358 1.01927206 0.02334312
4410.271136 0.98111641 0.03037743
4410.307914 1.02329162 0.02222917
4410.344692 0.99164241 0.03042227
4410.381470 0.99053524 0.03205701
4410.418249 1.01678809 0.02582016
4410.455028 1.00138192 0.02818859
4410.491807 1.00524722 0.02595900
4410.528587 0.94050391 0.02673100
4410.565367 1.00403791 0.02433978
4410.602147 0.99709927 0.02664516
4410.638928 0.99434099 0.02844988
4410.675709 1.04653937 0.02548917
4410.712490 1.01722041 0.02712542
4410.749272 1.01665046 0.02775433
4410.786054 0.96562651 0.02600991
4410.822836 0.98829254 0.02743462
4410.859618 0.99559471 0.02625429
4410.896401 1.03292919 0.02864906
4410.933184 0.97234578 0.02678541
4410.969967 1.00673495 0.02515628
4411.006751 1.07530037 0.02796458
4411.043535 1.06335197 0.02868251
4411.080319 0.99747787 0.02782379
4411.117104 0.97989149 0.02905777
4411.153889 1.00123542 0.02611850
4411.190674 1.00286898 0.02825562
4411.227460 1.03714779 0.02606519
4411.264245 1.03470584 0.02762947
4411.301032 1.04794295 0.02480450
4411.337818 1.02020473 0.02286835
4411.374605 1.01337496 0.02524761
4411.411392 1.04109539 0.02582176
4411.448179 0.99609036 0.02557574
4411.484967 1.00373230 0.02659192
4411.521755 1.02573804 0.02735164
4411.558543 1.00583952 0.02757796
4411.595332 1.03236255 0.02626508
4411.632121 1.02560422 0.02640616
4411.668910 0.99344541 0.02575864
4411.705699 0.97156514 0.02487809
4411.742489 1.00936641 0.02593564
4411.779279 1.01397389 0.02791828
4411.816070 1.02123529 0.02815473
4411.852861 0.99133566 0.02501636
4411.889652 1.02251545 0.02813415
4411.926443 0.95751063 0.02669139
4411.963235 1.05031527 0.02291280
4412.000027 1.08321537 0.03040395
4412.036819 1.02816215 0.02434229
4412.073611 1.04179402 0.02502734
4412.110404 1.05782392 0.02749466
4412.147197 1.03356840 0.02556913
4412.183991 0.99794647 0.02633902
4412.220785 1.00340328 0.02898442
4412.257579 0.98875938 0.02845962
4412.294373 1.02428118 0.02628250
4412.331168 1.00672644 0.02681779
4412.367963 1.01837950 0.02630600
4412.404758 1.02619733 0.02849522
4412.441554 0.99641976 0.02731747
4412.478350 0.99640853 0.02845575
4412.515146 1.02273969 0.02578430
4412.551943 1.00275703 0.02827992
4412.588740 1.01202716 0.02877027
4412.625537 0.99195522 0.02774888
4412.662334 1.02968013 0.02331621
4412.699132 1.00757533 0.02502587
4412.735930 1.05427681 0.02916302
4412.772729 1.02457046 0.02479588
4412.809527 1.02651997 0.02714693
4412.846326 1.03794111 0.02297689
4412.883126 1.01351881 0.02553556
4412.919925 1.00086548 0.02451877
4412.956725 1.00014700 0.02521212
4412.993526 1.02924314 0.02551070
4413.030326 0.98235929 0.02524666
4413.067127 1.04222443 0.02907113
4413.103928 0.99426627 0.02872421
4413.140730 0.99205355 0.02761367
4413.177531 0.99388187 0.02546117
4413.214334 0.99211289 0.02996663
4413.251136 1.00274929 0.02553173
4413.287939 0.99682029 0.02877400
4413.324742 1.04909983 0.02417839
4413.361545 0.97767159 0.02724367
4413.398349 1.00734436 0.02391719
4413.435153 0.96191719 0.02608659
4413.471957 0.97479133 0.02720258
4413.508761 0.97054351 0.02465623
4413.545566 0.99437630 0.02279834
4413.582371 1.01074024 0.02652188
4413.619177 0.99021767 0.02753557
4413.655983 0.99787459 0.03083459
4413.692789 0.97599510 0.02670202
4413.729595 0.96923082 0.02803025
4413.766402 0.96434489 0.02574651
4413.803209 0.93439184 0.02462839
4413.840016 0.94072163 0.02510396
4413.876824 0.96896566 0.02537046
4413.913632 0.97872370 0.02563733
4413.950440 0.95381503 0.02822186
4413.987248 0.94329585 0.02814911
4414.024057 0.94044907 0.02629089
4414.060866 0.93947751 0.02679192
4414.097676 0.98094563 0.02741418
4414.134486 0.96864205 0.02763545
4414.171296 1.00352900 0.02992114
4414.208106 0.98705061 0.02602901
4414.244917 0.94605672 0.03008683
4414.281728 0.91847471 0.02615424
4414.318539 0.95769867 0.02768633
4414.355351 0.95143187 0.02576415
4414.392163 0.94505268 0.02671530
4414.428975 0.94929966 0.03251221
4414.465787 0.95218229 0.02628449
4414.502600 0.96415060 0.02805353
4414.539413 0.95757539 0.02573631
4414.576227 0.96388276 0.02942748
4414.613041 0.94032877 0.02569135
4414.649855 0.92526607 0.02393932
4414.686669 0.91242079 0.02565551
4414.723484 0.95727039 0.02762473
4414.760299 0.90536116 0.02548482
4414.797114 0.93500898 0.02522153
4414.833930 0.92378381 0.02768321
4414.870745 0.89177021 0.02622168
4414.907562 0.92465844 0.02925014
4414.944378 0.95548858 0.02698215
4414.981195 0.95830803 0.02903528
4415.018012 0.95378456 0.02949106
4415.054830 0.93609554 0.02572412
4415.091647 0.94619828 0.02733061
4415.128465 0.95644888 0.02615526
4415.165284 0.93367788 0.02703767
4415.202102 0.93035925 0.02809857
4415.238921 0.90161278 0.02723732
4415.275741 0.90655658 0.03057186
4415.312560 0.94139246 0.02946147
4415.349380 0.96282149 0.02361526
4415.386200 0.97676549 0.02694775
4415.423021 0.94495008 0.02689661
4415.459842 0.95376945 0.02570858
4415.496663 0.91410726 0.02795185
4415.533484 0.95105444 0.03043693
4415.570306 0.98193047 0.02467117
4415.607128 0.90080311 0.02714280
4415.643950 0.91465617 0.03000628
4415.680773 0.90774256 0.02773814
4415.717596 0.89609738 0.02561045
4415.754419 0.90215517 0.02817942
4415.791243 0.95959331 0.02584774
4415.828067 0.92291897 0.02580988
4415.864891 0.92787038 0.02692648
4415.901715 0.92647109 0.02553747
4415.938540 0.91358032 0.03014321
4415.975365 0.88318565 0.02850710
4416.012191 0.95106268 0.02712892
4416.049017 0.90499779 0.02757551
4416.085843 0.93472054 0.02359397
4416.122669 0.88701971 0.02770462
4416.159496 0.91330240 0.02530330
4416.196323 0.90113726 0.02981083
4416.233150 0.91350390 0.02476652
4416.269977 0.95091190 0.02488759
4416.306805 0.95161137 0.02485092
4416.343633 0.94687274 0.02459758
4416.380462 0.93795805 0.02748901
4416.417291 0.93627092 0.02726049
4416.454120 0.94659546 0.02851635
4416.490949 0.96095717 0.02737556
4416.527779 0.95228401 0.02887732
4416.564609 0.97601723 0.02828824
4416.601439 0.96377718 0.02607357
4416.638270 0.96050297 0.02730376
4416.675101 0.95317404 0.02509192
4416.711932 0.93949547 0.02667845
4416.748764 0.96975097 0.02970495
4416.785596 0.97017745 0.02477343
4416.822428 0.97182897 0.02787541
4416.859260 0.97971888 0.02915790
4416.896093 0.92367821 0.02772762
4416.932926 0.93526030 0.02627214
4416.969760 0.94207926 0.02405561
4417.006593 0.93700872 0.02573750
4417.043427 0.95707067 0.02666181
4417.080262 0.94591381 0.02770236
4417.117096 0.96098065 0.02611451
4417.153931 0.94232044 0.02682208
4417.190767 0.91889145 0.02883856
4417.227602 0.96369811 0.02814164
4417.264438 0.96680331 0.02710494
4417.301274 0.91078846 0.02776862
4417.338111 0.91634624 0.03261231
4417.374947 0.94833668 0.03604882
4417.411784 0.99544336 0.02691080
4417.448622 0.97236139 0.02870756
4417.485460 0.94597308 0.03006089
4417.522298 0.91822136 0.02510240
4417.559136 1.01839388 0.03026381
4417.595975 0.98824755 0.02656241
4417.632814 0.95039890 0.02629598
4417.669653 0.94530903 0.02616511
4417.706492 0.98142141 0.02602228
4417.743332 0.99609956 0.02770554
4417.780172 0.98565300 0.02745799
4417.817013 0.94855993 0.02802916
4417.853854 0.93708003 0.02511516
4417.890695 0.97086386 0.02626954
4417.927536 0.95581341 0.02544568
4417.964378 0.99147057 0.02669047
4418.001220 0.96335542 0.02639705
4418.038062 0.99486636 0.02551802
4418.074905 0.97464603 0.02664187
4418.111748 0.97221010 0.03075697
4418.148591 0.96440966 0.03190018
4418.185434 0.96736384 0.02866040
4418.222278 0.96426704 0.02675613
4418.259122 0.99296014 0.02560583
4418.295967 0.97779467 0.02981043
4418.332812 0.95816379 0.02793054
4418.369657 0.95234672 0.02649472
4418.406502 0.96338311 0.02634013
4418.443348 0.92231961 0.02920780
4418.480194 0.97166331 0.02827594
4418.517040 0.95911441 0.02468774
4418.553887 0.98248087 0.02656733
4418.590734 0.99981155 0.02688091
4418.627581 0.97584767 0.02752476
4418.664429 0.97846262 0.02609439
4418.701276 0.96636180 0.02708091
4418.738125 0.94179339 0.02524659
4418.774973 0.97934983 0.02775731
4418.811822 0.93309260 0.02652821
4418.848671 0.97692473 0.02870110
4418.885520 0.97577632 0.02673571
4418.922370 0.97600643 0.02605902
4418.959220 1.02530316 0.02581372
4418.996070 1.01117447 0.02744820
4419.032921 1.03215824 0.02904655
4419.069772 1.00076338 0.02700089
4419.106623 0.98053947 0.02934378
4419.143475 0.97154018 0.03067902
4419.180326 1.00610402 0.02807210
4419.217179 0.98695609 0.03004778
4419.254031 0.98586256 0.02914457
4419.290884 0.97234534 0.02957302
4419.327737 0.94592438 0.02824537
4419.364590 0.93550720 0.02204744
4419.401444 0.97870400 0.02421503
4419.438298 0.97434852 0.02925925
4419.475152 0.99679720 0.02765686
4419.512007 0.99025688 0.02469074
4419.548862 0.98054789 0.02859472
4419.585717 0.95506490 0.02564038
4419.622572 0.97392339 0.02483184
4419.659428 0.94766430 0.02463467
4419.696284 0.98351101 0.02512517
4419.733141 0.97288814 0.02774527
4419.769998 0.93735046 0.03016401
4419.806855 0.92145868 0.02905466
4419.843712 0.98562836 0.03015734
4419.880570 1.00862592 0.02771819
4419.917428 0.96149181 0.02517568
4419.954286 0.97866269 0.02476467
4419.991145 0.99673089 0.02663372
4420.028004 0.95096358 0.02724093
4420.064863 0.97623723 0.02621791
4420.101722 0.92948589 0.02690000
4420.138582 0.91129426 0.03187405
4420.175442 0.94329830 0.02654065
4420.212303 1.01417187 0.02764315
4420.249164 0.94629269 0.02834513
4420.286025 0.95639788 0.02573231
4420.322886 0.98994737 0.02527129
4420.359748 0.99243384 0.02712230
4420.396610 0.99583805 0.02673397
4420.433472 0.97352110 0.02675468
4420.470335 0.99143059 0.02407606
4420.507197 0.97875282 0.02826826
4420.544061 1.00373751 0.02760323
4420.580924 0.96657565 0.02947563
4420.617788 0.97888106 0.02827157
4420.654652 0.98550985 0.02646989
4420.691517 0.96484217 0.02482747
4420.728381 1.02071453 0.02686602
4420.765246 0.99642504 0.03058357
4420.802112 1.00597020 0.02965025
4420.838977 1.01155829 0.02662821
4420.875843 0.98660710 0.02863503
4420.912710 0.95083152 0.02596485
4420.949576 0.97786166 0.02822447
4420.986443 0.95182019 0.02602491
4421.023310 1.00257035 0.02711324
4421.060178 1.01689337 0.02478130
4421.097046 0.98340025 0.02947833
4421.133914 1.01787584 0.02582553
4421.170782 1.02490684 0.02790855
4421.207651 0.98311984 0.02569624
4421.244520 0.98667097 0.02811850
4421.281390 0.99838127 0.02845881
4421.318259 0.99952095 0.02811074
4421.355129 1.01100199 0.02878589
4421.391999 1.00986920 0.02387422
4421.428870 0.98642525 0.02725488
4421.465741 1.01651403 0.02309287
4421.502612 1.00072104 0.02270415
4421.539484 0.98834268 0.03096960
4421.576356 0.99429075 0.03147167
4421.613228 1.02515090 0.02724160
4421.650100 1.00360978 0.03033590
4421.686973 1.02059181 0.02702776
4421.723846 0.95438875 0.02819336
4421.760719 0.97577696 0.02489586
4421.797593 1.00179610 0.02883224
4421.834467 1.00284915 0.02534349
4421.871341 0.99670663 0.03054667
4421.908216 0.97416440 0.02767537
4421.945091 1.00211241 0.02721598
4421.981966 0.98913205 0.02593820
4422.018841 1.04199139 0.02644072
4422.055717 1.01568022 0.02445395
4422.092593 1.01592447 0.02341980
4422.129470 1.02023425 0.02456286
4422.166347 1.02646430 0.02570985
4422.203224 0.99722822 0.02859648
4422.240101 0.99258929 0.02835592
4422.276979 0.98861088 0.02723210
4422.313857 1.01696209 0.02854806
4422.350735 1.01160507 0.02799713
4422.387613 0.95501923 0.02808938
4422.424492 0.98514202 0.02484564
4422.461372 1.00561224 0.02605262
4422.498251 1.01360280 0.02944726
4422.535131 0.99502769 0.02356215
4422.572011 1.00251544 0.02690938
4422.608891 0.98264186 0.02697756
4422.645772 0.96997098 0.03006094
4422.682653 0.95896959 0.02718238
4422.719535 0.97482178 0.02571282
4422.756416 1.01044071 0.02538466
4422.793298 1.00669471 0.02599658
4422.830180 0.91993271 0.02604859
4422.867063 0.98494283 0.02629197
4422.903946 1.03296968 0.02454509
4422.940829 1.00257576 0.02801596
4422.977713 1.00847820 0.02839150
4423.014597 0.98479037 0.02287857
4423.051481 1.02545427 0.02738479
4423.088365 1.06601699 0.02831605
4423.125250 1.04975673 0.02373707
4423.162135 1.05453274 0.02510453
4423.199020 1.00324041 0.02595350
4423.235906 1.01990728 0.02920339
4423.272792 0.97723281 0.02557124
4423.309678 0.94424027 0.02533008
4423.346565 0.97622069 0.02816288
4423.383452 1.00529502 0.02903547
4423.420339 1.02039339 0.03065548
4423.457226 1.00847773 0.02562733
4423.494114 1.04223540 0.02694908
4423.531002 0.98148822 0.02769179
4423.567891 0.97430653 0.02662539
4423.604779 1.00151662 0.02666916
4423.641668 1.05212287 0.02475389
4423.678558 1.00359725 0.02355957
4423.715447 1.00649288 0.02806837
4423.752337 0.97288556 0.02902429
4423.789228 0.96822863 0.02697556
4423.826118 1.02255539 0.02708817
4423.863009 1.01338054 0.02695623
4423.899900 0.98732755 0.02690831
4423.936792 0.98111767 0.02529117
4423.973684 0.99074812 0.03024941
4424.010576 0.99468456 0.02873830
4424.047468 1.03753675 0.02778724
4424.084361 1.04343406 0.02641720
4424.121254 1.01921246 0.02861095
4424.158147 1.00946058 0.02505068
4424.195041 0.99016374 0.02428798
4424.231935 1.00504443 0.02714031
4424.268829 0.97625356 0.02767403
4424.305724 0.97895722 0.02574691
4424.342619 0.99100429 0.02920305
4424.379514 1.01581387 0.02822106
4424.416410 0.97531979 0.02448975
4424.453305 0.98416690 0.02506501
4424.490201 1.01002410 0.02470928
4424.527098 1.04652422 0.02563203
4424.563995 1.02827407 0.02764600
4424.600892 0.97031192 0.02731110
4424.637789 0.94759368 0.02631851
4424.674687 1.04187524 0.02576734
4424.711585 0.99449754 0.03100112
4424.748483 0.99812521 0.02906984
4424.785382 0.98565414 0.02600821
4424.822280 0.99660071 0.02820325
4424.859180 1.02405625 0.02940223
4424.896079 1.02013672 0.02710837
4424.932979 1.01043987 0.02495079
4424.969879 0.98612679 0.02497284
4425.006779 0.96970774 0.02784258
4425.043680 1.02753988 0.02432016
4425.080581 1.01704099 0.02667058
4425.117483 0.98380380 0.02454868
4425.154384 0.96962491 0.02733159
4425.191286 0.98516681 0.02747195
4425.228189 0.98286898 0.02678264
4425.265091 1.01810345 0.02707667
4425.301994 1.01294567 0.02649338
4425.338897 0.99640239 0.02628752
4425.375801 1.00718209 0.02520132
4425.412705 0.97931415 0.02813419
4425.449609 0.94581693 0.02797330
4425.486513 0.97547297 0.02293506
4425.523418 0.98974685 0.02194545
4425.560323 0.97903095 0.02778530
4425.597228 1.01021761 0.02873022
4425.634134 1.06736158 0.02412030
4425.671040 1.05302653 0.02448753
4425.707946 1.04177664 0.02730561
4425.744853 1.06381717 0.02874225
4425.781760 1.03884553 0.02533980
4425.818667 1.01304892 0.02930028
4425.855574 0.99469203 0.02783324
4425.892482 1.03369610 0.02812826
4425.929390 1.02195655 0.02593568
4425.966299 0.95218998 0.02766321
4426.003207 0.98676206 0.02526224
4426.040116 0.95942207 0.02558811
4426.077026 0.97522201 0.02837487
4426.113936 1.03095635 0.02513028
4426.150845 0.98341391 0.02382899
4426.187756 0.99610251 0.02959639
4426.224666 0.98704578 0.02819059
4426.261577 1.03747219 0.02664041
4426.298488 1.01919250 0.03035594
4426.335400 1.00161012 0.02705137
4426.372312 0.94560959 0.02555865
4426.409224 0.95068217 0.02596293
4426.446136 0.95488303 0.02635504
4426.483049 1.02300875 0.02617817
4426.519962 0.98982179 0.02588410
4426.556875 1.00459140 0.02507798
4426.593789 1.03936224 0.02189914
4426.630703 0.99691659 0.02403072
4426.667617 1.00142593 0.02705825
4426.704532 1.01939208 0.02579696
4426.741447 1.02474848 0.02571075
4426.778362 0.99385484 0.02607342
4426.815278 0.99390326 0.02933589
4426.852193 0.97195056 0.02770245
4426.889110 1.01120870 0.02513551
4426.926026 1.02620677 0.02531531
4426.962943 0.99827928 0.02506120
4426.999860 0.98817787 0.02507796
4427.036777 1.03141369 0.02467485
4427.073695 1.03938819 0.02483139
4427.110613 0.98471527 0.02955325
4427.147531 1.03472025 0.02532058
4427.184450 1.01396254 0.02405895
4427.221369 1.02817656 0.02861563
4427.258288 1.00404310 0.02465190
4427.295207 0.93883558 0.02621425
4427.332127 0.96643686 0.02680374
4427.369047 0.94331163 0.02582399
4427.405968 0.92937316 0.02983655
4427.442888 1.00319254 0.02742948
4427.479809 1.03072089 0.02732034
4427.516731 0.98827824 0.03169106
4427.553652 1.00945188 0.02803483
4427.590574 0.99818492 0.02675111
4427.627497 0.99349078 0.02894639
4427.664419 0.96121887 0.02496837
4427.701342 0.96285723 0.02613472
4427.738265 1.01485587 0.02987029
4427.775189 1.05641424 0.02720740
4427.812113 0.99378522 0.02454397
4427.849037 1.01042898 0.02476874
4427.885961 1.02979986 0.02932986
4427.922886 1.00849251 0.02476261
4427.959811 0.94299192 0.02528460
4427.996737 0.95465751 0.02900272
4428.033662 0.99437218 0.02868692
4428.070588 0.98045346 0.02525768
4428.107514 0.95994929 0.02716001
4428.144441 1.00356682 0.02495990
4428.181368 0.99746523 0.02810653
4428.218295 1.03176914 0.02660851
4428.255223 1.01577404 0.02518522
4428.292151 1.02669967 0.02623453
4428.329079 0.99653493 0.02640629
4428.366007 1.00719776 0.02573550
4428.402936 0.96901730 0.02375834
4428.439865 0.96815391 0.02679068
4428.476794 0.98685433 0.02511185
4428.513724 0.96697539 0.02578880
4428.550654 1.02206266 0.02994593
4428.587584 1.01666677 0.02738217
4428.624515 0.94899449 0.02417041
4428.661446 0.93451877 0.02788773
4428.698377 0.97426168 0.02706316
4428.735308 1.00578249 0.02426432
4428.772240 0.96384196 0.02809795
4428.809172 0.99858335 0.02401094
4428.846105 1.04145310 0.02453234
4428.883038 0.99095220 0.02986822
4428.919971 0.98032156 0.02553966
4428.956904 0.97775038 0.02386255
4428.993838 1.01190218 0.02857761
4429.030772 1.03366474 0.02776064
4429.067706 1.04788694 0.02455506
4429.104641 0.97864857 0.02716563
4429.141576 1.00754279 0.02553899
4429.178511 0.99456270 0.02525142
4429.215446 1.01182900 0.02637580
4429.252382 0.99864646 0.02296724
4429.289318 1.02106145 0.02515856
4429.326255 0.99855532 0.02497156
4429.363191 1.04112352 0.02591126
4429.400129 0.99271777 0.02510390
4429.437066 1.00234326 0.02267013
4429.474004 0.98987039 0.02904982
4429.510942 1.02026388 0.02759263
4429.547880 1.00727832 0.02626667
4429.584819 0.99972555 0.03003834
4429.621757 1.01374180 0.02718247
4429.658697 0.97353679 0.02786989
4429.695636 0.98253714 0.02489204
4429.732576 0.97788263 0.02597014
4429.769516 0.97825754 0.02688262
4429.806457 1.00397324 0.02764654
4429.843397 0.96427079 0.03056413
4429.880338 0.97099236 0.02522107
4429.917280 1.00077529 0.02704116
4429.954222 1.02116559 0.02904382
4429.991164 1.00419973 0.02731071
4430.028106 0.96454504 0.02891395
4430.065048 1.02312232 0.02868887
4430.101991 1.00250205 0.03024818
4430.138935 0.97371337 0.02974070
4430.175878 0.91899403 0.02844512
4430.212822 0.94321305 0.02493646
4430.249766 1.00880677 0.02948523
4430.286711 0.98727671 0.02656005
4430.323655 0.95803037 0.02654138
4430.360600 0.96957462 0.02580854
4430.397546 0.99092621 0.02885425
4430.434492 0.99180697 0.02731416
4430.471438 1.01464462 0.02499633
4430.508384 0.97054217 0.02140770
4430.545330 0.97766497 0.02887334
4430.582277 0.98310338 0.03174379
4430.619225 0.97590288 0.02951602
4430.656172 0.98883331 0.02794016
4430.693120 0.96813742 0.02837480
4430.730068 1.02805969 0.02670291
4430.767017 1.01215048 0.03028014
4430.803965 0.99981078 0.03075833
4430.840914 0.97659436 0.02345804
4430.877864 0.94448551 0.02759952
4430.914814 0.95604281 0.02867400
4430.951764 1.00125825 0.02560103
4430.988714 1.02459600 0.02595575
4431.025664 1.03327551 0.02632920
4431.062615 0.98311705 0.02861070
4431.099567 0.95680855 0.02642040
4431.136518 0.94749435 0.02803929
4431.173470 0.96729505 0.02933219
4431.210422 0.99322827 0.03104627
4431.247375 1.02832652 0.02852032
4431.284327 1.03606016 0.02334841
4431.321281 0.97741451 0.02723863
4431.358234 0.99719020 0.02580158
4431.395188 0.95864994 0.02352358
4431.432142 0.95894857 0.02548002
4431.469096 0.96918804 0.02741714
4431.506051 1.01482604 0.02666239
4431.543006 0.97087013 0.02768777
4431.579961 0.99710253 0.03061095
4431.616916 1.02563638 0.02733368
4431.653872 0.99736252 0.03120214
4431.690828 0.97568918 0.02998070
4431.727785 0.96637656 0.02936801
4431.764742 0.97099959 0.02833036
4431.801699 0.97142744 0.02596218
4431.838656 0.99777970 0.02574931
4431.875614 0.97329984 0.02913875
4431.912572 0.96310185 0.02901554
4431.949530 0.94475324 0.02760797
4431.986489 0.97967579 0.02692487
4432.023448 0.91816265 0.02576011
4432.060407 0.92481113 0.02877784
4432.097367 0.95662964 0.02664771
4432.134326 0.97200787 0.02588945
4432.171287 0.99079152 0.02766762
4432.208247 0.94898287 0.02626364
4432.245208 0.97479617 0.02794925
4432.282169 0.98684274 0.02559373
4432.319130 0.97883966 0.02541739
4432.356092 0.92545510 0.02999685
4432.393054 0.98228029 0.02619340
4432.430017 0.93376228 0.02753197
4432.466979 0.97358308 0.02907840
4432.503942 0.96865635 0.02390436
4432.540905 0.93156380 0.02607694
4432.577869 0.97340224 0.02811505
4432.614833 0.94320735 0.02781563
4432.651797 0.91918979 0.02802436
4432.688761 0.95458407 0.02587219
4432.725726 0.92832531 0.02780745
4432.762691 0.95489913 0.02594652
4432.799657 0.95152313 0.02692064
4432.836623 0.94632905 0.02660784
4432.873589 0.95148157 0.02611767
4432.910555 0.96974820 0.02728689
4432.947522 0.97368379 0.02650548
4432.984489 0.95758783 0.03101278
4433.021456 0.95827172 0.02432505
4433.058423 0.96885881 0.02955456
4433.095391 0.99196370 0.02832055
4433.132359 0.99730614 0.02495055
4433.169328 0.97116900 0.02804280
4433.206297 0.97510348 0.02542208
4433.243266 0.99589756 0.02450735
4433.280235 0.97114184 0.02489181
4433.317205 0.95584296 0.02779509
4433.354175 0.97686126 0.02886250
4433.391145 0.97761647 0.02624982
4433.428116 0.98302907 0.02490393
4433.465087 1.00837403 0.02772306
4433.502058 1.02012069 0.03003285
4433.539030 0.94474172 0.02684444
4433.576002 0.93087506 0.02672243
4433.612974 0.96076203 0.02482927
4433.649946 0.96327053 0.02742688
4433.686919 1.00458153 0.02713094
4433.723892 1.02044368 0.02600654
4433.760866 0.98368870 0.02833290
4433.797840 0.98382022 0.02691113
4433.834814 0.98396416 0.02703140
4433.871788 0.99964424 0.02871675
4433.908763 0.96254426 0.02377499
4433.945738 0.95297280 0.02630004
4433.982713 0.93813553 0.02684927
4434.019688 0.97012052 0.02287752
4434.056664 1.01833557 0.02752307
4434.093641 1.02689457 0.02869686
4434.130617 0.98247638 0.02931461
4434.167594 1.01715250 0.02650659
4434.204571 0.94688882 0.02567286
4434.241548 0.94540356 0.02804769
4434.278526 0.98695553 0.02690451
4434.315504 0.98162721 0.02486696
4434.352483 0.99333829 0.03105365
4434.389461 0.98474114 0.03010900
4434.426440 0.99872711 0.02609568
4434.463420 0.98703572 0.02467452
4434.500399 0.94146767 0.03045091
4434.537379 0.94104932 0.02856164
4434.574359 1.00630696 0.02778976
4434.611340 0.94459516 0.02869615
4434.648321 0.97061913 0.02993644
4434.685302 0.92754978 0.02995385
4434.722283 0.97843512 0.02495790
4434.759265 0.98162932 0.02349279
4434.796247 1.02345210 0.02363555
4434.833229 0.96946114 0.02576805
4434.870212 0.99082536 0.03058961
4434.907195 1.00827328 0.02652749
4434.944178 0.95609204 0.02569218
4434.981162 1.00333805 0.03180726
4435.018146 0.91748764 0.02916634
4435.055130 1.00124739 0.02615078
4435.092115 1.01042749 0.03056028
4435.129100 0.95809317 0.02936464
4435.166085 0.99845765 0.02453130
4435.203070 1.00459501 0.03105166
4435.240056 0.98450260 0.02808688
4435.277042 0.99499127 0.02390074
4435.314028 0.97230928 0.02637508
4435.351015 0.99458699 0.02852389
4435.388002 0.95560861 0.02899623
4435.424989 0.97243287 0.02427959
4435.461977 0.98224975 0.02564969
4435.498965 1.00267953 0.02376041
4435.535953 0.97596633 0.02690778
4435.572942 0.97533126 0.02727990
4435.609931 1.00439473 0.02942043
4435.646920 0.99642474 0.02768799
4435.683909 1.00928367 0.02784513
4435.720899 1.00059010 0.02901744
4435.757889 0.94859134 0.02875857
4435.794879 0.96881871 0.02600175
4435.831870 1.00466767 0.02940749
4435.868861 0.98525881 0.02771299
4435.905852 1.01561988 0.02651994
4435.942844 0.99336692 0.02570435
4435.979836 0.99719870 0.02655509
4436.016828 1.00135904 0.02803661
4436.053821 0.96080792 0.02693832
4436.090814 0.94847287 0.02481261
4436.127807 0.95689343 0.02746002
4436.164800 0.95660816 0.03147895
4436.201794 1.00437597 0.02634680
4436.238788 0.97945082 0.02592547
4436.275783 0.94801612 0.02821360
4436.312777 0.96540136 0.02741172
4436.349772 0.97295791 0.03000296
4436.386768 0.94045869 0.02786977
4436.423763 0.95416548 0.02916245
4436.460759 0.95468739 0.02660888
4436.497756 0.97058998 0.02691048
4436.534752 0.99738155 0.02656004
4436.571749 0.98964774 0.02617375
4436.608746 0.98229529 0.02791649
4436.645744 0.95372237 0.02672855
4436.682741 0.94643036 0.02845945
4436.719740 0.94401679 0.02760253
4436.756738 0.96453454 0.02743638
4436.793737 0.98397297 0.02999593
4436.830736 0.93203539 0.02951652
4436.867735 0.92094112 0.02228782
4436.904735 0.94015165 0.02641381
4436.941735 0.95637345 0.02686653
4436.978735 0.99048065 0.02849955
4437.015736 0.94534347 0.02536719
4437.052736 0.88544933 0.02632227
4437.089738 0.97238268 0.02533912
4437.126739 0.97238965 0.02964801
4437.163741 0.94497749 0.02875561
4437.200743 0.94812945 0.02822247
4437.237745 0.94705105 0.02602023
4437.274748 0.90853035 0.02606124
4437.311751 0.91042444 0.02842649
4437.348755 0.94696878 0.02719351
4437.385758 0.94458098 0.02845498
4437.422762 0.92858022 0.02739934
4437.459766 0.97257350 0.02693270
4437.496771 0.96988289 0.02636746
4437.533776 0.98900051 0.03257948
4437.570781 0.98750819 0.02855302
4437.607787 1.00917257 0.02675577
4437.644792 0.96408643 0.02512433
4437.681799 0.94561730 0.02639863
4437.718805 0.92066677 0.02858240
4437.755812 0.93467288 0.03155035
4437.792819 0.94644056 0.02928994
4437.829826 0.96154672 0.02582443
4437.866834 0.94015189 0.02642503
4437.903842 0.93883263 0.03007472
4437.940850 0.89515655 0.02802235
4437.977859 0.89718528 0.02718378
4438.014868 0.91825068 0.02754845
4438.051877 0.99860183 0.02859597
4438.088886 0.94619230 0.02834714
4438.125896 0.95749132 0.02985790
4438.162906 0.99327210 0.02808780
4438.199917 0.97490706 0.02724955
4438.236928 0.93207427 0.02657523
4438.273939 0.96656250 0.03328747
4438.310950 0.93669629 0.03216151
4438.347962 0.93760558 0.02931764
4438.384974 0.93015905 0.02779922
4438.421986 0.98292112 0.02918348
4438.458999 0.94373706 0.02674247
4438.496012 0.95456175 0.02595731
4438.533025 0.95699767 0.02620675
4438.570038 0.91428506 0.02799331
4438.607052 0.95721452 0.02681464
4438.644066 0.94658322 0.02496626
4438.681081 0.91931863 0.02720254
4438.718096 0.93562482 0.02909879
4438.755111 0.95514793 0.02376013
4438.792126 0.93318359 0.02665645
4438.829142 0.95563080 0.02551508
4438.866158 0.97402536 0.02607999
4438.903174 0.95435444 0.02749682
4438.940191 0.96556866 0.02471817
4438.977208 0.94670460 0.02686100
4439.014225 1.04015887 0.02454050
4439.051242 0.95798898 0.02578662
4439.088260 0.92100720 0.02865999
4439.125278 0.97008163 0.02833529
4439.162297 0.97915774 0.02744172
4439.199316 0.99803589 0.02767368
4439.236335 1.02372417 0.02701506
4439.273354 0.99688006 0.02840967
4439.310374 0.96546653 0.02574069
4439.347394 0.95264953 0.02591614
4439.384414 0.94994799 0.02668165
4439.421435 0.97996543 0.02691609
4439.458456 0.98362934 0.02618734
4439.495477 0.99591164 0.02665208
4439.532499 0.99065042 0.02535104
4439.569520 0.96347981 0.02746079
4439.606543 0.98160302 0.02758571
4439.643565 0.94351774 0.02670552
4439.680588 0.99656238 0.02572379
4439.717611 0.97714557 0.02714841
4439.754634 1.00306088 0.02490587
4439.791658 1.00911077 0.02965480
4439.828682 0.98409171 0.02679813
4439.865706 0.97272867 0.02649106
4439.902731 0.96936426 0.02772298
4439.939756 0.98086355 0.02950608
4439.976781 0.95860301 0.02893961
4440.013807 0.98963231 0.02691050
4440.050833 0.93789481 0.02907917
4440.087859 0.96682089 0.02472082
4440.124886 1.00578658 0.02623612
4440.161912 0.99792399 0.02830238
4440.198939 0.97505386 0.02632857
4440.235967 0.95315492 0.02600636
4440.272995 0.99676531 0.02457559
4440.310023 1.00795339 0.02489847
4440.347051 1.01601621 0.02601344
4440.384080 0.99176841 0.02634681
4440.421109 0.94369317 0.03097594
4440.458138 0.99048975 0.02678953
4440.495168 1.00072886 0.02935849
4440.532197 0.98111715 0.02851902
4440.569228 0.96486701 0.02503773
4440.606258 0.95025395 0.02844697
4440.643289 0.96430118 0.02758433
4440.680320 0.99544984 0.02892877
4440.717352 1.07605064 0.03310330
4440.754383 1.02025383 0.02354328
4440.791415 0.95101731 0.02755576
4440.828448 1.00612690 0.02590354
4440.865480 1.01614217 0.02900883
4440.902513 0.94188121 0.02714605
4440.939547 0.94059497 0.02597934
4440.976580 0.95593128 0.02841339
4441.013614 0.97572238 0.02282945
4441.050648 0.94873836 0.02617335
4441.087683 0.95342050 0.02565314
4441.124718 0.93438588 0.02646222
4441.161753 0.94453763 0.02796887
4441.198788 1.00090000 0.02613173
4441.235824 0.98035800 0.02570732
4441.272860 0.98100494 0.02600713
4441.309897 0.97556827 0.02499173
4441.346933 0.96181885 0.02510168
4441.383970 0.94613157 0.02396782
4441.421008 0.98914622 0.02548095
4441.458045 0.98373605 0.02691881
4441.495083 0.98853195 0.02348737
4441.532121 1.01946153 0.02883099
4441.569160 0.98744264 0.02288634
4441.606199 1.00196548 0.02638535
4441.643238 0.94152456 0.02603881
4441.680277 0.92321624 0.02586184
4441.717317 0.92953794 0.02817955
4441.754357 0.97772421 0.02755764
4441.791398 1.00454586 0.02676458
4441.828438 0.97230596 0.02718098
4441.865479 0.99333794 0.02676935
4441.902521 0.95153475 0.02566567
4441.939562 0.93509865 0.02487568
4441.976604 0.95180085 0.02786813
4442.013647 0.93887118 0.02737494
4442.050689 0.96863218 0.02364472
4442.087732 0.97063407 0.02802990
4442.124775 0.94237611 0.02538671
4442.161819 0.94956590 0.02711139
4442.198862 1.00054085 0.02712896
4442.235907 0.97658402 0.02513502
4442.272951 1.02120769 0.02686399
4442.309996 1.01198429 0.02885751
4442.347041 1.04210519 0.02909938
4442.384086 0.97799917 0.02694112
4442.421132 0.96552258 0.02642873
4442.458178 0.95022690 0.02620695
4442.495224 0.94528864 0.02695218
4442.532271 0.98607643 0.02798097
4442.569317 0.95015381 0.02719683
4442.606365 0.97017756 0.02760439
4442.643412 1.01344768 0.02554847
4442.680460 0.97885649 0.02220274
4442.717508 0.98634989 0.02712038
4442.754557 0.96725146 0.03070756
4442.791605 0.91286470 0.02746356
4442.828654 0.92439804 0.03045488
4442.865704 0.94891934 0.02537858
4442.902753 0.93412969 0.02996135
4442.939803 0.91481350 0.03055792
4442.976854 0.96670444 0.02977065
4443.013904 1.00432588 0.02627476
4443.050955 0.98978512 0.02471249
4443.088006 0.94671910 0.03051284
4443.125058 0.93185705 0.02809877
4443.162110 0.98693247 0.02304643
4443.199162 0.99993414 0.02592252
4443.236214 0.93575270 0.02549204
4443.273267 0.98990453 0.02559211
4443.310320 0.96354085 0.02609571
4443.347373 0.99984197 0.02657894
4443.384427 1.03116349 0.02751253
4443.421481 0.97873311 0.02777418
4443.458535 0.94702098 0.02806077
4443.495590 0.95294410 0.02887456
4443.532645 1.00042069 0.02502830
4443.569700 0.97472126 0.02951810
4443.606756 1.00424846 0.02677706
4443.643812 0.98160281 0.02678008
4443.680868 0.99424013 0.02846021
4443.717924 1.02381617 0.02877447
4443.754981 1.01483836 0.02738244
4443.792038 0.95274387 0.02823786
4443.829095 0.96690796 0.02413898
4443.866153 1.01065701 0.02737575
4443.903211 0.96282449 0.02707495
4443.940269 0.97707930 0.02653917
4443.977328 1.01957618 0.02713141
4444.014387 0.98244487 0.02850935
4444.051446 0.96767195 0.02890036
4444.088506 1.01094203 0.02498680
4444.125566 1.00917254 0.02829319
4444.162626 0.99230233 0.02779245
4444.199686 1.02593464 0.02755875
4444.236747 0.96838628 0.02791787
4444.273808 1.03440440 0.02434776
4444.310870 1.00965998 0.02859838
4444.347931 0.98076311 0.02829031
4444.384993 1.00325358 0.02644588
4444.422056 0.94892842 0.02680754
4444.459118 1.02735252 0.02760460
4444.496181 1.01396166 0.02630272
4444.533245 1.00063346 0.02801463
4444.570308 0.98466379 0.02934296
4444.607372 0.95231833 0.02442702
4444.644436 0.99212237 0.02832798
4444.681501 0.97344888 0.02460973
4444.718566 0.96576667 0.02574387
4444.755631 0.95192922 0.02903904
4444.792696 0.96962461 0.02860206
4444.829762 1.00907785 0.02802761
4444.866828 0.98056605 0.03009494
4444.903894 0.97914251 0.02487554
4444.940961 0.98702556 0.02724200
4444.978028 0.96555260 0.02899803
4445.015095 0.97465036 0.03053193
4445.052163 0.96094658 0.02809161
4445.089231 0.96127328 0.02307294
4445.126299 0.93833653 0.02497392
4445.163367 0.97965497 0.02799278
4445.200436 0.97131467 0.02489883
4445.237505 0.94480138 0.02817494
4445.274575 0.96130610 0.02875493
4445.311644 0.95256115 0.02952927
4445.348715 0.99690784 0.03107594
4445.385785 0.96482429 0.02853829
4445.422856 0.98304416 0.02467685
4445.459927 0.94771189 0.02814053
4445.496998 0.99427129 0.02503512
4445.534069 0.99460810 0.02835831
4445.571141 0.99037605 0.02712797
4445.608214 0.98328587 0.02595651
4445.645286 0.99373470 0.02850172
4445.682359 0.97506663 0.02518009
4445.719432 0.95013241 0.02960838
4445.756506 0.97125939 0.02220946
4445.793579 0.96813669 0.02820224
4445.830654 0.95482834 0.02568688
4445.867728 0.94993852 0.02895568
4445.904803 0.93106372 0.02828083
4445.941878 0.99212501 0.02941738
4445.978953 0.96852986 0.03001035
4446.016029 0.94767033 0.02806422
4446.053104 0.89273514 0.02428109
4446.090181 0.93852291 0.02624966
4446.127257 0.96726653 0.02934228
4446.164334 1.02060364 0.02723160
4446.201411 0.99078954 0.02452122
4446.238489 0.96604529 0.02700643
4446.275567 0.92359073 0.02832749
4446.312645 0.96494840 0.02794939
4446.349723 0.92018171 0.02695275
4446.386802 0.93181020 0.02800541
4446.423881 0.97279858 0.02853018
4446.460960 0.96358241 0.03051902
4446.498040 0.97203779 0.02643304
4446.535120 1.01949692 0.02754873
4446.572200 0.91784902 0.02694673
4446.609281 0.94746490 0.03008700
4446.646362 0.95582104 0.02941463
4446.683443 0.94893289 0.02522117
4446.720524 0.93647627 0.02852681
4446.757606 0.95327202 0.02775505
4446.794688 0.90843996 0.02638162
4446.831771 0.92246829 0.02667054
4446.868853 0.93177531 0.02713896
4446.905936 0.86843649 0.02798248
4446.943020 0.87259745 0.02551617
4446.980103 0.87698070 0.02626902
4447.017187 0.95817779 0.02747143
4447.054272 0.91401384 0.02613742
4447.091356 0.93097995 0.02835623
4447.128441 0.95431589 0.02668199
4447.165526 0.97160331 0.02998489
4447.202612 0.92339148 0.03068989
4447.239698 0.94722167 0.02889859
4447.276784 0.95306366 0.02538518
4447.313870 0.93519950 0.02767242
4447.350957 0.93167265 0.02574368
4447.388044 0.91297125 0.02794368
4447.425132 0.97816977 0.02855243
4447.462219 0.96499344 0.02533221
4447.499307 0.90449454 0.02571062
4447.536396 0.92398957 0.02567146
4447.573484 0.93482911 0.02551109
4447.610573 0.91700599 0.02885542
4447.647662 0.90654986 0.02697217
4447.684752 0.96064988 0.02550248
4447.721842 0.94681795 0.02810361
4447.758932 0.95443344 0.02653047
4447.796022 1.00943849 0.02610911
4447.833113 0.94575002 0.02694353
4447.870204 0.95214147 0.02830253
4447.907296 0.96756009 0.02558431
4447.944387 0.95579899 0.02794291
4447.981479 0.96220621 0.02850312
4448.018572 0.95435901 0.02652325
4448.055664 0.94245220 0.03054053
4448.092757 0.94975755 0.02731805
4448.129851 0.92482513 0.02859242
4448.166944 0.98928031 0.02607200
4448.204038 1.00330806 0.02795128
4448.241132 0.96889993 0.02862159
4448.278227 0.91962905 0.02838816
4448.315321 0.93903597 0.02869445
4448.352417 0.90354939 0.02761020
4448.389512 0.97219783 0.02444069
4448.426608 0.96008536 0.03042645
4448.463704 0.91530330 0.02623926
4448.500800 0.97894454 0.02548592
4448.537897 0.97224839 0.02407152
4448.574994 0.93542132 0.02985962
4448.612091 0.94946465 0.02782905
4448.649189 0.93194247 0.02672326
4448.686286 0.94232162 0.02862067
4448.723385 0.94658971 0.02669623
4448.760483 0.97112428 0.02703340
4448.797582 0.98275988 0.02964468
4448.834681 0.98624097 0.02800812
4448.871781 0.92526880 0.02841680
4448.908880 0.98364366 0.03019609
4448.945980 0.99381957 0.02737775
4448.983081 0.98577617 0.02977305
4449.020181 0.94857749 0.02460482
4449.057282 0.98612530 0.02489030
4449.094384 0.96550526 0.02806051
4449.131485 0.94020689 0.02767682
4449.168587 0.93897126 0.02948347
4449.205689 0.97058864 0.02806613
4449.242792 0.98921079 0.02808534
4449.279895 1.01146224 0.02460075
4449.316998 0.97901251 0.02637454
4449.354101 0.98349026 0.02806600
4449.391205 0.94987847 0.02914157
4449.428309 0.96775685 0.02646876
4449.465414 0.97701541 0.02533147
4449.502518 0.96296900 0.02401165
4449.539623 0.97662344 0.02438763
4449.576729 0.98979954 0.02566028
4449.613834 1.03971147 0.02572961
4449.650940 0.97642894 0.02990247
4449.688047 1.01135969 0.03194197
4449.725153 0.99008245 0.02593818
4449.762260 0.97678328 0.02879476
4449.799367 0.99497916 0.02547276
4449.836475 0.94890401 0.02920946
4449.873582 0.97303712 0.02449943
4449.910691 1.00860951 0.02862611
4449.947799 0.97922066 0.02637693
4449.984908 0.98790932 0.02733137
4450.022017 0.97862175 0.02954867
4450.059126 0.96956762 0.02711799
4450.096236 0.96511740 0.02777363
4450.133346 0.98442014 0.02794889
4450.170456 0.99132300 0.02783224
4450.207567 0.99534875 0.02881217
4450.244677 1.03812751 0.02437550
4450.281789 1.00320952 0.02656324
4450.318900 1.04708367 0.02910094
4450.356012 1.01599262 0.02727260
4450.393124 1.02612916 0.02355274
4450.430237 1.01470114 0.02923381
4450.467349 1.00312204 0.02689063
4450.504462 1.00139996 0.02704469
4450.541576 0.97864656 0.02701337
4450.578689 0.96537178 0.03026597
4450.615803 1.00031176 0.02417472
4450.652918 0.99949254 0.02795945
4450.690032 0.97477332 0.03015089
4450.727147 0.94411871 0.02814414
4450.764262 0.99603186 0.02911811
4450.801378 0.98418263 0.02510197
4450.838494 0.96048459 0.02599334
4450.875610 0.96100240 0.02995808
4450.912726 0.96869461 0.02560429
4450.949843 0.96479889 0.02494659
4450.986960 0.98949776 0.02705888
4451.024078 0.98350734 0.03084025
4451.061195 0.94908765 0.02345538
4451.098313 1.00194961 0.02870822
4451.135432 0.97796900 0.02521208
4451.172550 0.97292982 0.02667921
4451.209669 0.95651518 0.02746211
4451.246789 0.96126657 0.03038813
4451.283908 1.00041411 0.02469940
4451.321028 0.97799577 0.02473115
4451.358148 0.97133487 0.03180224
4451.395269 1.00679209 0.02379433
4451.432389 1.00622270 0.02610173
4451.469511 1.01770084 0.02531827
4451.506632 0.99067623 0.02617596
4451.543754 0.96511585 0.02994059
4451.580876 0.94146702 0.03053943
4451.617998 0.95254781 0.03235374
4451.655121 0.95323012 0.02609161
4451.692244 1.00034645 0.02766279
4451.729367 0.96331702 0.02726047
4451.766491 0.97988388 0.02965036
4451.803614 0.99086909 0.02987167
4451.840739 0.96912867 0.02716410
4451.877863 0.93089529 0.02898764
4451.914988 0.96137645 0.02705107
4451.952113 0.96499688 0.02689650
4451.989238 0.92499377 0.02644536
4452.026364 0.93248937 0.02871017
4452.063490 0.99271751 0.02807412
4452.100617 0.95369219 0.02542346
4452.137743 0.95505499 0.02437928
4452.174870 0.96622054 0.02688457
4452.211998 0.96747872 0.02510905
4452.249125 0.98854648 0.02487597
4452.286253 0.96270505 0.02551267
4452.323381 1.02448146 0.03065182
4452.360510 0.99226029 0.02674689
4452.397639 1.01252549 0.02715243
4452.434768 0.92813555 0.02836156
4452.471897 0.91497573 0.02296279
4452.509027 0.91808715 0.02672607
4452.546157 0.96504881 0.02806608
4452.583288 0.97357330 0.02598027
4452.620418 0.97560614 0.03054952
4452.657549 0.93495776 0.02685852
4452.694681 0.96916342 0.02523272
4452.731812 0.95176919 0.02291108
4452.768944 0.98453294 0.02863584
4452.806076 0.97774220 0.02989346
4452.843209 0.92934110 0.02521746
4452.880342 0.92295073 0.02386505
4452.917475 0.95368234 0.02324129
4452.954609 0.96454112 0.02361431
4452.991742 0.98077659 0.02550302
4453.028876 0.98202167 0.02891127
4453.066011 0.96321399 0.02873165
4453.103146 0.91879435 0.02851261
4453.140281 0.92811774 0.02551642
4453.177416 0.95242155 0.02534674
4453.214552 0.97507264 0.02845372
4453.251688 1.01583787 0.02673426
4453.288824 0.97623333 0.02878932
4453.325961 0.94489638 0.02983665
4453.363097 0.91671997 0.02440461
4453.400235 0.96556101 0.02419984
4453.437372 0.95638744 0.02977333
4453.474510 0.95983297 0.02818657
4453.511648 0.91726596 0.02671000
4453.548787 0.95852349 0.02776785
4453.585925 0.97116174 0.02738525
4453.623064 0.95131076 0.02976795
4453.660204 0.95908734 0.02506687
4453.697343 0.98575764 0.02695906
4453.734483 0.91990863 0.02713808
4453.771624 0.98547305 0.02708122
4453.808764 0.97491117 0.02825535
4453.845905 0.98781547 0.02790238
4453.883046 0.95457968 0.02803779
4453.920188 0.95503528 0.02899949
4453.957330 0.95271513 0.02712069
4453.994472 0.94366766 0.02989301
4454.031614 0.95337417 0.03193902
4454.068757 1.02297238 0.02471087
4454.105900 1.03064832 0.02593676
4454.143044 0.96444557 0.02628593
4454.180187 0.97721595 0.02716007
4454.217331 0.99131255 0.02611997
4454.254476 0.99613426 0.02755311
4454.291620 0.96346715 0.02765048
4454.328765 0.98734563 0.02635544
4454.365911 0.95522614 0.02677055
4454.403056 1.00297574 0.02588118
4454.440202 0.97639679 0.02664098
4454.477348 1.01588802 0.02779518
4454.514495 0.98116226 0.02737552
4454.551642 1.01184323 0.02594603
4454.588789 1.03577303 0.02562614
4454.625936 1.03311815 0.02666188
4454.663084 0.97965516 0.02933321
4454.700232 1.00466892 0.02624497
4454.737380 0.97538882 0.02283274
4454.774529 0.94853070 0.02728200
4454.811678 0.97720371 0.02758430
4454.848827 1.01137788 0.02575013
4454.885977 0.99089834 0.02744850
4454.923127 0.95036415 0.02798116
4454.960277 0.96994934 0.03029933
4454.997427 0.93362175 0.02991771
4455.034578 0.97834711 0.02779322
4455.071729 0.99267456 0.02479342
4455.108881 0.99933874 0.02709476
4455.146033 1.02193131 0.02369383
4455.183185 1.03428710 0.02556324
4455.220337 0.97783709 0.02696596
4455.257490 0.96684664 0.02560332
4455.294643 0.97625173 0.02991953
4455.331796 0.94631492 0.02865562
4455.368950 0.95903939 0.02829792
4455.406104 0.97510998 0.02553083
4455.443258 0.98655510 0.02821220
4455.480412 1.03429017 0.02632096
4455.517567 0.93778166 0.02597663
4455.554723 0.98453298 0.02564303
4455.591878 0.96528655 0.03025356
4455.629034 0.97066410 0.02773704
4455.666190 0.99922784 0.02429687
4455.703346 0.96646383 0.02683575
4455.740503 0.93350886 0.02983004
4455.777660 0.95738635 0.02413316
4455.814817 0.98278848 0.02568533
4455.851975 1.00723974 0.02809646
4455.889133 1.03564759 0.02782429
4455.926291 0.95946567 0.02967924
4455.963450 0.94863420 0.03130233
4456.000609 0.96906236 0.02794587
4456.037768 0.94568571 0.03107448
4456.074927 0.97583483 0.02519344
4456.112087 0.95117919 0.02800714
4456.149247 0.97392316 0.02976131
4456.186408 0.93960979 0.02751426
4456.223569 0.93121300 0.02459339
4456.260730 0.98368269 0.02555244
4456.297891 0.92996877 0.02535715
4456.335053 1.00225926 0.02830123
4456.372215 0.98436034 0.02765632
4456.409377 1.01250411 0.02809962
4456.446540 0.97456559 0.02540669
4456.483703 0.92513648 0.03253970
4456.520866 0.97528966 0.03049116
4456.558029 0.99929581 0.02814793
4456.595193 0.96967216 0.02541312
4456.632357 0.96490290 0.02733814
4456.669522 0.99006866 0.02635706
4456.706687 0.99557233 0.03051109
4456.743852 0.98330456 0.02693221
4456.781017 0.95401086 0.02476941
4456.818183 0.97628713 0.02831638
4456.855349 0.97659134 0.02328358
4456.892515 0.98853659 0.02446256
4456.929682 0.94972740 0.02451318
4456.966849 0.95768004 0.02436113
4457.004016 0.96107134 0.02632070
4457.041183 0.99047525 0.02819316
4457.078351 0.90588514 0.02736344
4457.115520 0.96071809 0.02583241
4457.152688 0.95552367 0.02604142
4457.189857 1.03778466 0.02659316
4457.227026 1.01928453 0.03124449
4457.264195 0.95919742 0.02683296
4457.301365 0.99972446 0.02892183
4457.338535 0.96377258 0.02840064
4457.375706 1.00837590 0.02421785
4457.412876 0.97425609 0.02736524
4457.450047 1.00609643 0.02559731
4457.487218 0.96765228 0.02577186
4457.524390 0.96848292 0.02879573
4457.561562 0.96701504 0.02642572
4457.598734 1.01475159 0.02911943
4457.635907 0.98535812 0.02890963
4457.673080 0.97571050 0.02886895
4457.710253 0.94558551 0.02982919
4457.747426 0.97212458 0.02615105
4457.784600 0.98162570 0.02344269
4457.821774 1.00810541 0.02739613
4457.858948 0.97799938 0.02592505
4457.896123 1.02816140 0.02256943
4457.933298 0.95414464 0.02402129
4457.970473 0.95138047 0.02814546
4458.007649 0.95344538 0.03006504
4458.044825 0.97721503 0.02685927
4458.082001 0.98042293 0.02809895
4458.119178 0.96183014 0.02541513
4458.156355 0.95757674 0.02513763
4458.193532 1.00345164 0.02443026
4458.230709 0.96131679 0.02948364
4458.267887 1.02098219 0.02622411
4458.305065 0.99744469 0.02847287
4458.342244 0.94869909 0.02769253
4458.379422 0.97774232 0.02752065
4458.416601 1.00011059 0.02521226
4458.453781 1.01471135 0.02854829
4458.490960 0.95757499 0.02554503
4458.528140 1.00306775 0.02574905
4458.565321 0.96967316 0.02888979
4458.602501 0.96801519 0.02897771
4458.639682 0.95887462 0.02700948
4458.676863 1.01105524 0.02742840
4458.714045 0.97489403 0.02487651
4458.751227 1.01961211 0.02604320
4458.788409 1.00646306 0.02875598
4458.825591 0.93597814 0.02919133
4458.862774 0.96811447 0.02375975
4458.899957 1.03464457 0.02757802
4458.937140 1.04533406 0.02633475
4458.974324 1.00344554 0.02585838
4459.011508 0.98688173 0.02644020
4459.048692 0.96880728 0.02865715
4459.085877 0.93331543 0.02792671
4459.123062 0.98915187 0.02822341
4459.160247 0.93590802 0.02876247
4459.197433 0.99408354 0.02567988
4459.234619 1.01335990 0.02602717
4459.271805 0.99500493 0.02837862
4459.308991 0.97691908 0.03008491
4459.346178 0.99364057 0.02484247
4459.383365 1.01958071 0.02494186
4459.420553 0.96534002 0.02881349
4459.457740 0.95329200 0.02510009
4459.494928 0.95905788 0.02604598
4459.532117 0.93263100 0.02393858
4459.569305 0.98165784 0.02818940
4459.606494 1.01734247 0.02415843
4459.643684 0.99014607 0.02678294
4459.680873 0.96053816 0.02698865
4459.718063 0.97433493 0.02341339
4459.755253 0.97477905 0.02435509
4459.792444 0.96169497 0.02453022
4459.829635 0.94854930 0.03073135
4459.866826 0.94944122 0.02969024
4459.904017 0.95862780 0.02812589
4459.941209 0.95749553 0.02831937
4459.978401 0.95702569 0.02770141
4460.015593 0.94341176 0.02561819
4460.052786 0.96038344 0.02726910
4460.089979 0.94348876 0.02602471
4460.127172 0.94573563 0.03006467
4460.164366 0.96327039 0.02832215
4460.201560 0.97697124 0.02876091
4460.238754 0.95039916 0.02955901
4460.275949 0.98392584 0.02300906
4460.313143 0.98607284 0.02313027
4460.350339 0.95083573 0.02926422
4460.387534 0.95358564 0.02575425
4460.424730 0.99761720 0.02539563
4460.461926 0.97804530 0.02780874
4460.499122 1.01206567 0.02944852
4460.536319 0.95759898 0.02895392
4460.573516 1.00380065 0.02940512
4460.610713 0.99825466 0.02462334
4460.647911 0.94112563 0.02506332
4460.685109 0.98331197 0.02621131
4460.722307 1.01117657 0.02632477
4460.759506 1.01576636 0.02796004
4460.796705 0.95945008 0.02678918
4460.833904 0.97340838 0.02621380
4460.871104 0.99261003 0.02472074
4460.908303 0.97041673 0.02311730
4460.945503 0.96987750 0.02556535
4460.982704 0.97629370 0.03153443
4461.019905 0.94356465 0.02642224
4461.057106 0.95171484 0.02913653
4461.094307 0.94502034 0.02667978
4461.131509 0.98842896 0.02630043
4461.168711 0.99131465 0.02657823
4461.205913 0.98459160 0.02882032
4461.243116 0.98125713 0.02960627
4461.280319 0.94171452 0.02636798
4461.317522 0.98499680 0.03101064
4461.354725 1.00095891 0.02869340
4461.391929 0.98687470 0.02563094
4461.429133 0.96239189 0.02981038
4461.466338 0.98547389 0.02712493
4461.503543 0.98354096 0.02527139
4461.540748 1.02190613 0.02894362
4461.577953 0.99387900 0.02647319
4461.615159 0.98883396 0.02750403
4461.652365 0.95169507 0.02571539
4461.689571 0.94771544 0.02344569
4461.726778 0.95386821 0.02446185
4461.763985 1.00387535 0.02647450
4461.801192 0.98510054 0.02540782
4461.838400 0.96697232 0.02502370
4461.875607 0.98038832 0.02617645
4461.912816 0.94458976 0.02649351
4461.950024 0.96778632 0.02601172
4461.987233 0.96596908 0.02745427
4462.024442 0.99726705 0.02725484
4462.061652 1.00911140 0.02504354
4462.098861 0.95931681 0.02559783
4462.136071 0.96798435 0.02556595
4462.173282 0.96993162 0.02654856
4462.210492 0.98732867 0.03001306
4462.247703 0.99525194 0.02446156
4462.284915 0.98520537 0.02690143
4462.322126 1.01492039 0.02446079
4462.359338 1.03002391 0.02480106
4462.396550 0.95943817 0.02919761
4462.433763 0.99581025 0.02657164
4462.470976 0.96060873 0.02604611
4462.508189 0.98352690 0.02466558
4462.545402 0.94466690 0.02923675
4462.582616 0.99663169 0.02976014
4462.619830 0.98360777 0.02753737
4462.657045 0.99850906 0.02428707
4462.694259 0.97758367 0.02925437
4462.731474 0.99577721 0.02796832
4462.768690 1.01222114 0.02715441
4462.805905 0.95881628 0.02540472
4462.843121 0.96327692 0.02826983
4462.880338 0.96917744 0.02911793
4462.917554 0.93628814 0.02621400
4462.954771 0.94520021 0.02946135
4462.991988 0.98620076 0.02629114
4463.029206 0.92508759 0.02576931
4463.066424 0.96406508 0.02622501
4463.103642 0.99533694 0.02644076
4463.140860 0.93540836 0.02652828
4463.178079 0.96017298 0.02757549
4463.215298 0.95483701 0.02571846
4463.252517 0.95085124 0.02756291
4463.289737 0.93734726 0.02561894
4463.326957 0.99952297 0.02910474
4463.364177 0.95431923 0.02731338
4463.401398 1.01171484 0.02580285
4463.438619 0.99367618 0.02942385
4463.475840 0.94609994 0.02389698
4463.513061 0.95987630 0.02459453
4463.550283 0.99232552 0.02553405
4463.587505 0.94020469 0.02863694
4463.624728 0.96678137 0.02582798
4463.661951 0.93651597 0.02680576
4463.699174 0.96347441 0.02772323
4463.736397 1.00779443 0.02693137
4463.773621 0.99369088 0.02728673
4463.810845 0.99475319 0.02785285
4463.848069 0.99021727 0.02513106
4463.885294 0.96762656 0.02577639
4463.922519 1.00288406 0.02841819
4463.959744 0.96098088 0.02831435
4463.996970 0.94603366 0.02816265
4464.034196 0.97852984 0.03040508
4464.071422 0.97274957 0.02527422
4464.108648 0.95674936 0.02665113
4464.145875 0.96471842 0.02793690
4464.183102 0.96083135 0.03244316
4464.220330 0.95906264 0.02977367
4464.257557 0.97966047 0.02525505
4464.294785 0.97994028 0.02698296
4464.332014 0.96210624 0.02794997
4464.369243 0.95653064 0.03073950
4464.406471 0.94873424 0.02997517
4464.443701 0.99695709 0.02574653
4464.480930 1.00045346 0.02699507
4464.518160 0.98600505 0.02916879
4464.555391 0.99349924 0.02853672
4464.592621 0.94093531 0.02931161
4464.629852 1.00198206 0.02627913
4464.667083 0.94334771 0.02731562
4464.704315 0.97302231 0.03129239
4464.741546 0.94983969 0.02577882
4464.778778 0.97971785 0.02729477
4464.816011 0.95257064 0.02552473
4464.853244 0.94617971 0.02866308
4464.890477 0.93589964 0.02335516
4464.927710 0.96853738 0.02587515
4464.964944 0.94208661 0.02920434
4465.002178 0.96634785 0.02895910
4465.039412 0.96244821 0.02702040
4465.076646 0.93769644 0.02686014
4465.113881 0.96056490 0.02641355
4465.151116 0.93792232 0.02727372
4465.188352 0.95989114 0.02800792
4465.225588 0.97358927 0.02801123
4465.262824 1.05471495 0.02954782
4465.300060 0.97249640 0.02273019
4465.337297 0.95754828 0.02806371
4465.374534 0.93173668 0.02515977
4465.411772 0.90960204 0.02835615
4465.449009 0.92792799 0.02408140
4465.486247 0.96253046 0.02352210
4465.523485 0.93950978 0.02676839
4465.560724 0.94893151 0.03256078
4465.597963 0.94100317 0.02672755
4465.635202 0.97365235 0.02844596
4465.672442 0.97301281 0.02964939
4465.709682 0.95443703 0.02298810
4465.746922 0.94346576 0.02934686
4465.784162 0.95573808 0.02525353
4465.821403 0.95550720 0.02360300
4465.858644 0.92025990 0.02509435
4465.895886 0.96289639 0.02726696
4465.933127 0.92008784 0.02641858
4465.970369 0.94782212 0.02584665
4466.007612 0.98924603 0.02721943
4466.044854 0.99575406 0.02616284
4466.082097 0.98085442 0.02681447
4466.119341 0.96985392 0.02813735
4466.156584 0.95977290 0.02884899
4466.193828 0.92083047 0.02624660
4466.231072 0.92539415 0.02972610
4466.268317 0.96987143 0.02611923
4466.305562 0.92339955 0.02918350
4466.342807 0.96577366 0.02782300
4466.380052 0.97251660 0.02842109
4466.417298 0.94722359 0.02252963
4466.454544 0.95815240 0.02606725
4466.491790 0.94092498 0.02794145
4466.529037 0.95599266 0.02692906
4466.566284 0.95138328 0.02624336
4466.603531 0.95013390 0.02633888
4466.640779 0.93172947 0.02920358
4466.678027 0.94301393 0.02962670
4466.715275 0.91776519 0.03211186
4466.752524 0.91954613 0.02748812
4466.789773 1.02141922 0.02655431
4466.827022 0.95462618 0.02586401
4466.864271 0.98149333 0.02697918
4466.901521 0.96488712 0.02413467
4466.938771 0.95111717 0.02901919
4466.976022 0.98886923 0.02694728
4467.013272 0.94448927 0.02917727
4467.050523 0.94221446 0.02351455
4467.087775 0.98915554 0.02549466
4467.125026 0.95280602 0.02628854
4467.162278 0.91027972 0.02392048
4467.199531 0.94381314 0.02755177
4467.236783 0.94430371 0.02873046
4467.274036 0.96829158 0.02922696
4467.311289 0.90514581 0.02689591
4467.348543 0.93151228 0.03018306
4467.385797 0.96139563 0.02765577
4467.423051 0.97081905 0.02377957
4467.460305 0.98525566 0.02624274
4467.497560 0.94495104 0.02562126
4467.534815 0.97935073 0.02933608
4467.572070 0.94968367 0.02949692
4467.609326 0.98500038 0.02844016
4467.646582 0.96277971 0.02764286
4467.683838 0.92213104 0.02590938
4467.721095 0.93124513 0.02516662
4467.758352 0.93220271 0.02951888
4467.795609 0.94160470 0.02751925
4467.832867 0.93962093 0.02672725
4467.870125 0.94056700 0.02673521
4467.907383 0.94271415 0.02927421
4467.944641 0.95784393 0.02467835
4467.981900 0.99738246 0.02631183
4468.019159 0.97624769 0.02599113
4468.056419 0.93605586 0.02722516
4468.093678 0.92695432 0.02841015
4468.130938 0.93993364 0.02850097
4468.168199 0.96652636 0.02781031
4468.205459 0.90560499 0.02959918
4468.242720 0.85383462 0.02690641
4468.279982 0.93786953 0.03235710
4468.317243 0.90942796 0.02885553
4468.354505 0.92594791 0.03053967
4468.391767 0.96107440 0.02783425
4468.429030 0.89422654 0.02925885
4468.466293 0.91342903 0.02884135
4468.503556 0.95180718 0.02675035
4468.540819 0.93055141 0.03196162
4468.578083 0.94110554 0.02980762
4468.615347 0.94317925 0.02496387
4468.652612 0.91835133 0.02521499
4468.689876 0.89415171 0.02922065
4468.727141 0.86199798 0.02793861
4468.764407 0.91569945 0.02959589
4468.801672 0.92834194 0.03034269
4468.838938 0.90762577 0.02573894
4468.876205 0.93645552 0.02873455
4468.913471 0.91913538 0.02613654
4468.950738 0.88968960 0.02927959
4468.988005 0.91250607 0.02937267
4469.025273 0.91210283 0.02909552
4469.062541 0.86156274 0.02950912
4469.099809 0.90992276 0.02699929
4469.137077 0.87925253 0.03002404
4469.174346 0.88869038 0.02753315
4469.211615 0.88870604 0.02697169
4469.248884 0.90434314 0.02783750
4469.286154 0.89047688 0.02578312
4469.323424 0.89521925 0.02687193
4469.360694 0.92116411 0.02742290
4469.397965 0.88014885 0.02912007
4469.435236 0.84550391 0.02849813
4469.472507 0.86180628 0.02705108
4469.509779 0.91853933 0.02997755
4469.547050 0.90150388 0.02589677
4469.584323 0.85751585 0.03221629
4469.621595 0.87524323 0.02966082
4469.658868 0.89358255 0.02749773
4469.696141 0.83320138 0.02470892
4469.733414 0.84266735 0.02853755
4469.770688 0.84872052 0.03221409
4469.807962 0.85108814 0.02764413
4469.845237 0.80020976 0.02485385
4469.882511 0.81382807 0.02670342
4469.919786 0.80365524 0.02906751
4469.957061 0.81236747 0.03112216
4469.994337 0.78483850 0.02868188
4470.031613 0.79500320 0.02643804
4470.068889 0.79806088 0.02859314
4470.106166 0.75847653 0.02621877
4470.143442 0.79813992 0.02815049
4470.180720 0.76618769 0.03083939
4470.217997 0.75701377 0.02823477
4470.255275 0.74674936 0.02503659
4470.292553 0.77942905 0.03078044
4470.329831 0.73949911 0.02526850
4470.367110 0.76183305 0.02660644
4470.404389 0.79671338 0.02764859
4470.441668 0.73621629 0.02727184
4470.478948 0.75353156 0.02906284
4470.516228 0.76893186 0.02920928
4470.553508 0.77510037 0.02616342
4470.590789 0.71478759 0.03045783
4470.628069 0.69458564 0.02794359
4470.665351 0.73124419 0.02636911
4470.702632 0.68509478 0.02837357
4470.739914 0.68297261 0.02741662
4470.777196 0.72036725 0.02696603
4470.814479 0.72424002 0.02520580
4470.851761 0.75724682 0.03016975
4470.889044 0.70154937 0.03080146
4470.926328 0.72208090 0.02638521
4470.963611 0.70490341 0.03020475
4471.000895 0.68947628 0.02548400
4471.038180 0.66798343 0.02798741
4471.075464 0.71545718 0.02727148
4471.112749 0.73024781 0.02764118
4471.150034 0.72297311 0.02612388
4471.187320 0.67200876 0.02625164
4471.224606 0.65999571 0.02863826
4471.261892 0.74788453 0.02869689
4471.299178 0.67405976 0.02735646
4471.336465 0.67428361 0.02701956
4471.373752 0.69310597 0.03048751
4471.411040 0.66602005 0.02502097
4471.448327 0.64670683 0.02718226
4471.485615 0.61774851 0.03106022
4471.522904 0.67802026 0.02622906
4471.560192 0.70953748 0.02606371
4471.597481 0.64545787 0.02868282
4471.634771 0.69051826 0.03160421
4471.672060 0.69707536 0.02937809
4471.709350 0.70203219 0.03177674
4471.746640 0.68147555 0.02794450
4471.783931 0.65810611 0.02707284
4471.821221 0.69190811 0.02443306
4471.858513 0.69523421 0.02846552
4471.895804 0.66266959 0.03011332
4471.933096 0.66978687 0.02543498
4471.970388 0.69838168 0.02908624
4472.007680 0.73253428 0.02705758
4472.044973 0.71706080 0.02909079
4472.082266 0.66804946 0.02953649
4472.119559 0.69838498 0.02672695
4472.156853 0.68575437 0.03023419
4472.194147 0.69079100 0.02729566
4472.231441 0.69564073 0.03033615
4472.268736 0.69473225 0.02578891
4472.306030 0.71532515 0.02611963
4472.343326 0.72488540 0.02913267
4472.380621 0.73262613 0.02742020
4472.417917 0.73735913 0.02748864
4472.455213 0.76803732 0.03060926
4472.492509 0.72954425 0.02995593
4472.529806 0.70852467 0.02505221
4472.567103 0.76025298 0.02673717
4472.604401 0.75204333 0.02650198
4472.641698 0.76265127 0.02818503
4472.678996 0.77618474 0.02847355
4472.716294 0.76847779 0.02638394
4472.753593 0.70367262 0.03027773
4472.790892 0.72873170 0.03171060
4472.828191 0.75882008 0.03061440
4472.865491 0.80983049 0.02742339
4472.902791 0.79561360 0.02464473
4472.940091 0.84309064 0.02965224
4472.977391 0.81071930 0.02887758
4473.014692 0.80254945 0.02891259
4473.051993 0.78309900 0.03202328
4473.089294 0.82436730 0.02634875
4473.126596 0.83303280 0.02666759
4473.163898 0.84270195 0.02540337
4473.201200 0.80726848 0.02817535
4473.238503 0.86529887 0.02923325
4473.275806 0.86346259 0.02670208
4473.313109 0.85300050 0.02501747
4473.350413 0.85400003 0.02711221
4473.387717 0.84983918 0.02770735
4473.425021 0.87899765 0.02671397
4473.462325 0.89349184 0.02511238
4473.499630 0.92719962 0.02445342
4473.536935 0.85191250 0.02823352
4473.574241 0.83845065 0.02980537
4473.611547 0.90149774 0.02757402
4473.648853 0.89778445 0.02163897
4473.686159 0.86850245 0.02858637
4473.723466 0.88714208 0.02446195
4473.760773 0.87690651 0.02792894
4473.798080 0.87354197 0.02886755
4473.835388 0.87423785 0.02624971
4473.872696 0.91018725 0.02707645
4473.910004 0.90154582 0.02709858
4473.947312 0.92283008 0.03094350
4473.984621 0.91099608 0.02556097
4474.021930 0.90649016 0.02863830
4474.059240 0.90777037 0.02544391
4474.096550 0.86248048 0.02337638
4474.133860 0.89838901 0.02801668
4474.171170 0.88947053 0.02527039
4474.208481 0.90788981 0.02614042
4474.245792 0.92157108 0.02689559
4474.283103 0.97071646 0.02764889
4474.320415 0.95616749 0.02700638
4474.357727 0.89919524 0.03043381
4474.395039 0.94504776 0.02744791
4474.432352 0.96586808 0.02904353
4474.469665 0.85629014 0.02696463
4474.506978 0.87629448 0.02935219
4474.544291 0.91051771 0.02980770
4474.581605 0.93661503 0.02596666
4474.618919 0.98272162 0.02516457
4474.656234 0.92540871 0.02888524
4474.693549 0.93818665 0.02698086
4474.730864 0.92499912 0.02629161
4474.768179 0.92673249 0.02547179
4474.805495 0.92435900 0.02757338
4474.842811 0.94835715 0.03121173
4474.880127 0.89593471 0.03206866
4474.917444 0.89905411 0.02455552
4474.954761 0.95352609 0.02618679
4474.992078 0.91824749 0.02929257
4475.029396 0.96417421 0.02997779
4475.066713 0.95297328 0.02788120
4475.104032 0.96317240 0.02877849
4475.141350 0.92290933 0.02884843
4475.178669 0.93313192 0.03393352
4475.215988 0.95219768 0.02969230
4475.253308 0.93574131 0.02964740
4475.290627 0.90251083 0.02705185
4475.327947 0.94145886 0.02735799
4475.365268 0.95049863 0.02954162
4475.402588 0.97497596 0.02985881
4475.439909 0.95348534 0.02480115
4475.477231 0.98394115 0.02373240
4475.514552 0.92830249 0.02812905
4475.551874 0.91406786 0.03182137
4475.589197 0.97008831 0.02713648
4475.626519 0.91943183 0.02360738
4475.663842 0.99019927 0.03072463
4475.701165 0.97271590 0.02963657
4475.738489 0.95603462 0.02834331
4475.775812 0.98747331 0.02526367
4475.813137 0.97434954 0.02764193
4475.850461 0.93538832 0.02792422
4475.887786 0.98639744 0.02648770
4475.925111 0.97964313 0.02503565
4475.962436 0.95998119 0.02992293
4475.999762 0.93775195 0.02958973
4476.037088 0.95262972 0.02729012
4476.074414 0.94894954 0.02952419
4476.111741 0.91761549 0.02888325
4476.149067 0.93863884 0.02484126
4476.186395 0.94654971 0.02507856
4476.223722 0.93289127 0.02857883
4476.261050 0.95330083 0.02368277
4476.298378 0.96396195 0.02774312
4476.335707 0.91477491 0.02516450
4476.373035 0.97579222 0.02833251
4476.410365 0.98469887 0.02639395
4476.447694 0.97135119 0.02676437
4476.485024 0.96914035 0.02386295
4476.522354 0.92310255 0.02482916
4476.559684 0.95895174 0.02420552
4476.597015 0.97209791 0.02944488
4476.634346 0.95305712 0.02908621
4476.671677 0.99604095 0.02761198
4476.709008 0.96383600 0.02519570
4476.746340 0.96244492 0.02769527
4476.783673 0.89586672 0.02567791
4476.821005 0.92418427 0.02980964
4476.858338 0.99335660 0.02901056
4476.895671 0.97583902 0.02650065
4476.933005 0.94386721 0.02702527
4476.970338 0.96736614 0.02645617
4477.007672 0.98529323 0.02895091
4477.045007 0.92859613 0.02650128
4477.082341 0.92551212 0.02815367
4477.119676 0.98430157 0.02548247
4477.157012 1.00098420 0.02436280
4477.194347 1.02788484 0.02804260
4477.231683 0.95159572 0.03004993
4477.269020 0.91468524 0.03252048
4477.306356 0.98062823 0.02867698
4477.343693 0.98889820 0.02764870
4477.381030 0.97777188 0.02958847
4477.418368 0.95866180 0.02505717
4477.455705 1.02525364 0.02421639
4477.493044 0.97388643 0.02718512
4477.530382 0.96651295 0.02883123
4477.567721 0.99329731 0.02907903
4477.605060 0.95979533 0.02558226
4477.642399 0.91206332 0.02542904
4477.679739 0.98165215 0.02992905
4477.717079 0.99529059 0.02566074
4477.754419 0.98280657 0.02496205
4477.791760 0.98355411 0.02760206
4477.829101 1.01248515 0.02494212
4477.866442 0.96965516 0.02858215
4477.903783 0.97257774 0.02861650
4477.941125 0.95304304 0.02975815
4477.978467 0.97644654 0.02608633
4478.015810 0.94349763 0.02754797
4478.053153 0.99502751 0.02922652
4478.090496 1.01801161 0.02471920
4478.127839 0.98185768 0.02304689
4478.165183 0.93931829 0.02970810
4478.202527 0.93856473 0.02551740
4478.239871 1.02383542 0.02530603
4478.277216 0.98181409 0.02523390
4478.314561 1.01327194 0.03000183
4478.351906 1.01758019 0.02760501
4478.389252 1.00475709 0.02630275
4478.426598 0.98492161 0.02913463
4478.463944 0.99219028 0.02901701
4478.501290 0.96604229 0.02833670
4478.538637 1.02158726 0.02790477
4478.575984 1.01879554 0.02632468
4478.613332 0.97234715 0.02603258
4478.650680 0.93747054 0.02673587
4478.688028 0.93435695 0.02711228
4478.725376 0.98165712 0.02770037
4478.762725 0.99640305 0.03094280
4478.800074 0.94696997 0.02883818
4478.837423 0.93122259 0.02841019
4478.874773 0.98069376 0.02822290
4478.912123 0.95388504 0.03159037
4478.949473 0.95289039 0.02558714
4478.986824 0.97166475 0.02861893
4479.024174 0.93937999 0.02613874
4479.061526 0.98789322 0.02986887
4479.098877 1.02543343 0.02448875
4479.136229 1.00425794 0.02724594
4479.173581 0.97345794 0.02351545
4479.210934 0.96327755 0.02543434
4479.248286 0.98724536 0.03050059
4479.285639 1.01035162 0.02408435
4479.322993 1.02572504 0.02753962
4479.360346 0.97678015 0.02903951
4479.397700 0.99658798 0.02543371
4479.435055 0.99867249 0.02951489
4479.472409 0.97740354 0.03047512
4479.509764 0.97941040 0.02515854
4479.547120 0.98280804 0.02774034
4479.584475 0.97427104 0.02907781
4479.621831 0.97868276 0.02863687
4479.659187 0.98220414 0.02855277
4479.696544 0.91007241 0.02830104
4479.733901 0.90350586 0.02724314
4479.771258 0.92605160 0.02801003
4479.808615 0.99320394 0.02583877
4479.845973 0.97082887 0.03071488
4479.883331 0.97567859 0.03115052
4479.920689 0.99793962 0.03140132
4479.958048 0.95147732 0.02664319
4479.995407 0.92704272 0.02414437
4480.032766 0.91887499 0.02679260
4480.070126 0.92960661 0.02824494
4480.107486 0.93400858 0.03106207
4480.144846 0.92538409 0.02908697
4480.182206 0.94231937 0.02762055
4480.219567 0.92847990 0.02893909
4480.256928 0.97742104 0.02405395
4480.294290 0.92672138 0.03085074
4480.331652 0.91968376 0.02965236
4480.369014 0.89863116 0.02829361
4480.406376 0.88338224 0.02779856
4480.443739 0.89009126 0.02687395
4480.481102 0.91482374 0.02887536
4480.518465 0.91622905 0.02877978
4480.555829 0.92320011 0.02722601
4480.593193 0.89160845 0.02697205
4480.630557 0.90950537 0.02911900
4480.667922 0.90346639 0.02726917
4480.705287 0.91285609 0.02900706
4480.742652 0.90569440 0.02744288
4480.780017 0.88160325 0.03033961
4480.817383 0.89932735 0.02791295
4480.854749 0.89054464 0.02782899
4480.892116 0.88934325 0.02630069
4480.929483 0.87884041 0.02672689
4480.966850 0.95647439 0.02814275
4481.004217 0.94256059 0.02611623
4481.041585 0.87739661 0.02482847
4481.078953 0.89347962 0.02979582
4481.116321 0.85748170 0.02724670
4481.153690 0.89939765 0.02702029
4481.191059 0.91468053 0.02451370
4481.228428 0.85648803 0.02643298
4481.265798 0.89589993 0.02693279
4481.303168 0.92148187 0.02745105
4481.340538 0.92438693 0.02723721
4481.377908 0.93601235 0.02662840
4481.415279 0.93090548 0.02933562
4481.452650 0.95252791 0.02766235
4481.490022 0.92922984 0.02618625
4481.527393 0.88632750 0.02482636
4481.564766 0.89070500 0.02743185
4481.602138 0.94409746 0.02912321
4481.639511 0.92810647 0.02838886
4481.676884 0.97906428 0.02533055
4481.714257 0.94210630 0.02791240
4481.751631 0.87634862 0.02993554
4481.789005 0.91029914 0.02509161
4481.826379 0.91735176 0.02781021
4481.863753 0.93322993 0.02978416
4481.901128 0.88835218 0.02530466
4481.938503 0.94385585 0.03085704
4481.975879 0.92233539 0.02893000
4482.013255 0.93511824 0.02730299
4482.050631 0.93399883 0.02468741
4482.088007 0.91984565 0.02369496
4482.125384 0.93319401 0.02666287
4482.162761 0.92919081 0.02765851
4482.200138 0.95116386 0.02580044
4482.237516 0.92644325 0.02779859
4482.274894 0.89835435 0.02777857
4482.312272 0.84203116 0.02683682
4482.349651 0.90174862 0.02719166
4482.387030 0.93310290 0.02563773
4482.424409 0.92998831 0.02780539
4482.461789 0.95218697 0.02343752
4482.499169 0.94170984 0.02605710
4482.536549 0.89611371 0.02691890
4482.573929 0.95451568 0.03078076
4482.611310 0.92079171 0.02358023
4482.648691 0.93685675 0.02442693
4482.686073 0.91710079 0.02667754
4482.723454 0.91813744 0.02624704
4482.760836 0.95944572 0.02818881
4482.798219 0.98127429 0.03012600
4482.835601 0.95306190 0.02711902
4482.872984 0.92819052 0.02769046
4482.910368 0.93311781 0.02838921
4482.947751 0.98381714 0.03019434
4482.985135 0.97727286 0.02988281
4483.022519 0.97616669 0.02249504
4483.059904 1.00362320 0.02546219
4483.097289 0.98407476 0.03143099
4483.134674 0.99065844 0.02394927
4483.172059 0.93943751 0.02966488
4483.209445 0.95500076 0.02498633
4483.246831 0.95436068 0.02427242
4483.284218 0.97911013 0.02591075
4483.321605 0.98280022 0.02660956
4483.358992 0.95693420 0.02866571
4483.396379 1.01056684 0.02502677
4483.433767 0.95948761 0.02471742
4483.471155 0.99199833 0.02532541
4483.508543 1.01351785 0.02889133
4483.545931 1.03467498 0.02612191
4483.583320 1.02671321 0.02598183
4483.620710 0.96123563 0.02671142
4483.658099 1.00643298 0.02817081
4483.695489 0.97512800 0.02678460
4483.732879 1.00585319 0.02768238
4483.770269 0.99664068 0.03175395
4483.807660 0.97547188 0.02800066
4483.845051 0.98036841 0.02491525
4483.882443 0.96870962 0.02897021
4483.919834 0.98838201 0.02777759
4483.957226 1.00687492 0.03060978
4483.994619 1.01840478 0.02816868
4484.032011 0.98835153 0.02773169
4484.069404 0.99837678 0.02561737
4484.106798 0.99133227 0.02739995
4484.144191 0.94272684 0.02881640
4484.181585 0.95025117 0.02794845
4484.218979 0.98877092 0.02562642
4484.256374 1.00725294 0.02725898
4484.293769 1.01448400 0.02692151
4484.331164 1.04251731 0.02738553
4484.368559 1.03527992 0.02448310
4484.405955 0.99856516 0.02779396
4484.443351 0.97685818 0.02818873
4484.480748 1.00390142 0.03049140
4484.518144 1.02660075 0.02758215
4484.555541 0.96674730 0.02729599
4484.592939 1.00740555 0.02518750
4484.630336 1.04527822 0.02285796
4484.667734 1.05425651 0.02800339
4484.705132 1.04044149 0.02440059
4484.742531 0.98348882 0.02725592
4484.779930 1.01475015 0.02769997
4484.817329 1.00032983 0.03083431
4484.854729 0.97152594 0.02863318
4484.892128 1.02314647 0.02856679
4484.929529 0.94777906 0.02612289
4484.966929 0.96860865 0.02781704
4485.004330 1.01325038 0.02721831
4485.041731 0.96986482 0.03049062
4485.079132 0.97704826 0.02552150
4485.116534 0.96095635 0.02849234
4485.153936 0.98330984 0.02784691
4485.191338 0.96948748 0.02675589
4485.228741 0.95342219 0.02881212
4485.266144 1.01237548 0.02544011
4485.303547 0.96587440 0.02887213
4485.340951 0.96870736 0.02783676
4485.378354 0.99694592 0.02624401
4485.415759 0.99043799 0.02726330
4485.453163 1.01641739 0.02559060
4485.490568 0.96118740 0.03030211
4485.527973 0.94667569 0.02757331
4485.565378 1.00145713 0.02957318
4485.602784 1.00538248 0.02607812
4485.640190 1.02837323 0.02690252
4485.677597 1.01409352 0.02687077
4485.715003 0.97693647 0.02840403
4485.752410 0.96929998 0.02947887
4485.789818 1.02679037 0.02793161
4485.827225 0.98092962 0.02833532
4485.864633 0.96443949 0.02492067
4485.902041 1.00393397 0.02728854
4485.939450 0.94973242 0.02961204
4485.976859 0.99011100 0.02723167
4486.014268 1.00138477 0.02766740
4486.051677 1.01929556 0.02787789
4486.089087 0.96335027 0.02725622
4486.126497 1.00677946 0.02489119
4486.163908 1.01244179 0.02588644
4486.201319 0.99810620 0.02534086
4486.238730 0.99147600 0.02644243
4486.276141 0.98991027 0.02557172
4486.313553 0.98976474 0.02754987
4486.350965 0.98261233 0.02655407
4486.388377 1.03039541 0.02533746
4486.425790 0.99148668 0.02555304
4486.463202 1.01265485 0.02773698
4486.500616 0.99514282 0.02754368
4486.538029 0.99992200 0.02593422
4486.575443 1.03243766 0.02791930
4486.612857 0.99718161 0.02673396
4486.650272 0.95758343 0.02695855
4486.687687 1.00317065 0.02907440
4486.725102 0.99197497 0.02858748
4486.762517 1.01115653 0.02545028
4486.799933 1.00553287 0.02901259
4486.837349 1.00705079 0.02698933
4486.874765 0.99670985 0.02573600
4486.912182 0.94438591 0.02753235
4486.949599 0.96295873 0.02926286
4486.987016 0.98758831 0.02809903
4487.024434 0.95353437 0.02395904
4487.061852 0.99332773 0.02981742
4487.099270 0.98704452 0.02496030
4487.136688 1.01407068 0.02440563
4487.174107 1.01424059 0.02531899
4487.211526 1.00945353 0.02706692
4487.248946 1.06308817 0.02535564
4487.286366 1.04455239 0.02475349
4487.323786 0.96490026 0.02919083
4487.361206 0.94735839 0.02844763
4487.398627 0.94649420 0.02774119
4487.436048 0.96587378 0.02905465
4487.473469 1.00759440 0.02714416
4487.510891 0.95694922 0.02577957
4487.548313 0.98271112 0.02702305
4487.585735 0.99988149 0.02546907
4487.623158 1.06063395 0.02623411
4487.660581 0.98100344 0.02708949
4487.698004 0.96195243 0.02707163
4487.735427 0.95159843 0.02567758
4487.772851 1.00566825 0.02748955
4487.810275 0.97694948 0.02747713
4487.847700 0.99593831 0.02587603
4487.885125 0.93782263 0.02940414
4487.922550 1.02262027 0.02294931
4487.959975 0.98124143 0.02707114
4487.997401 0.97310795 0.02757189
4488.034827 1.01162846 0.02604435
4488.072253 0.98945426 0.02494790
4488.109680 0.97728344 0.02453303
4488.147107 0.98925345 0.02343556
4488.184534 0.99374185 0.02932044
4488.221962 1.01300340 0.02562634
4488.259390 1.01549994 0.02767810
4488.296818 0.96521530 0.02943896
4488.334246 0.97089848 0.02926300
4488.371675 0.97297093 0.02722413
4488.409104 0.97303719 0.02363535
4488.446534 1.01337800 0.02534277
4488.483963 0.98049430 0.02419841
4488.521394 0.93955712 0.02443705
4488.558824 0.96169805 0.02370559
4488.596255 0.99169563 0.02444787
4488.633686 1.01543611 0.02630521
4488.671117 0.97061774 0.02515946
4488.708549 1.01472134 0.02666457
4488.745981 0.98224603 0.02730721
4488.783413 0.99521802 0.02770029
4488.820845 0.95656481 0.02525538
4488.858278 0.97075675 0.02755313
4488.895712 0.98493027 0.02950175
4488.933145 0.98235056 0.02864136
4488.970579 1.04062098 0.02658420
4489.008013 1.03491133 0.02596838
4489.045448 0.96183128 0.02430009
4489.082882 0.94055444 0.02822074
4489.120317 1.00085748 0.02507520
4489.157753 0.99598003 0.02739002
4489.195188 0.94664578 0.02790352
4489.232624 0.96167175 0.02706717
4489.270061 0.94174261 0.02752826
4489.307497 0.97797861 0.02784504
4489.344934 1.03803181 0.02682294
4489.382372 0.98763534 0.02614406
4489.419809 0.95481618 0.02895585
4489.457247 1.02020997 0.02686501
4489.494685 0.99566980 0.02766716
4489.532124 1.00042296 0.03005611
4489.569563 0.95428454 0.02911006
4489.607002 1.00858707 0.02783404
4489.644441 1.02860740 0.02537721
4489.681881 1.00663594 0.02933940
4489.719321 0.95667236 0.02472009
4489.756761 0.97000785 0.02761412
4489.794202 1.02144868 0.02511270
4489.831643 0.98020008 0.02601465
4489.869084 1.00046516 0.02839179
4489.906526 1.02810866 0.02646139
4489.943968 0.99354816 0.02582472
4489.981410 1.03468430 0.02507576
4490.018853 0.98379599 0.02760143
4490.056296 1.01976981 0.02620327
4490.093739 1.00187638 0.03035148
4490.131182 0.96847555 0.02757856
4490.168626 0.99344979 0.02967866
4490.206070 0.91453427 0.02291011
4490.243515 0.97303320 0.02801540
4490.280960 0.99478902 0.02934738
4490.318405 1.00345873 0.02641694
4490.355850 1.02786686 0.02600265
4490.393296 1.04854794 0.02556542
4490.430742 1.07751893 0.03687044
4490.468188 0.99059661 0.02569381
4490.505635 0.97854388 0.02619456
4490.543082 1.00960188 0.02557752
4490.580529 0.98731965 0.02668977
4490.617976 0.98913753 0.02521336
4490.655424 1.02154888 0.02413482
4490.692873 1.04342292 0.02539758
4490.730321 0.99890473 0.02789136
4490.767770 0.98814797 0.02797111
4490.805219 0.99737667 0.02942157
4490.842668 0.98959270 0.02675383
4490.880118 1.03253919 0.02597522
4490.917568 0.99094933 0.03142142
4490.955019 0.98085937 0.02855778
4490.992469 1.01864149 0.02840362
4491.029920 0.98670660 0.02526715
4491.067372 0.94511471 0.02902020
4491.104823 0.98163540 0.02732958
4491.142275 0.94711894 0.02470311
4491.179727 1.00855416 0.02359451
4491.217180 1.00772535 0.02465470
4491.254633 1.02661058 0.02755264
4491.292086 0.97884253 0.02846159
4491.329540 1.01945720 0.02478971
4491.366993 1.00134025 0.02571615
4491.404448 1.04464324 0.02348243
4491.441902 1.02454237 0.02382834
4491.479357 0.98431189 0.02520798
4491.516812 0.99215211 0.02669500
4491.554267 1.00642589 0.02661995
4491.591723 1.03459818 0.02436161
4491.629179 1.02903299 0.02417518
4491.666635 1.02173486 0.02544510
4491.704092 0.95840708 0.02526523
4491.741549 0.98130825 0.02303203
4491.779006 0.97879121 0.02545428
4491.816464 1.00991152 0.02989988
4491.853921 1.01268505 0.02355756
4491.891380 0.95348813 0.02526766
4491.928838 0.96198145 0.02357074
4491.966297 1.02244148 0.02824009
4492.003756 1.00074419 0.02889284
4492.041215 1.02183175 0.02567297
4492.078675 0.98003470 0.02837352
4492.116135 0.98035781 0.02395226
4492.153596 1.00499109 0.02611633
4492.191056 0.98597261 0.02685446
4492.228517 1.03399373 0.02575069
4492.265979 1.00576010 0.02694016
4492.303440 0.98644309 0.02892199
4492.340902 1.00927712 0.02411351
4492.378364 1.00218354 0.03064628
4492.415827 0.99406747 0.02741607
4492.453290 1.00915438 0.02685276
4492.490753 1.03091989 0.02682281
4492.528217 1.03295562 0.02617351
4492.565680 1.04324329 0.02555902
4492.603144 0.98483014 0.02845718
4492.640609 0.99209247 0.02840817
4492.678074 1.02963882 0.02730021
4492.715539 1.00551275 0.02532408
4492.753004 0.99371929 0.02735982
4492.790470 1.04124717 0.02766294
4492.827936 1.00953229 0.03009635
4492.865402 1.02641788 0.02532942
4492.902869 0.97117805 0.03004851
4492.940336 1.00957752 0.02579401
4492.977803 1.00856574 0.02557399
4493.015270 0.96900408 0.02837068
4493.052738 1.00188095 0.02678411
4493.090206 1.01533384 0.02430531
4493.127675 0.99961151 0.02594463
4493.165144 1.02994751 0.02570615
4493.202613 1.03988068 0.02798637
4493.240082 1.01123415 0.02656507
4493.277552 0.99669412 0.03039062
4493.315022 1.02174828 0.02614118
4493.352493 1.00846341 0.02516767
4493.389963 1.00966250 0.03060500
4493.427434 1.02868298 0.02571518
4493.464906 1.04302501 0.02861615
4493.502377 0.97872075 0.03091432
4493.539849 1.04086172 0.02812072
4493.577321 1.01746381 0.02901182
4493.614794 0.99292466 0.02847911
4493.652267 0.98381592 0.02670675
4493.689740 1.00571521 0.02711403
4493.727213 1.02300244 0.02587386
4493.764687 1.04058155 0.02577686
4493.802161 1.02089506 0.02792118
4493.839636 0.98748312 0.02860863
4493.877111 1.00944770 0.02224375
4493.914586 1.01335772 0.02592709
4493.952061 1.05475996 0.02452855
4493.989537 1.05180257 0.02277492
4494.027013 1.00391489 0.02763824
4494.064489 1.01748603 0.02688987
4494.101966 1.02871429 0.02467676
4494.139442 0.99591337 0.02664072
4494.176920 1.01071486 0.02770354
4494.214397 1.03167383 0.02401940
4494.251875 1.04520707 0.02643284
4494.289353 0.99460551 0.02772545
4494.326832 0.98888115 0.02482045
4494.364311 0.97784564 0.02637617
4494.401790 0.99509607 0.02560015
4494.439269 1.01625784 0.02757844
4494.476749 0.98388194 0.02608271
4494.514229 1.04880857 0.02310914
4494.551709 1.04595829 0.02487419
4494.589190 1.02063907 0.02678895
4494.626671 1.02828873 0.02512502
4494.664152 0.99858948 0.02864839
4494.701634 1.02095946 0.02654442
4494.739116 1.03663144 0.02496825
4494.776598 1.02146606 0.02586276
4494.814081 0.98306582 0.02960096
4494.851564 1.00876999 0.02890773
4494.889047 0.98147300 0.02620725
4494.926530 1.02136138 0.02578976
4494.964014 0.99595375 0.03009757
4495.001498 0.98028039 0.02637204
4495.038983 1.01743041 0.02579760
4495.076467 0.97095262 0.02966945
4495.113952 1.00888331 0.02716669
4495.151438 0.98540228 0.02995002
4495.188923 0.99874588 0.02529615
4495.226409 1.00170210 0.02621626
4495.263896 1.06547338 0.02832912
4495.301382 1.07937887 0.03059619
4495.338869 1.05469609 0.02465319
4495.376357 1.01042239 0.02393456
4495.413844 0.98311582 0.02733214
4495.451332 1.00452642 0.02739704
4495.488820 0.98534900 0.02621842
4495.526309 0.97672817 0.02522374
4495.563798 0.97299530 0.02879561
4495.601287 1.00179079 0.02674074
4495.638776 0.97457516 0.02708474
4495.676266 1.02104978 0.02836856
4495.713756 1.02227166 0.02877524
4495.751246 0.96716390 0.02979667
4495.788737 0.96730499 0.02829782
4495.826228 0.99294413 0.02814096
4495.863719 0.98103571 0.02662136
4495.901211 1.01578373 0.02723555
4495.938703 0.97675819 0.02428248
4495.976195 0.96808566 0.02944773
4496.013688 0.96060095 0.02501107
4496.051181 1.02822391 0.02347621
4496.088674 1.01787137 0.02593813
4496.126167 0.97577650 0.02715354
4496.163661 1.03454497 0.02545754
4496.201155 1.07903951 0.02973106
4496.238650 0.99128060 0.02659779
4496.276144 0.97094732 0.02977329
4496.313639 0.98817309 0.02556773
4496.351135 1.05627362 0.02322934
4496.388630 1.00000000 0.03462117
4496.426126 1.00698311 0.02742402
4496.463623 1.01639514 0.02733918
4496.501119 1.01100386 0.02321931
4496.538616 1.00524496 0.02723811
4496.576114 1.02492965 0.02773493
4496.613611 1.03053900 0.02526004
4496.651109 1.00670911 0.02914181
4496.688607 0.96125730 0.02832654
4496.726106 0.97645489 0.02451226
4496.763605 0.98439050 0.02668849
4496.801104 0.96160913 0.02574370
4496.838603 1.00430027 0.02838957
4496.876103 0.99774393 0.02780993
4496.913603 0.99728814 0.02664174
4496.951103 1.02233696 0.02858250
4496.988604 1.00841021 0.02709486
4497.026105 1.02052204 0.02544969
4497.063606 1.00079327 0.02431505
4497.101108 0.99486273 0.02523442
4497.138610 0.96728563 0.02900392
4497.176112 1.04250180 0.02446483
4497.213615 0.98369290 0.02572626
4497.251118 1.04045654 0.02667394
4497.288621 1.00000000 0.03581444
4497.326124 1.05780551 0.02611880
4497.363628 0.99341016 0.02380121
4497.401132 1.00441838 0.02449870
4497.438637 0.99633575 0.02744387
4497.476141 1.00791317 0.02609222
4497.513647 1.00673900 0.02959416
4497.551152 1.04813065 0.02729566
4497.588658 1.07697888 0.02878875
4497.626164 1.08223525 0.03140347
4497.663670 1.02914277 0.02792760
4497.701177 1.02887752 0.02834719
4497.738684 1.05037069 0.02460856
4497.776191 0.94552076 0.02497055
4497.813698 0.90738736 0.02561659
4497.851206 0.91817166 0.02827872
4497.888714 0.97626383 0.02462970
4497.926223 0.99136532 0.02507118
4497.963732 0.98243239 0.02839071
4498.001241 0.98152937 0.02648304
4498.038750 0.95797696 0.02733529
4498.076260 0.97072412 0.02819498
4498.113770 1.02309233 0.02486985
4498.151281 0.97800439 0.02648376
4498.188791 1.02245658 0.02947344
4498.226302 1.00236286 0.02943637
4498.263814 1.01069607 0.02453460
4498.301325 1.01368919 0.03014971
4498.338837 1.01096686 0.02305416
4498.376349 0.98174145 0.02384871
4498.413862 1.01944873 0.02637417
4498.451375 0.99614118 0.02354074
4498.488888 0.95769325 0.02346785
4498.526402 0.96376868 0.02801654
4498.563915 1.00423442 0.02434355
4498.601430 1.01320929 0.02443999
4498.638944 1.03437901 0.02591946
4498.676459 1.03900062 0.02651913
4498.713974 1.01938549 0.02950120
4498.751489 1.03629247 0.02707756
4498.789005 0.99983633 0.02607705
4498.826521 0.99382213 0.02533404
4498.864037 1.05162235 0.02303904
4498.901554 1.01108978 0.02459451
4498.939071 1.01336793 0.02826791
4498.976588 1.02326519 0.02789085
4499.014106 1.01815304 0.02611340
4499.051624 0.98761009 0.02578894
4499.089142 1.00369851 0.02597548
4499.126660 1.01213760 0.02623269
4499.164179 1.03023364 0.02710025
4499.201698 0.98801144 0.03021016
4499.239218 1.00392071 0.02646987
4499.276738 0.98922588 0.02600758
4499.314258 0.99823223 0.02918468
4499.351778 1.02276281 0.02276173
4499.389299 0.98603716 0.02381603
4499.426820 0.99155239 0.02888446
4499.464341 0.98281267 0.02767661
4499.501863 0.94592190 0.02826786
4499.539385 1.01694962 0.02785042
4499.576907 1.00788152 0.02928333
4499.614430 1.03826811 0.02558915
4499.651953 0.99364211 0.02703579
4499.689476 1.00314335 0.02730142
4499.726999 0.97889947 0.03110901
4499.764523 1.02707161 0.02505683
4499.802047 1.01995082 0.02755733
4499.839572 1.03531864 0.02260023
4499.877097 1.02582329 0.02332810
4499.914622 1.00257831 0.02881507
4499.952147 1.04229386 0.02290562
4499.989673 1.04807616 0.02560593
4500.027199 1.02889330 0.02638576
4500.064725 1.03058488 0.02446045
4500.102252 1.00985146 0.02279013
4500.139779 1.03000107 0.02518473
4500.177306 1.05729793 0.02500068
4500.214834 1.05562232 0.02327094
4500.252362 1.01897385 0.02407240
4500.289890 1.01660843 0.02532960
4500.327418 1.05571750 0.02607924
4500.364947 1.04228072 0.02334095
4500.402476 1.04916160 0.02728980
4500.440006 1.04445756 0.02633875
4500.477536 1.01322100 0.02608654
4500.515066 1.01493403 0.02632138
4500.552596 1.01244097 0.02711103
4500.590127 1.03082340 0.02414979
4500.627658 1.02034331 0.02775615
4500.665189 0.99087937 0.02913425
4500.702721 1.02414686 0.02899386
4500.740253 1.00933388 0.02554423
4500.777785 0.99753696 0.02929714
4500.815318 0.97852014 0.02478281
4500.852851 1.00189969 0.02708258
4500.890384 0.99208168 0.02680874
4500.927917 0.99008828 0.02572020
4500.965451 1.03219521 0.02319948
4501.002985 1.01940328 0.02802951
4501.040520 1.00626147 0.02680177
4501.078055 1.01294862 0.02489851
4501.115590 0.97890736 0.02489326
4501.153125 0.96768797 0.02447192
4501.190661 1.03923689 0.02603226
4501.228197 1.03798981 0.02632969
4501.265733 1.03248097 0.02342734
4501.303270 1.01773759 0.02353481
4501.340807 1.00521207 0.02738270
4501.378344 1.03745315 0.02673735
4501.415882 1.06129557 0.02635379
4501.453420 1.07022623 0.02484848
4501.490958 1.04263363 0.02357817
4501.528497 0.99288601 0.02880841
4501.566036 0.97295036 0.02795061
4501.603575 1.00929603 0.02962356
4501.641114 1.00680050 0.02737587
4501.678654 1.01822874 0.02669072
4501.716194 0.98651306 0.03165505
4501.753735 0.98915933 0.02769229
4501.791275 1.01119324 0.02749871
4501.828816 0.99376061 0.02848060
4501.866358 0.99666157 0.02771805
4501.903899 1.01053580 0.02794842
4501.941441 1.02472737 0.02804496
4501.978984 1.00813804 0.02612814
4502.016526 1.00488589 0.02709631
4502.054069 0.98545266 0.02493103
4502.091613 1.00427978 0.02690828
4502.129156 1.04996212 0.02490613
4502.166700 1.03224296 0.02895449
4502.204244 1.05295825 0.02500630
4502.241789 1.03365277 0.02353588
4502.279333 1.00106114 0.02661423
4502.316879 1.02175997 0.02480061
4502.354424 0.99695377 0.02692818
4502.391970 1.02270405 0.02711971
4502.429516 1.05577828 0.02493514
4502.467062 0.97955140 0.02853079
4502.504609 0.96324690 0.03012311
4502.542156 1.02173752 0.02596925
4502.579703 1.00720367 0.02937261
4502.617251 1.02255796 0.02780660
4502.654799 1.00538655 0.02538665
4502.692347 1.00124677 0.03087946
4502.729896 0.96347830 0.02815816
4502.767445 1.02360790 0.02586281
4502.804994 1.02255763 0.02866982
4502.842543 1.03833247 0.02600362
4502.880093 1.02566549 0.02534269
4502.917643 0.95205330 0.02530935
4502.955194 0.96279754 0.02555287
4502.992744 1.00878707 0.02585375
4503.030295 1.02268985 0.02479706
4503.067847 1.03843046 0.02424267
4503.105399 1.02610895 0.02801883
4503.142951 1.02221294 0.02796704
4503.180503 1.03060415 0.02708140
4503.218056 0.98817071 0.02751602
4503.255608 0.98372580 0.03049486
4503.293162 1.01531657 0.02838514
4503.330715 1.04687664 0.02540771
4503.368269 1.01173630 0.02422503
4503.405823 1.00192789 0.02488927
4503.443378 1.03060675 0.02655535
4503.480933 0.99110919 0.02791610
4503.518488 1.01968240 0.02516306
4503.556043 1.03277736 0.02658107
4503.593599 1.01342154 0.02623672
4503.631155 0.99113812 0.02615601
4503.668712 1.01116406 0.02368151
4503.706268 1.01452385 0.02644611
4503.743825 1.01119034 0.02820592
4503.781383 0.99082061 0.02548700
4503.818940 1.01855970 0.02829779
4503.856498 1.03715525 0.02548450
4503.894057 1.00730062 0.02481087
4503.931615 0.93994990 0.02887356
4503.969174 1.00954858 0.02742792
4504.006733 1.00661524 0.02961486
4504.044293 1.03319953 0.02545782
4504.081853 1.00962144 0.02574562
4504.119413 1.01730942 0.02611069
4504.156973 0.93841795 0.02702175
4504.194534 0.97935028 0.02680102
4504.232095 1.04156607 0.02643525
4504.269657 1.04891350 0.02504703
4504.307218 1.06351111 0.02739144
4504.344780 1.04855946 0.02636045
4504.382343 1.00234445 0.02740242
4504.419905 1.00073577 0.02534470
4504.457468 0.96900409 0.02676924
4504.495032 0.96874900 0.02690382
4504.532595 1.05253764 0.02382713
4504.570159 0.98746841 0.02421032
4504.607723 0.97876709 0.02781648
4504.645288 1.02036330 0.02564212
4504.682853 1.04794726 0.02567965
4504.720418 0.97233366 0.02469043
4504.757983 1.03294503 0.02719677
4504.795549 1.01766987 0.02680834
4504.833115 1.04436497 0.02785029
4504.870682 1.02579918 0.02702977
4504.908248 1.02616079 0.02597908
4504.945816 0.96804115 0.02550820
4504.983383 0.95993031 0.02477669
4505.020951 1.02128807 0.02440202
4505.058519 1.01988574 0.02365039
4505.096087 1.04622318 0.02501306
4505.133655 1.06435866 0.02570508
4505.171224 1.01243816 0.02453330
4505.208794 1.00389331 0.02305585
4505.246363 0.99945245 0.02399230
4505.283933 0.96851346 0.02375935
4505.321503 0.95252005 0.02590935
4505.359074 1.01865650 0.02652628
4505.396645 1.05081817 0.02204596
4505.434216 1.02565743 0.02218296
4505.471787 1.02056408 0.02763813
4505.509359 1.03833090 0.02505175
4505.546931 1.00727927 0.02450602
4505.584503 1.02532077 0.03113202
4505.622076 1.03640489 0.02431505
4505.659649 1.01765504 0.02682455
4505.697222 1.01571982 0.02751810
4505.734796 1.01505375 0.02506381
4505.772370 0.99927600 0.03025773
4505.809944 0.98687139 0.02468325
4505.847519 1.02980512 0.02877443
4505.885094 1.02214122 0.02985764
4505.922669 0.98017101 0.02645647
4505.960244 1.01708979 0.02595478
4505.997820 0.97753554 0.02922204
4506.035396 1.00274536 0.02877673
4506.072973 1.03471080 0.02421303
4506.110549 0.99518507 0.02678758
4506.148126 1.00356710 0.02467031
4506.185704 1.01931250 0.02557048
4506.223282 1.04675030 0.02567158
4506.260860 0.98438419 0.03035987
4506.298438 1.02525133 0.02845903
4506.336017 1.01777766 0.02337591
4506.373595 1.00343040 0.02791035
4506.411175 1.00182384 0.02429407
4506.448754 1.01149428 0.02870784
4506.486334 1.03939973 0.02376808
4506.523914 1.01165415 0.02754859
4506.561495 1.02278199 0.03057874
4506.599076 0.99935786 0.02832179
4506.636657 0.98570209 0.02692621
4506.674238 0.95950366 0.02588487
4506.711820 0.96559956 0.02608593
4506.749402 1.02655078 0.02472549
4506.786985 1.02642404 0.02808081
4506.824567 1.03248905 0.03178048
4506.862150 1.00720655 0.02798264
4506.899734 1.01619726 0.02848399
4506.937317 1.02391644 0.02506003
4506.974901 1.02618789 0.02900005
4507.012486 0.98198592 0.02820565
4507.050070 0.96482500 0.02683568
4507.087655 0.96372574 0.02799822
4507.125240 1.00834022 0.03027986
4507.162826 1.02793489 0.02525744
4507.200412 1.03782215 0.02516962
4507.237998 1.05220689 0.02262387
4507.275584 1.01876273 0.02947238
4507.313171 1.00094265 0.02475781
4507.350758 1.00288355 0.02636940
4507.388346 1.00163222 0.02588109
4507.425933 1.00439012 0.02605127
4507.463521 1.00542490 0.02766142
4507.501110 1.00342283 0.02738992
4507.538699 1.02862028 0.02577351
4507.576287 1.02555693 0.02769641
4507.613877 1.01173383 0.02672204
4507.651466 1.02461375 0.02772188
4507.689056 0.98869869 0.02782653
4507.726647 0.99926555 0.02671185
4507.764237 1.03494206 0.02631910
4507.801828 1.03292617 0.02684515
4507.839419 0.98050356 0.02622198
4507.877011 0.96163556 0.02766370
4507.914602 0.96075266 0.02647224
4507.952195 1.00882624 0.02833026
4507.989787 1.05337283 0.02651009
4508.027380 1.04277462 0.02610910
4508.064973 1.01930957 0.02570618
4508.102566 1.01655262 0.02578398
4508.140160 1.03670556 0.02873547
4508.177754 1.00672964 0.02696716
4508.215348 1.06819051 0.02649861
4508.252943 0.98517120 0.02880747
4508.290538 1.01260473 0.02857725
4508.328133 1.01527687 0.02636014
4508.365729 1.03647215 0.02606797
4508.403324 1.02754543 0.02680255
4508.440921 1.03728900 0.02800207
4508.478517 0.97435854 0.02755827
4508.516114 0.99718750 0.02757170
4508.553711 0.99718096 0.02747478
4508.591309 1.02320940 0.02417333
4508.628906 1.01186913 0.02477632
4508.666504 0.99830321 0.02556820
4508.704103 1.03361224 0.02727993
4508.741701 0.98417711 0.02600745
4508.779300 1.01722256 0.02396920
4508.816900 1.00392487 0.02862915
4508.854499 1.01964061 0.02844473
4508.892099 0.99786457 0.02798491
4508.929700 1.00490905 0.02697969
4508.967300 1.00203568 0.02644145
4509.004901 0.98476248 0.02746996
4509.042502 0.99711349 0.02673226
4509.080104 1.02421483 0.02847552
4509.117706 1.02319493 0.03063326
4509.155308 1.02620315 0.02517945
4509.192910 0.99541595 0.03027679
4509.230513 0.97805444 0.02637206
4509.268116 1.01246341 0.02629913
4509.305720 0.99873325 0.02584265
4509.343323 0.99671242 0.02534918
4509.380927 1.00083377 0.02588095
4509.418532 0.98881899 0.02548451
4509.456136 1.01490317 0.02685397
4509.493741 0.97645335 0.02707032
4509.531347 0.98512708 0.02489040
4509.568952 1.04842635 0.02518578
4509.606558 1.00248318 0.02557488
4509.644164 1.03380895 0.02415475
4509.681771 0.98419496 0.02885960
4509.719378 1.00019154 0.02819907
4509.756985 0.97471362 0.02654932
4509.794592 0.98738123 0.02554025
4509.832200 1.03456829 0.02637769
4509.869808 1.03045329 0.02572336
4509.907417 1.03430376 0.02884943
4509.945025 1.03563195 0.02972667
4509.982635 0.98114028 0.02736621
4510.020244 0.97979877 0.02854986
4510.057854 0.96068525 0.03302421
4510.095464 1.01278902 0.03056674
4510.133074 1.03199658 0.02979070
4510.170685 1.01016031 0.02690593
4510.208295 0.99051606 0.03197426
4510.245907 1.01335054 0.02984891
4510.283518 1.05670016 0.02444843
4510.321130 1.04891079 0.02704714
4510.358742 1.00710820 0.02672704
4510.396355 0.99244390 0.02970741
4510.433968 1.03193286 0.02436187
4510.471581 1.03223313 0.03038545
4510.509194 0.98143717 0.02989845
4510.546808 0.96952907 0.02534031
4510.584422 0.99406447 0.02628372
4510.622036 0.96656169 0.02821250
4510.659651 1.03078204 0.02333917
4510.697266 0.96169475 0.02763972
4510.734881 0.99852823 0.02606691
4510.772497 1.02962375 0.02500020
4510.810113 0.99756135 0.02512889
4510.847729 0.99355504 0.02595334
4510.885346 1.03599283 0.02417929
4510.922963 1.03878936 0.02596956
4510.960580 1.00613731 0.02831965
4510.998197 1.00803064 0.02923066
4511.035815 1.03409832 0.02738738
4511.073433 0.98964051 0.02849000
4511.111052 0.97378195 0.02584659
4511.148671 0.99148273 0.02650340
4511.186290 0.98810854 0.02955193
4511.223909 1.00435010 0.02943123
4511.261529 0.99665766 0.02921815
4511.299149 1.05149159 0.02394753
4511.336769 0.99880464 0.02795913
4511.374390 0.95984336 0.02878471
4511.412011 1.00390127 0.02899335
4511.449632 0.98215482 0.02668546
4511.487254 0.96697263 0.02738438
4511.524876 0.97243753 0.02705104
4511.562498 0.96749083 0.02375027
4511.600120 1.03008008 0.02832872
4511.637743 1.01406855 0.02780954
4511.675366 1.01167121 0.02713168
4511.712990 0.97109206 0.02751069
4511.750614 1.00160642 0.02832227
4511.788238 1.02500418 0.02934935
4511.825862 0.96356532 0.02913187
4511.863487 0.96509959 0.02995110
4511.901112 0.98271389 0.02864996
4511.938737 0.96646364 0.02947991
4511.976363 0.98230511 0.02788782
4512.013989 0.99311856 0.02999666
4512.051615 0.97985461 0.02936731
4512.089242 0.96481407 0.02942892
4512.126869 0.96368671 0.02811499
4512.164496 0.97601566 0.02547729
4512.202124 1.01136448 0.02425999
4512.239752 1.03591332 0.02845522
4512.277380 0.98593174 0.02650119
4512.315008 0.97741715 0.03232013
4512.352637 0.99220318 0.02651504
4512.390266 0.96727506 0.02821010
4512.427896 0.97891529 0.02859131
4512.465525 0.97705629 0.02789355
4512.503155 0.99400430 0.02452349
4512.540786 1.00448904 0.02995274
4512.578417 0.98672314 0.03281122
4512.616048 0.98209203 0.02876016
4512.653679 0.96906933 0.02965689
4512.691311 0.96721580 0.02806726
4512.728942 0.99520422 0.02976064
4512.766575 1.00431259 0.02547118
4512.804207 0.96576917 0.02622749
4512.841840 0.95941644 0.02704955
4512.879473 0.97469848 0.03028511
4512.917107 0.96862568 0.02525197
4512.954741 0.95142753 0.02743547
4512.992375 0.92303406 0.02453733
4513.030009 0.93679182 0.02831602
4513.067644 0.99210011 0.02797393
4513.105279 1.04839640 0.02441207
4513.142915 0.95095742 0.02862366
4513.180550 0.98456936 0.02844987
4513.218186 0.97756203 0.03019615
4513.255823 0.96530595 0.02941679
4513.293459 0.99759372 0.02654478
4513.331096 0.96091031 0.02422922
4513.368734 0.96463056 0.02653596
4513.406371 1.01643214 0.02781917
4513.444009 0.99807828 0.02935187
4513.481647 0.96787900 0.02452936
4513.519286 1.01539580 0.02838201
4513.556925 0.99418592 0.02735994
4513.594564 0.93894312 0.02881633
4513.632203 0.98209450 0.02804984
4513.669843 1.00314721 0.02999381
4513.707483 0.98346135 0.02602668
4513.745124 0.96605007 0.02579361
4513.782765 0.99685655 0.02696735
4513.820406 0.98784365 0.02735364
4513.858047 0.97007248 0.02725681
4513.895689 0.92847791 0.02899366
4513.933331 0.96925633 0.02687907
4513.970973 1.00113263 0.02713911
4514.008616 1.01240024 0.03037660
4514.046259 1.01120820 0.02653254
4514.083902 1.01664381 0.02394909
4514.121545 1.00557366 0.03094587
4514.159189 0.99391185 0.02906779
4514.196833 0.97604443 0.02692354
4514.234478 0.98042711 0.02475891
4514.272123 1.01032318 0.03175504
4514.309768 1.02240527 0.02878711
4514.347413 0.99962810 0.02773915
4514.385059 0.99213916 0.02306786
4514.422705 1.00617865 0.02491202
4514.460352 1.00943918 0.03047327
4514.497998 1.02857424 0.02862909
4514.535645 1.00747659 0.02490757
4514.573293 0.97378401 0.02737560
4514.610940 1.00328373 0.02703477
4514.648588 0.99332909 0.02856512
4514.686236 1.00655200 0.02710217
4514.723885 0.96684460 0.02483431
4514.761534 0.97002742 0.02647096
4514.799183 1.03508227 0.02328147
4514.836833 0.98862116 0.02760787
4514.874483 1.01252899 0.02494662
4514.912133 1.02409949 0.02818699
4514.949783 1.00632562 0.02797629
4514.987434 1.02713015 0.02890748
4515.025085 1.01752136 0.02559173
4515.062736 0.98130135 0.02972796
4515.100388 0.98448695 0.03062833
4515.138040 0.94332997 0.02448452
4515.175693 0.97795640 0.02753865
4515.213345 1.01035944 0.02787625
4515.250998 0.99771315 0.02944277
4515.288652 0.94915154 0.02407239
4515.326305 0.96987882 0.02779592
4515.363959 1.01553776 0.02297772
4515.401613 1.01741797 0.02428727
4515.439268 1.01136160 0.02468598
4515.476923 1.04999355 0.02489527
4515.514578 1.00987126 0.02519209
4515.552233 0.97610172 0.02714259
4515.589889 1.01823583 0.02867711
4515.627545 1.03489521 0.02634300
4515.665202 1.05543746 0.02357364
4515.702859 0.96599463 0.02674510
4515.740516 0.96797005 0.02506843
4515.778173 0.98789265 0.02772203
4515.815831 0.99576725 0.02631903
4515.853489 1.01823731 0.02551325
4515.891147 0.99122738 0.02567772
4515.928806 0.99090598 0.02660096
4515.966465 0.95915767 0.02722799
4516.004124 1.01036213 0.02795599
4516.041783 1.01514402 0.02415307
4516.079443 0.99826631 0.02724711
4516.117104 1.02728316 0.02688931
4516.154764 1.01676077 0.02967881
4516.192425 0.99744883 0.02853745
4516.230086 0.99961591 0.02809250
4516.267748 1.05209461 0.02636721
4516.305409 0.99611303 0.02892507
4516.343071 0.99895555 0.02599752
4516.380734 1.03547619 0.02635967
4516.418396 1.00995050 0.03112253
4516.456060 0.99821386 0.03281415
4516.493723 1.00876223 0.02733645
4516.531387 0.95291234 0.02820434
4516.569051 0.98265390 0.02678862
4516.606715 1.04592094 0.02838813
4516.644379 0.98973645 0.02786285
4516.682044 0.99022199 0.02968574
4516.719710 1.02039102 0.02483229
4516.757375 0.98696922 0.02467427
4516.795041 0.99774422 0.02784206
4516.832707 1.01215966 0.02826181
4516.870374 0.99137752 0.02781849
4516.908040 0.99739364 0.02761259
4516.945708 0.95718228 0.03000433
4516.983375 0.92391404 0.02553011
4517.021043 1.02311853 0.02344641
4517.058711 0.99442756 0.02580559
4517.096379 1.02238239 0.02807648
4517.134048 1.03412959 0.02896940
4517.171717 0.96783447 0.02733500
4517.209386 1.03696901 0.02708905
4517.247056 1.01264352 0.02729422
4517.284726 0.99218604 0.02638755
4517.322396 0.99511976 0.02901839
4517.360067 1.01225421 0.02865944
4517.397737 0.98599590 0.02739715
4517.435409 1.00823972 0.02814284
4517.473080 1.02230601 0.02539351
4517.510752 0.97682862 0.03063030
4517.548424 1.01951231 0.02802562
4517.586097 1.00989774 0.02564523
4517.623769 0.99163349 0.02666566
4517.661442 1.04080000 0.02723415
4517.699116 0.99701464 0.03003951
4517.736790 1.01184851 0.02852317
4517.774464 1.02220232 0.02714761
4517.812138 0.96431097 0.02776549
4517.849813 0.98635007 0.02878225
4517.887488 0.98317478 0.03246689
4517.925163 1.03088594 0.02927667
4517.962838 1.00504114 0.02808375
4518.000514 1.01361238 0.02553942
4518.038191 1.01185487 0.03107225
4518.075867 1.00776290 0.03069320
4518.113544 1.03331827 0.02954160
4518.151221 1.00731723 0.02649099
4518.188899 0.95917358 0.02586574
4518.226576 0.98301066 0.02756177
4518.264254 1.01372681 0.02906654
4518.301933 0.99859808 0.02710448
4518.339612 0.96617924 0.02314354
4518.377291 0.97663468 0.02653545
4518.414970 1.02510800 0.02503164
4518.452650 1.00597968 0.02744262
4518.490330 1.00524388 0.02884566
4518.528010 1.01141928 0.02367600
4518.565691 1.01096798 0.02738025
4518.603372 1.00579050 0.02867363
4518.641053 1.00889974 0.02770319
4518.678734 0.99123858 0.02867932
4518.716416 0.99304136 0.02691500
4518.754099 0.99226598 0.02366934
4518.791781 1.01470095 0.02881910
4518.829464 1.00599493 0.02648642
4518.867147 1.01206182 0.02756167
4518.904830 1.02646199 0.02584673
4518.942514 1.00548241 0.02852594
4518.980198 0.94729537 0.02739123
4519.017883 0.96585342 0.03009737
4519.055567 1.01649390 0.02580670
4519.093252 0.99269220 0.02834937
4519.130938 1.04683563 0.03088052
4519.168623 1.02692211 0.02979492
4519.206309 0.99455349 0.02750579
4519.243996 1.00964873 0.02842010
4519.281682 0.98822144 0.02708702
4519.319369 0.96251423 0.02706585
4519.357056 0.98653812 0.02749012
4519.394744 0.99366598 0.02787808
4519.432432 1.01227477 0.02271520
4519.470120 1.01252990 0.02857143
4519.507808 1.00750399 0.02528675
4519.545497 1.02148485 0.02671689
4519.583186 1.03749111 0.02686514
4519.620876 1.01322097 0.03038900
4519.658566 0.96465191 0.02681453
4519.696256 0.97173386 0.03014631
4519.733946 1.00181837 0.02784735
4519.771637 1.06418467 0.02481729
4519.809328 1.02205446 0.02709136
4519.847019 1.00302106 0.03110960
4519.884711 1.03166000 0.02418545
4519.922402 0.98100323 0.02824110
4519.960095 1.01931057 0.02797624
4519.997787 0.94955730 0.03035770
4520.035480 0.95456545 0.02996535
4520.073173 1.03241743 0.03010212
4520.110867 1.00295727 0.02899018
4520.148561 0.97354764 0.02599068
4520.186255 0.99457016 0.02624456
4520.223949 0.97219653 0.02555375
4520.261644 1.00533966 0.02941823
4520.299339 1.03765169 0.02844080
4520.337035 1.03112570 0.02769150
4520.374730 1.01754383 0.02643279
4520.412426 1.07792321 0.02896414
4520.450123 1.06733393 0.02630179
4520.487819 1.02520010 0.02566523
4520.525516 1.03781504 0.02616111
4520.563214 1.01115479 0.02857542
4520.600911 0.98098903 0.02643435
4520.638609 0.96633413 0.02456505
4520.676307 0.99421186 0.02629374
4520.714006 1.01104454 0.02786390
4520.751705 1.01772994 0.02568885
4520.789404 1.01619625 0.02687614
4520.827103 0.97624455 0.02970829
4520.864803 0.97706271 0.02498480
4520.902503 1.02075682 0.02731895
4520.940204 1.02062801 0.02580377
4520.977904 1.02464338 0.02721021
4521.015605 1.00100761 0.02964829
4521.053307 1.00561622 0.02951762
4521.091008 1.03032992 0.02856924
4521.128710 1.04520195 0.02846506
4521.166413 1.00111726 0.02342882
4521.204115 1.00790068 0.02627991
4521.241818 1.00642766 0.02602464
4521.279522 1.02991837 0.02591919
4521.317225 1.01291262 0.02275187
4521.354929 0.95958990 0.02814608
4521.392633 0.99183856 0.02483803
4521.430338 0.99580757 0.02512611
4521.468043 1.00976270 0.02919980
4521.505748 1.04819289 0.02514693
4521.543453 1.06876917 0.02540044
4521.581159 1.02694974 0.02485276
4521.618865 1.00895714 0.02429489
4521.656571 1.00205522 0.02817526
4521.694278 1.00875728 0.02333030
4521.731985 1.01855283 0.02690648
4521.769693 0.99691724 0.02394689
4521.807400 0.99617541 0.02423489
4521.845108 1.01265573 0.02405912
4521.882816 1.01880095 0.02916614
4521.920525 0.98679300 0.02790880
4521.958234 0.95433973 0.02670499
4521.995943 0.98284922 0.02614196
4522.033653 1.01774884 0.03010490
4522.071363 1.04779614 0.02673058
4522.109073 1.00250944 0.02463764
4522.146783 1.01639732 0.02733747
4522.184494 1.02022376 0.03006947
4522.222205 1.02905701 0.02632177
4522.259917 1.00649710 0.02808542
4522.297628 0.98864815 0.02814483
4522.335340 1.01810295 0.03134764
4522.373053 0.99447907 0.02481937
4522.410765 0.99918631 0.02563299
4522.448479 0.99276257 0.02850671
4522.486192 0.97078396 0.02788867
4522.523905 0.98349755 0.02850847
4522.561619 1.03568553 0.02453352
4522.599334 1.01650525 0.02619434
4522.637048 1.04546781 0.02491083
4522.674763 1.05867414 0.02677779
4522.712478 1.05161034 0.02878639
4522.750194 1.01696655 0.02501702
4522.787910 1.02687416 0.02690773
4522.825626 1.01303587 0.02349743
4522.863342 0.96165004 0.02480751
4522.901059 1.01840913 0.02665228
4522.938776 1.03306171 0.02654177
4522.976494 0.99267733 0.02556066
4523.014211 1.00964953 0.02528533
4523.051929 1.03257138 0.02890745
4523.089648 0.99673732 0.02842428
4523.127366 1.00095159 0.02564989
4523.165085 1.02511442 0.02150307
4523.202805 0.99231287 0.02437597
4523.240524 1.01136460 0.02436759
4523.278244 1.00187722 0.02445700
4523.315964 1.01364862 0.02569132
4523.353685 1.00040860 0.03109264
4523.391406 1.05694284 0.02555533
4523.429127 1.02274834 0.02717367
4523.466848 1.03815427 0.02465202
4523.504570 0.99166819 0.02879736
4523.542292 0.99342226 0.02817895
4523.580015 1.01120397 0.02848556
4523.617738 1.03072808 0.02819164
4523.655461 1.08635672 0.03139473
4523.693184 1.03026996 0.02776453
4523.730908 0.96814408 0.02666598
4523.768632 1.01141575 0.02632750
4523.806356 0.97724685 0.02771083
4523.844081 1.01139478 0.02674480
4523.881806 1.02935276 0.02703075
4523.919531 0.98813672 0.03011674
4523.957257 1.00244277 0.02943179
4523.994982 1.07839888 0.02780389
4524.032709 1.01846826 0.02657009
4524.070435 0.96552551 0.02633461
4524.108162 1.00073987 0.02599900
4524.145889 0.96251076 0.02742107
4524.183617 0.97808538 0.02751249
4524.221344 1.01044606 0.02617786
4524.259073 0.99026178 0.02411556
4524.296801 1.00742351 0.02738042
4524.334530 0.97948574 0.02668981
4524.372259 0.97283949 0.02618758
4524.409988 0.98779001 0.02603804
4524.447718 0.98665287 0.03032304
4524.485448 1.03780168 0.02575858
4524.523178 1.01673437 0.02612551
4524.560909 0.98183508 0.02699396
4524.598640 0.99961622 0.02494498
4524.636371 0.99029226 0.02830382
4524.674102 1.04653661 0.02825072
4524.711834 0.99467196 0.02411179
4524.749567 0.97590688 0.02770902
4524.787299 1.01821399 0.02718884
4524.825032 0.95854390 0.03008689
4524.862765 0.93343204 0.02938825
4524.900498 0.98759803 0.02969024
4524.938232 0.97616821 0.02827713
4524.975966 1.00039932 0.02736741
4525.013701 1.00920735 0.02712575
4525.051435 0.99326537 0.02626365
4525.089170 1.01969153 0.02613495
4525.126906 1.01321941 0.02711578
4525.164641 1.01446983 0.02773729
4525.202377 0.99308846 0.02880972
4525.240114 1.02454264 0.02751726
4525.277850 0.99540702 0.02817528
4525.315587 0.99213943 0.02750606
4525.353324 0.97690591 0.02997775
4525.391062 0.98516362 0.02631314
4525.428800 1.02549176 0.02524427
4525.466538 1.03080890 0.02637540
4525.504276 1.06769048 0.02731807
4525.542015 0.99214571 0.02927981
4525.579754 0.99116095 0.02761189
4525.617494 1.00819325 0.02806099
4525.655234 1.01033474 0.02598776
4525.692974 0.97173936 0.02749597
4525.730714 1.01737695 0.02413149
4525.768455 1.02120307 0.02510180
4525.806196 1.04428977 0.02604014
4525.843937 1.00924648 0.03049769
4525.881679 1.00378927 0.02651608
4525.919421 0.98520230 0.02444234
4525.957163 1.00932137 0.02630242
4525.994905 1.02547292 0.02547581
4526.032648 0.99133962 0.02915770
4526.070392 1.01460108 0.02723108
4526.108135 1.00879568 0.02690052
4526.145879 0.99273787 0.02533260
4526.183623 0.96802341 0.02579235
4526.221367 0.95138548 0.03152168
4526.259112 0.92563291 0.02939538
4526.296857 0.99556523 0.02708180
4526.334603 0.98276999 0.02771346
4526.372349 0.98758008 0.02854823
4526.410095 0.97105474 0.03108933
4526.447841 0.95538287 0.03165517
4526.485588 0.97092203 0.02709529
4526.523335 0.97824018 0.02963391
4526.561082 0.99675548 0.02809821
4526.598829 0.98626255 0.02636320
4526.636577 1.02543378 0.03062933
4526.674326 1.02282281 0.02768039
4526.712074 0.99125470 0.02913980
4526.749823 0.99253460 0.03005983
4526.787572 1.03299621 0.02681721
4526.825322 0.98571445 0.02797637
4526.863072 0.98137552 0.02360673
4526.900822 1.02238281 0.02707342
4526.938572 1.02464594 0.02796269
4526.976323 1.00925848 0.02642915
4527.014074 0.97565309 0.02936557
4527.051825 0.98278489 0.02679986
4527.089577 0.99241046 0.02419264
4527.127329 0.98941294 0.02644233
4527.165081 1.02239053 0.02688143
4527.202834 1.01929831 0.02794706
4527.240587 0.95706320 0.02716745
4527.278340 0.99620032 0.02779770
4527.316094 0.98521485 0.02455606
4527.353848 1.00867430 0.03187519
4527.391602 1.01911875 0.02803907
4527.429357 0.98476428 0.02688004
4527.467111 0.94337500 0.02313927
4527.504867 0.98765834 0.02887175
4527.542622 1.04557147 0.02720250
4527.580378 0.97241698 0.02483315
4527.618134 0.99583030 0.02585890
4527.655890 1.00696405 0.02821053
4527.693647 0.94637094 0.03074161
4527.731404 0.93040860 0.02712120
4527.769162 0.95938536 0.02675342
4527.806919 0.96539209 0.02837004
4527.844677 1.01484592 0.02595332
4527.882436 1.00398318 0.02721155
4527.920194 0.97905966 0.02590517
4527.957953 0.95044769 0.02563722
4527.995712 0.96990869 0.02830310
4528.033472 1.01182748 0.02699553
4528.071232 0.97783228 0.02812646
4528.108992 0.95828027 0.02757118
4528.146753 0.92708699 0.02915727
4528.184514 0.93678646 0.02553109
4528.222275 0.93480674 0.02606354
4528.260036 0.94106556 0.02694748
4528.297798 0.96687809 0.03029208
4528.335560 0.94965298 0.02471799
4528.373322 0.99263090 0.02905162
4528.411085 1.00557540 0.03267618
4528.448848 0.96452440 0.02863039
4528.486612 0.93494850 0.02653970
4528.524375 0.93728251 0.02578974
4528.562139 0.92905147 0.02289272
4528.599904 0.94563097 0.02944591
4528.637668 0.96335003 0.02935127
4528.675433 0.94676134 0.02696526
4528.713198 0.96056105 0.02355835
4528.750964 0.93874024 0.02779129
4528.788730 0.90991401 0.02664413
4528.826496 0.94879038 0.02869332
4528.864262 0.98694169 0.02965104
4528.902029 0.92849938 0.02704461
4528.939796 0.93740484 0.02787394
4528.977564 0.90058865 0.02273679
4529.015332 0.90231778 0.02458184
4529.053100 0.94012896 0.02701414
4529.090868 0.96149932 0.02767296
4529.128637 0.96126103 0.02560605
4529.166406 0.99986410 0.02659846
4529.204175 0.97242483 0.02824415
4529.241945 0.96477274 0.02844299
4529.279715 0.98312122 0.02644631
4529.317485 0.98395458 0.02548201
4529.355256 0.94052215 0.02921223
4529.393027 0.96267395 0.02429505
4529.430798 0.91772688 0.02787448
4529.468569 0.94272962 0.02639070
4529.506341 0.98530638 0.02872705
4529.544113 0.99807948 0.02859884
4529.581886 0.94871379 0.02869808
4529.619659 0.90917580 0.02560255
4529.657432 0.98422068 0.02335676
4529.695205 0.98611543 0.02579642
4529.732979 0.94999023 0.03045323
4529.770753 0.91062273 0.02964224
4529.808527 0.95562113 0.02726009
4529.846302 0.94685305 0.02795438
4529.884077 0.96049215 0.02773630
4529.921852 0.97557177 0.02417975
4529.959628 0.99713134 0.02629428
4529.997404 0.98087203 0.03027588
4530.035180 0.95494395 0.02428481
4530.072957 0.96195859 0.02878202
4530.110734 0.97136420 0.02487224
4530.148511 0.96704814 0.03080726
4530.186289 0.96716468 0.02921775
4530.224066 0.93974314 0.02988675
4530.261845 0.97360853 0.03069647
4530.299623 0.94681868 0.02657117
4530.337402 1.01448788 0.02807832
4530.375181 0.95710485 0.02562873
4530.412960 0.97507523 0.02525539
4530.450740 0.99627840 0.02975516
4530.488520 0.98943184 0.02789638
4530.526300 0.95544024 0.02797222
4530.564081 1.00616923 0.02956553
4530.601862 0.98868029 0.02834907
4530.639643 1.00008058 0.02832776
4530.677425 0.97481723 0.02655853
4530.715207 0.96483747 0.02875211
4530.752989 0.95610929 0.02606993
4530.790772 0.94991573 0.02659396
4530.828555 0.95224427 0.02303216
4530.866338 0.94740913 0.02716817
4530.904121 0.96631576 0.02648947
4530.941905 0.98368583 0.02812909
4530.979689 0.98468444 0.03154995
4531.017474 0.98561478 0.02663678
4531.055259 0.98886906 0.02615425
4531.093044 1.03035016 0.02828663
4531.130829 0.97962664 0.02706700
4531.168615 0.99982480 0.02621446
4531.206401 0.95990694 0.02492597
4531.244187 1.00484300 0.02747346
4531.281974 1.01913745 0.02547691
4531.319761 0.99060730 0.02913344
4531.357548 0.99568604 0.03034049
4531.395336 0.94559360 0.02651411
4531.433124 1.03494051 0.02452424
4531.470912 1.02229060 0.02446934
4531.508701 0.97556963 0.02756562
4531.546489 1.01186842 0.02853442
4531.584279 0.98462901 0.02471002
4531.622068 1.00338412 0.03077825
4531.659858 1.00919808 0.02726752
4531.697648 1.02403818 0.02575945
4531.735439 1.00101855 0.02975733
4531.773229 1.01158018 0.02690485
4531.811020 1.01171458 0.02293864
4531.848812 1.05129753 0.02556392
4531.886603 1.05545609 0.02587710
4531.924396 1.01328482 0.02727395
4531.962188 0.99618291 0.02660030
4531.999981 1.03705805 0.02713175
4532.037773 1.00733362 0.02642320
4532.075567 1.00340933 0.02573113
4532.113360 0.99526319 0.02575589
4532.151154 1.01654699 0.02819370
4532.188949 1.04634941 0.02572466
4532.226743 1.00127739 0.02596554
4532.264538 1.00987140 0.02944264
4532.302333 0.98105718 0.02903948
4532.340129 0.99091369 0.02769214
4532.377924 1.03028542 0.02933147
4532.415721 1.00310438 0.02958944
4532.453517 1.01563272 0.02722962
4532.491314 0.98777478 0.02932132
4532.529111 0.97250493 0.02586957
4532.566908 0.95021828 0.02690678
4532.604706 1.01158538 0.02773739
4532.642504 0.99024580 0.02604494
4532.680302 0.93435873 0.02437989
4532.718101 0.99180314 0.02486176
4532.755900 0.97207511 0.02894407
4532.793699 1.00248954 0.02698757
4532.831499 1.02962926 0.02454163
4532.869299 1.04666068 0.02586943
4532.907099 1.02529745 0.03121899
4532.944899 0.99146334 0.02780962
4532.982700 1.03599608 0.02608251
4533.020501 1.00902917 0.02714062
4533.058303 0.95755354 0.02573340
4533.096105 0.98116316 0.02518766
4533.133907 0.97884711 0.02858000
4533.171709 1.00422259 0.02983872
4533.209512 1.01578802 0.02621929
4533.247315 0.98776858 0.02694000
4533.285118 0.97889937 0.03026542
4533.322922 1.02750876 0.02627726
4533.360726 1.03153860 0.02816399
4533.398530 1.03620744 0.02619468
4533.436335 0.98645984 0.02877326
4533.474140 0.99701442 0.02715518
4533.511945 0.97638011 0.03064942
4533.549751 1.02100167 0.02684664
4533.587557 1.04589798 0.02749258
4533.625363 0.96979105 0.02835521
4533.663169 1.00068824 0.02670255
4533.700976 0.98070305 0.02958139
4533.738783 1.01311456 0.02990605
4533.776591 1.00153069 0.02529993
4533.814399 1.01629539 0.02479743
4533.852207 0.97250463 0.02830374
4533.890015 0.97737689 0.02470942
4533.927824 0.99345854 0.02502233
4533.965633 1.03705435 0.02329959
4534.003442 1.02004711 0.02642628
4534.041252 0.96343306 0.02462497
4534.079062 0.97347069 0.02724859
4534.116872 1.02686960 0.02884159
4534.154683 1.02299137 0.02472385
4534.192494 0.99590979 0.02971556
4534.230305 0.96972490 0.03051026
4534.268117 0.97270219 0.02708335
4534.305928 0.92792712 0.02463550
4534.343741 0.97430689 0.02620325
4534.381553 0.97830202 0.02566636
4534.419366 0.98865225 0.02953556
4534.457179 1.02349992 0.02665696
4534.494993 1.04148822 0.02554905
4534.532806 1.02609887 0.03114364
4534.570620 0.99686865 0.02305805
4534.608435 1.04198399 0.02591247
4534.646250 1.01887743 0.02584531
4534.684065 0.97557928 0.02820949
4534.721880 0.99523245 0.02709131
4534.759696 1.03781061 0.02731413
4534.797512 1.05716082 0.02374833
4534.835328 0.98818982 0.02580252
4534.873145 0.95468614 0.02738679
4534.910962 0.97351661 0.02819660
4534.948779 0.99022070 0.02947670
4534.986596 1.03845368 0.02757222
4535.024414 0.98671204 0.02852210
4535.062232 1.00456334 0.02796338
4535.100051 1.01485789 0.02666447
4535.137870 0.99349286 0.02810923
4535.175689 0.99050212 0.02751300
4535.213508 1.02164232 0.02758950
4535.251328 1.03962855 0.02416906
4535.289148 0.99914703 0.03057952
4535.326969 1.01730048 0.02753810
4535.364789 0.99655319 0.02463526
4535.402610 1.02676304 0.02491938
4535.440432 1.02614707 0.02867805
4535.478253 0.97673284 0.03142678
4535.516075 0.97793195 0.02687728
4535.553898 1.00339608 0.02629880
4535.591720 0.99712241 0.02740550
4535.629543 0.99758486 0.02639843
4535.667366 0.96165078 0.02260850
4535.705190 0.99464149 0.02945749
4535.743014 1.02253046 0.02605514
4535.780838 1.02503342 0.02599268
4535.818662 1.03075533 0.02850201
4535.856487 1.02763808 0.02995120
4535.894312 1.00581556 0.02589759
4535.932138 1.01648234 0.02739648
4535.969964 1.00778071 0.02573834
4536.007790 0.99910893 0.02921506
4536.045616 1.00406915 0.02546742
4536.083443 1.00025830 0.03009696
4536.121270 0.98642643 0.02492357
4536.159097 1.01632798 0.02666959
4536.196925 1.01685997 0.02582222
4536.234753 0.97226255 0.02741069
4536.272581 1.01978166 0.02880489
4536.310410 1.01328412 0.02557155
4536.348239 1.00601109 0.02877586
4536.386068 0.98360739 0.02543020
4536.423897 0.99969845 0.02763631
4536.461727 1.00102009 0.02454490
4536.499557 1.03382146 0.02542570
4536.537388 0.98393593 0.02470164
4536.575219 0.98329194 0.02716775
4536.613050 0.99446306 0.02568132
4536.650881 0.98597562 0.02877663
4536.688713 1.00103880 0.02661463
4536.726545 0.97524825 0.02685581
4536.764377 1.02347964 0.02634092
4536.802210 1.00656138 0.02649066
4536.840043 0.94604491 0.02591715
4536.877876 1.00114728 0.02595788
4536.915710 1.02586557 0.02662634
4536.953544 0.99037132 0.02742215
4536.991378 0.96676159 0.02791372
4537.029213 0.98846588 0.02776319
4537.067048 1.00447488 0.02514058
4537.104883 1.03205109 0.02592750
4537.142719 1.02074849 0.02524374
4537.180554 1.05593308 0.02783673
4537.218391 0.99809648 0.02820124
4537.256227 0.99669671 0.02703208
4537.294064 1.02548015 0.02678444
4537.331901 0.97569153 0.03132368
4537.369738 1.00767327 0.02363974
4537.407576 0.97191586 0.02711372
4537.445414 0.99685875 0.03010300
4537.483253 1.00515630 0.02899848
4537.521091 1.01991861 0.02749350
4537.558930 0.97490031 0.02905465
4537.596770 1.02033689 0.02865564
4537.634609 0.98341702 0.02906116
4537.672449 0.99512222 0.02911406
4537.710290 1.01717004 0.02758149
4537.748130 0.96974461 0.03140897
4537.785971 0.99002618 0.02572803
4537.823812 1.08626959 0.03080046
4537.861654 1.06689124 0.02349432
4537.899496 1.02593324 0.02773365
4537.937338 1.03913105 0.02650946
4537.975180 0.98119054 0.02577552
4538.013023 1.00152303 0.02797377
4538.050866 1.05824590 0.02531232
4538.088710 1.00943235 0.02861302
4538.126553 0.98026277 0.02227155
4538.164397 0.91525676 0.02581327
4538.202242 0.98830413 0.02813281
4538.240087 0.96817506 0.02841048
4538.277932 0.95069572 0.02910649
4538.315777 1.00963724 0.02722268
4538.353622 0.97535585 0.02627985
4538.391468 1.02141954 0.02632054
4538.429315 1.03067536 0.02470859
4538.467161 1.02217008 0.02931197
4538.505008 1.04747125 0.02560146
4538.542855 1.01489153 0.02726481
4538.580703 0.99514418 0.02675104
4538.618551 0.97955122 0.02971734
4538.656399 1.04122131 0.02599171
4538.694247 1.00703688 0.02956306
4538.732096 0.92981221 0.02735524
4538.769945 0.98786689 0.03005788
4538.807795 1.04238276 0.02634401
4538.845644 0.99052189 0.02650447
4538.883495 0.98336930 0.02610013
4538.921345 0.97062903 0.02899438
4538.959196 0.96233237 0.02827360
4538.997047 1.00309637 0.02850931
4539.034898 0.99503131 0.02448711
4539.072750 0.98795126 0.02814673
4539.110602 0.99434089 0.02664580
4539.148454 1.02389219 0.02621048
4539.186306 1.04842716 0.02558187
4539.224159 0.99305295 0.02947867
4539.262012 0.97666759 0.02616352
4539.299866 0.96073715 0.03025213
4539.337720 1.01320090 0.02621030
4539.375574 1.01453160 0.02938560
4539.413428 1.03263811 0.02582095
4539.451283 0.97464623 0.02829001
4539.489138 0.97375159 0.02679094
4539.526994 0.96868584 0.02853035
4539.564850 0.97718919 0.02862866
4539.602706 1.01587152 0.03047714
4539.640562 1.02111771 0.03122989
4539.678419 1.01860991 0.02784697
4539.716276 0.98706348 0.03100563
4539.754133 1.00974008 0.02289264
4539.791991 1.02039271 0.02631589
4539.829849 0.95688174 0.02587341
4539.867707 0.97374537 0.02592504
4539.905565 0.99927710 0.02824689
4539.943424 0.96844486 0.02894125
4539.981283 0.96844333 0.03017934
4540.019143 0.92769301 0.02822978
4540.057003 0.99400268 0.02727452
4540.094863 1.00653313 0.02690577
4540.132723 1.01356916 0.02591669
4540.170584 0.96821828 0.02507168
4540.208445 0.98840079 0.02760582
4540.246307 0.98745805 0.02903538
4540.284169 1.00733436 0.02618820
4540.322031 1.02089694 0.02559156
4540.359893 0.98962080 0.02766909
4540.397756 1.00197614 0.02691891
4540.435619 0.98798330 0.02723769
4540.473482 1.02345448 0.02699179
4540.511346 0.99245071 0.02843033
4540.549210 0.95045823 0.02688658
4540.587074 0.96860909 0.02886139
4540.624938 0.94341465 0.02972803
4540.662803 1.02756971 0.02341222
4540.700668 1.04791780 0.02657748
4540.738534 1.07503211 0.03285330
4540.776400 1.02121054 0.02515883
4540.814266 0.99914795 0.02640251
4540.852132 0.98217239 0.02662873
4540.889999 0.98686783 0.02421090
4540.927866 1.00289906 0.02128301
4540.965734 1.02513109 0.02787120
4541.003602 1.01820591 0.02639331
4541.041470 1.00549501 0.02765373
4541.079338 1.02063953 0.02754865
4541.117207 1.04359279 0.02635573
4541.155076 1.05520218 0.02572238
4541.192945 1.00226100 0.02691632
4541.230815 1.04071473 0.02631856
4541.268685 1.02963827 0.02879687
4541.306555 1.02661869 0.02581586
4541.344425 1.04024153 0.02818823
4541.382296 1.00710767 0.02662211
4541.420167 1.04027807 0.02668315
4541.458039 1.00514688 0.02943452
4541.495911 1.02399547 0.02455686
4541.533783 0.99833416 0.02732994
4541.571655 0.97821365 0.02395822
4541.609528 1.02435463 0.02744179
4541.647401 1.01914531 0.02186693
4541.685275 0.99199917 0.02832798
4541.723149 1.01314198 0.02778332
4541.761023 0.99429660 0.02661798
4541.798897 0.99770246 0.02913627
4541.836772 0.93334295 0.03065900
4541.874647 1.03155075 0.02952058
4541.912522 1.01002669 0.02558757
4541.950398 0.95999465 0.02569269
4541.988274 0.99631847 0.02686428
4542.026150 1.02962364 0.02692919
4542.064026 0.99323664 0.02730478
4542.101903 0.99063529 0.02743808
4542.139780 0.98940830 0.02631909
4542.177658 1.04957712 0.02634704
4542.215536 1.03253293 0.02950178
4542.253414 0.99527004 0.02870720
4542.291292 0.96089987 0.02592380
4542.329171 0.92508444 0.02737651
4542.367050 1.02561324 0.02531045
4542.404930 0.96414077 0.02558032
4542.442810 0.96577584 0.03009069
4542.480690 0.93468848 0.02566888
4542.518570 0.98558594 0.02907877
4542.556451 1.02631897 0.02524093
4542.594332 0.97804446 0.02748215
4542.632213 0.98486806 0.02680067
4542.670095 0.98954325 0.02644021
4542.707977 0.98341293 0.02776904
4542.745859 0.99552079 0.02726593
4542.783741 1.01703924 0.02741319
4542.821624 1.02627140 0.02934075
4542.859507 1.03891985 0.02843081
4542.897391 1.04231840 0.02767153
4542.935275 1.02988252 0.02540858
4542.973159 1.03141632 0.02699945
4543.011043 1.00235661 0.02948405
4543.048928 1.00771413 0.02650435
4543.086813 0.99096308 0.02899635
4543.124699 0.98066231 0.02748538
4543.162585 0.97451423 0.02997399
4543.200471 0.98447062 0.02909007
4543.238357 0.98959162 0.02709101
4543.276244 0.98268709 0.02879190
4543.314131 1.01801678 0.02735303
4543.352018 0.98311486 0.02905941
4543.389906 0.98056797 0.03312511
4543.427794 1.04050550 0.02535701
4543.465682 1.01937632 0.02634034
4543.503570 1.01713677 0.02794174
4543.541459 1.00467110 0.02817395
4543.579349 1.04777919 0.02775704
4543.617238 0.99993909 0.02570150
4543.655128 1.00884591 0.02752193
4543.693018 1.00000960 0.02704379
4543.730909 1.02597753 0.02634462
4543.768799 1.02017801 0.02416207
4543.806690 1.01299930 0.02667707
4543.844582 1.02176673 0.02437150
4543.882474 0.99362600 0.02791134
4543.920366 0.99649355 0.02586936
4543.958258 1.01657796 0.02703060
4543.996151 1.00635429 0.02824928
4544.034044 1.04096618 0.02842498
4544.071937 0.99019954 0.02397769
4544.109831 0.95344095 0.02667552
4544.147725 0.94082037 0.02827555
4544.185619 0.96313009 0.02598673
4544.223514 0.99246521 0.02869392
4544.261408 1.00597803 0.03113822
4544.299304 1.03012246 0.02659883
4544.337199 1.02021482 0.02729872
4544.375095 0.98565255 0.02649597
4544.412991 1.01411986 0.02738572
4544.450888 1.00504588 0.02753142
4544.488785 0.95511752 0.02826666
4544.526682 0.99979515 0.02844244
4544.564579 0.98299539 0.02413010
4544.602477 1.01281470 0.02719639
4544.640375 1.01798031 0.02485134
4544.678273 0.99998974 0.02664073
4544.716172 0.97759814 0.02763514
4544.754071 1.00412689 0.02707662
4544.791970 0.99072447 0.02688648
4544.829870 0.99500400 0.03031150
4544.867770 0.99381591 0.03056368
4544.905670 0.98405272 0.02713793
4544.943571 1.01447870 0.02772853
4544.981472 0.97447225 0.02733231
4545.019373 0.95834661 0.02768467
4545.057274 0.99002365 0.02835562
4545.095176 0.97509296 0.02648690
4545.133078 0.97701760 0.03030067
4545.170981 1.01558607 0.02843679
4545.208884 0.99033677 0.02551481
4545.246787 0.97000848 0.02465053
4545.284690 1.01159271 0.02841001
4545.322594 1.00423059 0.02836299
4545.360498 0.98823389 0.02501912
4545.398403 0.98987029 0.02350983
4545.436307 0.99109148 0.02606782
4545.474212 0.97067822 0.02911948
4545.512118 0.99183870 0.02831887
4545.550023 0.99262100 0.02956465
4545.587929 0.98645802 0.03047656
4545.625835 0.99177754 0.02142172
4545.663742 1.02819515 0.02550404
4545.701649 0.99871599 0.02643000
4545.739556 0.97678888 0.03032754
4545.777464 0.97308615 0.02917329
4545.815372 0.99971916 0.02365441
4545.853280 1.00037313 0.02786919
4545.891188 1.01177856 0.02680607
4545.929097 0.99422800 0.02637159
4545.967006 0.93909719 0.02686699
4546.004916 0.97145156 0.02991930
4546.042825 0.95143655 0.02749759
4546.080735 0.98438123 0.03005448
4546.118646 0.97707707 0.02797868
4546.156557 1.00309021 0.02812759
4546.194468 1.00212419 0.02907767
4546.232379 0.97470766 0.02725448
4546.270291 0.98152767 0.02734733
4546.308203 0.97764259 0.02686628
4546.346115 0.98880973 0.02963658
4546.384027 0.98011501 0.03331656
4546.421940 0.97634046 0.02739660
4546.459854 1.01365023 0.02425179
4546.497767 1.02069890 0.02856238
4546.535681 0.95006987 0.02765594
4546.573595 0.98618038 0.02752580
4546.611510 0.96329872 0.02550082
4546.649425 0.99313722 0.02636062
4546.687340 1.02402548 0.02590948
4546.725255 1.02515166 0.02788256
4546.763171 0.98743238 0.02738755
4546.801087 0.96912037 0.02653634
4546.839003 1.02660486 0.02700221
4546.876920 1.03171673 0.02881625
4546.914837 0.99120409 0.02603656
4546.952754 0.95290447 0.02848460
4546.990672 0.94741008 0.02669828
4547.028590 0.97799055 0.02682543
4547.066508 0.97979202 0.02546595
4547.104427 0.99813267 0.02659189
4547.142346 1.01397109 0.02721955
4547.180265 0.99979537 0.02811049
4547.218185 0.95637698 0.02667014
4547.256105 0.96020577 0.02920023
4547.294025 0.96365013 0.02548211
4547.331945 1.00283263 0.02789138
4547.369866 0.96511503 0.02826186
4547.407787 0.97692932 0.02780972
4547.445709 0.96781625 0.02567182
4547.483631 1.00164745 0.02609454
4547.521553 1.02978143 0.02859690
4547.559475 1.03998057 0.02586957
4547.597398 1.02257377 0.02858599
4547.635321 1.04272058 0.02759241
4547.673244 0.98049847 0.02886657
4547.711168 1.02194916 0.02965793
4547.749092 1.01243295 0.02982978
4547.787016 0.97624388 0.02477787
4547.824941 1.03038863 0.02907566
4547.862866 1.04968299 0.02607903
4547.900791 0.99316933 0.02784642
4547.938716 0.94986447 0.03119551
4547.976642 0.97749830 0.02727791
4548.014569 1.00159935 0.02620399
4548.052495 1.01076005 0.02712021
4548.090422 1.01993883 0.02490100
4548.128349 1.02119092 0.02972154
4548.166277 1.02369750 0.02438077
4548.204204 1.00460940 0.02987104
4548.242132 0.96385427 0.02950904
4548.280061 1.02756194 0.02826294
4548.317990 1.00488692 0.02483534
4548.355919 0.95729495 0.02808029
4548.393848 0.98872261 0.02758573
4548.431778 0.96261913 0.02697507
4548.469708 0.97056814 0.02755295
4548.507638 0.99688409 0.02562757
4548.545569 1.02485792 0.02847413
4548.583500 1.02705957 0.02856369
4548.621431 1.01734213 0.03368239
4548.659362 0.98851501 0.02793941
4548.697294 0.99490649 0.02669451
4548.735226 0.99934924 0.02964799
4548.773159 1.02270448 0.02956980
4548.811092 1.04899576 0.02787256
4548.849025 1.03338910 0.02802182
4548.886958 1.01844852 0.02514018
4548.924892 1.01984285 0.02886135
4548.962826 0.99661173 0.02499194
4549.000761 1.03168303 0.02867375
4549.038696 1.05531589 0.02431310
4549.076631 0.98268162 0.02594214
4549.114566 0.99612997 0.02766949
4549.152502 0.99184697 0.02616319
4549.190438 1.02678336 0.02591085
4549.228374 0.94161372 0.03016919
4549.266311 0.98262969 0.02775651
4549.304248 0.97386939 0.02674150
4549.342185 0.95579250 0.02927935
4549.380122 1.05009472 0.02576127
4549.418060 1.00349448 0.02402805
4549.455999 1.01461080 0.02744386
4549.493937 1.00766750 0.02728830
4549.531876 0.96610624 0.02923244
4549.569815 0.98377843 0.02439259
4549.607755 1.03967946 0.02696125
4549.645694 1.01574539 0.02306086
4549.683635 0.99714719 0.02754528
4549.721575 1.00232053 0.02965097
4549.759516 1.02664071 0.02719060
4549.797457 0.97727917 0.02770097
4549.835398 0.98835563 0.02755099
4549.873340 1.02377948 0.02799415
4549.911282 1.00566859 0.02581752
4549.949224 1.02363817 0.02797282
4549.987167 1.01360051 0.02875795
4550.025110 0.94966710 0.02315206
4550.063053 0.99476326 0.02784439
4550.100997 0.99493115 0.02769925
4550.138941 0.99435955 0.02668361
4550.176885 1.02685925 0.02750140
4550.214829 1.01969555 0.02809906
4550.252774 1.00026259 0.02786230
4550.290719 1.01058432 0.02691330
4550.328665 1.00761024 0.03136128
4550.366611 0.98269557 0.02833981
4550.404557 0.97397575 0.02845106
4550.442503 1.01109412 0.03246598
4550.480450 0.99928395 0.02987664
4550.518397 0.97472089 0.02720044
4550.556345 0.99484138 0.03008923
4550.594292 0.97404949 0.02661518
4550.632240 1.00119363 0.02509235
4550.670189 0.98895945 0.02471475
4550.708137 0.97615769 0.02509599
4550.746086 0.99265942 0.02324669
4550.784036 0.95170610 0.02737184
4550.821985 0.99078420 0.02603158
4550.859935 1.07247522 0.02853524
4550.897885 0.95739586 0.02477898
4550.935836 0.98779071 0.02798404
4550.973787 1.00237172 0.02933691
4551.011738 0.95911354 0.02599991
4551.049690 0.95348638 0.02932791
4551.087641 0.99534016 0.02708545
4551.125594 1.01951983 0.02815957
4551.163546 0.96401093 0.02884182
4551.201499 0.90624550 0.02850936
4551.239452 0.93651969 0.03098209
4551.277405 0.91541692 0.02538669
4551.315359 0.99812454 0.02622178
4551.353313 0.97207223 0.02778307
4551.391267 0.89163937 0.02611135
4551.429222 0.92337285 0.02673617
4551.467177 0.94272125 0.02743683
4551.505132 0.97775987 0.02946418
4551.543088 0.94992160 0.02617423
4551.581044 0.92136512 0.03251183
4551.619000 0.90613800 0.02999645
4551.656957 0.91165074 0.02739628
4551.694914 0.93118571 0.02415317
4551.732871 0.93447188 0.02506802
4551.770828 0.92750051 0.02987338
4551.808786 0.95557299 0.02865830
4551.846744 0.91676764 0.02894340
4551.884703 0.88516450 0.02649504
4551.922662 0.90152625 0.02360018
4551.960621 0.88501471 0.02809864
4551.998580 0.88832357 0.02749822
4552.036540 0.91347093 0.02726270
4552.074500 0.94453209 0.02573473
4552.112460 0.93988785 0.02598407
4552.150421 0.90471226 0.02737500
4552.188382 0.90371840 0.02936246
4552.226343 0.93106071 0.03309530
4552.264305 0.92812210 0.02947011
4552.302267 0.88500005 0.02821722
4552.340229 0.88650415 0.02963809
4552.378192 0.90069195 0.02895796
4552.416155 0.91186113 0.02667403
4552.454118 0.90585520 0.02521143
4552.492082 0.91715558 0.02825670
4552.530045 0.92284996 0.02557323
4552.568010 0.91165074 0.02701208
4552.605974 0.93644034 0.02886609
4552.643939 0.88894736 0.02909631
4552.681904 0.89695275 0.02854109
4552.719869 0.94677253 0.02690892
4552.757835 0.89122580 0.02819682
4552.795801 0.89986924 0.02686354
4552.833768 0.89715730 0.02284428
4552.871734 0.88135130 0.02371261
4552.909701 0.90180089 0.02884883
4552.947669 0.90946981 0.03028126
4552.985636 0.87396029 0.02667038
4553.023604 0.92190567 0.02484858
4553.061573 0.95326881 0.02646191
4553.099541 0.91528624 0.02506696
4553.137510 0.91178951 0.03030962
4553.175479 0.92548928 0.02652217
4553.213449 0.86433349 0.02947583
4553.251419 0.92284361 0.03040774
4553.289389 0.92042823 0.02894028
4553.327359 0.88404968 0.02451064
4553.365330 0.87005810 0.02619409
4553.403301 0.88566235 0.02867860
4553.441273 0.95863288 0.02922654
4553.479245 0.94370889 0.02876419
4553.517217 0.92881227 0.02523456
4553.555189 0.94092655 0.02637779
4553.593162 0.92720941 0.02908284
4553.631135 0.97161735 0.02609280
4553.669108 0.95884370 0.02504184
4553.707082 0.94618462 0.02430396
4553.745056 0.94846820 0.02741181
4553.783030 0.92843971 0.02828841
4553.821005 0.90048402 0.02533944
4553.858980 0.91880314 0.02787914
4553.896955 0.93183309 0.02597629
4553.934931 0.94591510 0.02520270
4553.972907 0.93902216 0.02807743
4554.010883 0.97172479 0.02792241
4554.048859 1.00504101 0.02726951
4554.086836 0.98022629 0.02461899
4554.124813 0.97486237 0.02693504
4554.162791 0.96109648 0.02540549
4554.200769 0.97584720 0.02860011
4554.238747 0.95084399 0.02661388
4554.276725 1.01282510 0.02774019
4554.314704 0.98751940 0.02214355
4554.352683 0.95526299 0.02424043
4554.390662 0.99080319 0.02527423
4554.428642 1.00281084 0.02852117
4554.466622 0.99491867 0.02994753
4554.504602 1.02238711 0.02551834
4554.542583 0.99996366 0.02357952
4554.580564 1.02398058 0.02633043
4554.618545 1.01045032 0.02556217
4554.656527 0.99705252 0.02398303
4554.694509 1.01053125 0.03049476
4554.732491 0.97072150 0.02757399
4554.770473 0.97721727 0.02597366
4554.808456 1.02037863 0.02469408
4554.846439 1.02214467 0.02745008
4554.884423 0.99448813 0.03004443
4554.922407 1.04354143 0.03060690
4554.960391 0.99258433 0.03134562
4554.998375 1.04842532 0.02943506
4555.036360 0.98957086 0.02603843
4555.074345 1.01965433 0.02954267
4555.112330 1.01217717 0.02739511
4555.150316 0.99712885 0.02554749
4555.188302 1.02746959 0.02764500
4555.226289 1.00255801 0.02475950
4555.264275 1.03000687 0.02639127
4555.302262 1.01526928 0.02882398
4555.340249 1.02342964 0.02881075
4555.378237 0.98947145 0.03042200
4555.416225 1.02437177 0.02789751
4555.454213 1.04423133 0.02448871
4555.492202 1.02848119 0.02608132
4555.530191 0.99405318 0.02238885
4555.568180 0.96140852 0.02981617
4555.606169 1.01174319 0.02626718
4555.644159 0.97236092 0.02803642
4555.682149 0.98652022 0.02910612
4555.720140 0.96439022 0.03006140
4555.758131 0.98966554 0.02806002
4555.796122 1.01301447 0.02455322
4555.834113 1.02841503 0.02522170
4555.872105 1.02491547 0.02736220
4555.910097 0.98665739 0.02690238
4555.948089 1.03956854 0.02565752
4555.986082 0.98407903 0.02652131
4556.024075 1.00177653 0.02783929
4556.062068 1.04686679 0.02644831
4556.100062 1.01005083 0.02933019
4556.138056 1.01156599 0.02740416
4556.176050 0.99252761 0.02760845
4556.214045 1.05417891 0.02635537
4556.252039 1.01177736 0.02526443
4556.290035 0.98986923 0.03047832
4556.328030 1.01273263 0.02744252
4556.366026 0.99251950 0.02895096
4556.404022 0.96366945 0.02810076
4556.442019 0.99028855 0.02579634
4556.480015 0.95935798 0.02554931
4556.518013 0.98768652 0.02533840
4556.556010 1.04841635 0.02440597
4556.594008 1.00932702 0.03017101
4556.632006 0.98920942 0.02691840
4556.670004 1.04399919 0.02996629
4556.708003 0.99633771 0.02932290
4556.746002 0.98187647 0.02688043
4556.784001 0.97969139 0.03156035
4556.822001 0.99151796 0.02682258
4556.860001 0.98005206 0.02470007
4556.898001 0.97395640 0.02721414
4556.936002 0.99226001 0.02330528
4556.974003 1.07067253 0.02619539
4557.012004 1.05578866 0.02431666
4557.050005 0.98202610 0.02661101
4557.088007 0.98937412 0.02963926
4557.126009 0.96476214 0.02624815
4557.164012 1.00377141 0.02437204
4557.202015 0.98671194 0.02939437
4557.240018 0.99301857 0.02639907
4557.278021 1.00586477 0.02975283
4557.316025 0.98978714 0.02821757
4557.354029 1.02364764 0.02338761
4557.392034 1.01992172 0.02819138
4557.430038 1.01256092 0.02781854
4557.468043 0.99344567 0.02555905
4557.506049 1.01983084 0.02865308
4557.544054 0.99519789 0.02828978
4557.582060 0.99346488 0.02764461
4557.620067 1.01624681 0.02772328
4557.658073 1.05319197 0.02573394
4557.696080 1.01277127 0.02859868
4557.734087 1.02748943 0.02581875
4557.772095 1.02787127 0.02550049
4557.810103 1.00704483 0.02652843
4557.848111 1.01785689 0.02532955
4557.886120 1.00214810 0.02638265
4557.924128 0.97623524 0.02380728
4557.962138 1.00560306 0.02502103
4558.000147 0.99108051 0.02626427
4558.038157 0.96955903 0.02768313
4558.076167 0.98504608 0.03020046
4558.114177 1.01297425 0.02844039
4558.152188 1.00486336 0.02598532
4558.190199 0.97387686 0.02848943
4558.228211 1.02342526 0.02644739
4558.266222 0.98403311 0.02495931
4558.304234 1.01012261 0.02524596
4558.342247 1.00080063 0.02845549
4558.380259 0.98207430 0.02688633
4558.418272 1.00205998 0.03003867
4558.456285 1.01969314 0.02551830
4558.494299 0.94686304 0.02366839
4558.532313 0.97495939 0.02628009
4558.570327 1.02670788 0.02556426
4558.608342 0.96534398 0.02480609
4558.646357 0.95842671 0.02650938
4558.684372 0.99348626 0.02553486
4558.722387 0.95909352 0.02602323
4558.760403 1.03234781 0.02697347
4558.798419 1.01107128 0.02447429
4558.836436 1.02003726 0.02785766
4558.874452 0.97744660 0.02553629
4558.912470 1.03013589 0.02495676
4558.950487 1.04202186 0.02449888
4558.988505 1.00889359 0.02872387
4559.026523 1.04412682 0.02415973
4559.064541 1.02375263 0.02794451
4559.102560 0.97778544 0.02915338
4559.140579 0.97129730 0.02959140
4559.178598 1.00872124 0.02980698
4559.216618 0.97384792 0.02822713
4559.254637 1.04492594 0.02536015
4559.292658 1.00143886 0.02701898
4559.330678 1.00426694 0.02886155
4559.368699 1.03378807 0.02786747
4559.406720 1.03598029 0.02703245
4559.444742 1.02431880 0.02609419
4559.482764 1.03398510 0.02747447
4559.520786 0.96582627 0.02744517
4559.558808 0.97627739 0.02823459
4559.596831 1.00390441 0.02375089
4559.634854 1.02811236 0.02327838
4559.672878 0.97540403 0.02816825
4559.710901 0.98656311 0.02593254
4559.748925 1.01819843 0.02524294
4559.786950 0.97374409 0.02755779
4559.824975 0.91536092 0.02915580
4559.863000 1.01783559 0.02936679
4559.901025 1.04713064 0.02700390
4559.939050 1.04024963 0.02493873
4559.977076 1.02350287 0.02521908
4560.015103 0.99159195 0.02404557
4560.053129 1.01262622 0.02868111
4560.091156 0.99704097 0.02535142
4560.129183 0.98350089 0.02812748
4560.167211 0.97695647 0.02920061
4560.205239 1.04093877 0.02948400
4560.243267 1.05270412 0.02627329
4560.281296 1.00876081 0.02897219
4560.319324 1.03288507 0.02859135
4560.357353 1.03127683 0.02537013
4560.395383 1.03083830 0.02680290
4560.433413 1.02425536 0.02372378
4560.471443 1.00729800 0.02805522
4560.509473 1.00809276 0.02649498
4560.547504 0.98581857 0.02953650
4560.585535 0.98236630 0.02733906
4560.623566 0.99374901 0.02743952
4560.661598 0.99315593 0.02569213
4560.699630 1.02399749 0.02564520
4560.737662 1.05831224 0.02630122
4560.775695 0.99384815 0.02266884
4560.813728 1.07275652 0.02559732
4560.851761 1.00528758 0.02507929
4560.889795 0.95833984 0.02627878
4560.927828 0.97579858 0.02697341
4560.965863 0.99167690 0.02818149
4561.003897 1.04791597 0.02633580
4561.041932 1.05141907 0.02729002
4561.079967 1.00975546 0.03030311
4561.118003 0.97519239 0.02596112
4561.156038 0.97279622 0.02566089
4561.194075 0.96508037 0.02607561
4561.232111 1.01406687 0.02955100
4561.270148 1.02899097 0.02834238
4561.308185 1.01165937 0.02608387
4561.346222 0.95738165 0.02471094
4561.384260 0.95564349 0.02665602
4561.422298 1.02172870 0.02597739
4561.460336 0.99750844 0.02504788
4561.498375 1.02658500 0.02823294
4561.536414 1.06136008 0.02315392
4561.574453 0.97845288 0.02775402
4561.612493 0.98375094 0.02752320
4561.650533 1.02874014 0.02359516
4561.688573 1.00251023 0.02690595
4561.726613 1.00019820 0.02775163
4561.764654 0.98926624 0.02674699
4561.802695 1.01987755 0.02697497
4561.840737 1.02452618 0.02582385
4561.878779 1.02622159 0.02557393
4561.916821 0.98204502 0.02467230
4561.954863 0.98236957 0.02640023
4561.992906 0.97157097 0.03055014
4562.030949 1.00775911 0.02550998
4562.068993 1.07828502 0.02920553
4562.107036 1.03790902 0.02564803
4562.145080 1.04360101 0.02635865
4562.183125 1.05376374 0.02483147
4562.221169 1.00598774 0.02730177
4562.259214 1.01078152 0.02367452
4562.297260 1.01690719 0.02845536
4562.335305 1.01508178 0.02834305
4562.373351 1.00195392 0.02495532
4562.411397 0.99365824 0.02573479
4562.449444 0.99287823 0.02210567
4562.487491 0.97602347 0.02927902
4562.525538 1.02052952 0.02652881
4562.563586 0.98901101 0.02980090
4562.601633 1.01844644 0.02863895
4562.639682 1.03004628 0.02556269
4562.677730 1.01135996 0.02587437
4562.715779 1.08492060 0.03358751
4562.753828 1.01236698 0.02158667
4562.791877 1.03144402 0.02402105
4562.829927 1.00831686 0.02884848
4562.867977 1.06448230 0.02671568
4562.906028 1.02562441 0.02551615
4562.944078 1.03379232 0.02282860
4562.982129 1.04409744 0.02669693
4563.020181 0.97821380 0.02808390
4563.058232 0.98521324 0.02964825
4563.096284 0.97282395 0.02588867
4563.134337 0.96406509 0.02588078
4563.172389 1.00462841 0.02799649
4563.210442 0.99521698 0.02600265
4563.248495 0.99787714 0.02608407
4563.286549 0.97378770 0.02954590
4563.324603 1.00772276 0.02957011
4563.362657 0.97345040 0.02660105
4563.400711 0.96786075 0.02446905
4563.438766 0.99146354 0.02432371
4563.476821 1.01156364 0.02739667
4563.514877 0.98756227 0.02449226
4563.552933 1.01624359 0.02659053
4563.590989 1.04692401 0.02697467
4563.629045 1.04078228 0.02515193
4563.667102 1.00820859 0.02601573
4563.705159 0.96295111 0.02559506
4563.743216 0.99451788 0.02603938
4563.781274 1.00973743 0.02642053
4563.819332 0.96696396 0.02640625
4563.857390 0.97676178 0.02317448
4563.895449 0.98683547 0.02712501
4563.933508 1.01561911 0.02652069
4563.971567 0.96817409 0.02749175
4564.009627 0.99732444 0.02756773
4564.047687 1.02220083 0.02819906
4564.085747 1.03118879 0.03057514
4564.123807 1.05695642 0.02663183
4564.161868 1.04999742 0.02661459
4564.199929 1.03712505 0.02649523
4564.237991 1.02401295 0.02628934
4564.276053 1.03410460 0.02576619
4564.314115 0.98977926 0.03087895
4564.352177 0.96575108 0.02664232
4564.390240 1.00498151 0.02650454
4564.428303 0.98860633 0.02613133
4564.466367 0.99604770 0.02589922
4564.504430 1.00272970 0.02818358
4564.542494 1.02010229 0.02807662
4564.580559 1.00486447 0.02575899
4564.618623 1.03518170 0.02492163
4564.656688 1.00835106 0.02904892
4564.694754 0.99790701 0.02684307
4564.732819 1.07126956 0.02737378
4564.770885 0.98219971 0.02814233
4564.808951 0.95845593 0.02535862
4564.847018 0.98663727 0.02332506
4564.885085 1.02813151 0.02557794
4564.923152 1.04177262 0.02691475
4564.961220 1.01400987 0.02534626
4564.999287 0.98965314 0.03137377
4565.037356 0.99687719 0.02566829
4565.075424 0.99400036 0.02801525
4565.113493 1.01000838 0.03027217
4565.151562 1.01290411 0.02724174
4565.189631 1.02540362 0.02753190
4565.227701 0.99118607 0.02611494
4565.265771 1.02011954 0.02829423
4565.303841 1.01400139 0.02962002
4565.341912 1.02656812 0.02663810
4565.379983 0.99963333 0.02699136
4565.418055 0.96490905 0.02428659
4565.456126 0.98063483 0.02829654
4565.494198 0.99483733 0.02412298
4565.532270 1.02796492 0.03033104
4565.570343 1.00478931 0.02507886
4565.608416 1.01282873 0.02744881
4565.646489 0.97012890 0.02836971
4565.684563 0.96555891 0.03016822
4565.722637 0.98531412 0.02935108
4565.760711 1.00408972 0.02811245
4565.798785 1.01235692 0.03035356
4565.836860 1.02995011 0.02771561
4565.874935 1.00450619 0.02724992
4565.913011 1.03537051 0.02447718
4565.951086 1.02139403 0.02758625
4565.989163 0.99867325 0.02836568
4566.027239 1.00437768 0.02611221
4566.065316 1.00297170 0.02761310
4566.103393 1.00281237 0.02333408
4566.141470 1.00201684 0.02669871
4566.179548 0.97210123 0.02457340
4566.217626 0.97649986 0.02569088
4566.255704 0.96427293 0.02668260
4566.293783 1.02969092 0.02831460
4566.331862 0.97907085 0.02829715
4566.369941 0.99366012 0.02586509
4566.408021 0.94858924 0.02417012
4566.446100 0.93136039 0.02913784
4566.484181 0.98201682 0.02468161
4566.522261 0.96817721 0.02679843
4566.560342 0.98785107 0.02624927
4566.598423 0.95895752 0.02423059
4566.636505 0.92366654 0.02469141
4566.674587 0.94598942 0.02537556
4566.712669 0.93363306 0.02809214
4566.750751 0.94198981 0.02727898
4566.788834 0.93427440 0.02477869
4566.826917 0.96385147 0.02517722
4566.865000 0.94596712 0.02735657
4566.903084 0.87374107 0.02419508
4566.941168 0.92445912 0.02898535
4566.979252 0.92836439 0.02752436
4567.017337 0.94901408 0.02921289
4567.055422 0.94861404 0.02600593
4567.093507 0.90597640 0.02760709
4567.131593 0.89692486 0.02647535
4567.169679 0.94812147 0.02633409
4567.207765 0.92143619 0.02850760
4567.245852 0.92649843 0.02841576
4567.283939 0.89410564 0.02670714
4567.322026 0.87266461 0.02898116
4567.360113 0.93310453 0.02425529
4567.398201 0.92130541 0.02531834
4567.436289 0.94514477 0.02680069
4567.474378 0.91113626 0.03004282
4567.512467 0.89840433 0.03028824
4567.550556 0.89999440 0.02341056
4567.588645 0.90453930 0.02634170
4567.626735 0.92520468 0.02637484
4567.664825 0.91627823 0.02836317
4567.702915 0.87081419 0.02708231
4567.741006 0.92635480 0.02849219
4567.779097 0.92946455 0.02670728
4567.817188 0.88772660 0.02721123
4567.855280 0.91565717 0.02724457
4567.893372 0.91354571 0.02602336
4567.931464 0.98186686 0.02803547
4567.969557 0.97487860 0.02754088
4568.007650 0.94261705 0.02596455
4568.045743 0.94964879 0.02572779
4568.083837 0.92634416 0.02591547
4568.121931 0.93965324 0.02646430
4568.160025 0.93408295 0.02642887
4568.198119 0.96612221 0.03086832
4568.236214 0.94553949 0.02959004
4568.274309 0.90219750 0.02761151
4568.312405 0.93474966 0.02684191
4568.350501 0.93112552 0.02790845
4568.388597 0.97040439 0.02410868
4568.426693 0.92843988 0.02907067
4568.464790 0.88168405 0.02214363
4568.502887 0.89805532 0.02716530
4568.540984 0.92044331 0.02462685
4568.579082 0.89652873 0.02394510
4568.617180 0.90611629 0.02582197
4568.655278 0.91580305 0.02534018
4568.693377 0.91203776 0.02556717
4568.731476 0.93484261 0.03034383
4568.769575 0.91422350 0.03019876
4568.807675 0.94271001 0.02812568
4568.845775 0.94786097 0.02930038
4568.883875 0.96663407 0.02563099
4568.921975 0.98512104 0.02857165
4568.960076 0.96469932 0.02869513
4568.998177 0.97376396 0.02529629
4569.036279 0.94509166 0.02632519
4569.074381 0.97849146 0.02736608
4569.112483 0.96344281 0.02527299
4569.150585 0.96828969 0.02355281
4569.188688 1.00774064 0.02568986
4569.226791 0.97275501 0.02981397
4569.264895 1.00663944 0.02477566
4569.302998 0.98690710 0.02754889
4569.341102 0.98792051 0.02688319
4569.379207 0.97493435 0.02570661
4569.417311 0.94927438 0.02822925
4569.455416 0.98916997 0.02658502
4569.493522 1.05424113 0.02403938
4569.531627 0.99343864 0.02780502
4569.569733 1.00428808 0.02666593
4569.607840 1.00518625 0.02779128
4569.645946 1.02518826 0.02691060
4569.684053 1.00095601 0.02822281
4569.722160 0.97936115 0.02928922
4569.760268 1.03922857 0.02416179
4569.798376 1.01304201 0.02246149
4569.836484 0.99482499 0.02697587
4569.874592 1.01831711 0.02890941
4569.912701 0.97152515 0.02878039
4569.950810 0.96783788 0.02830359
4569.988920 1.01757476 0.02957197
4570.027030 1.05642334 0.02539001
4570.065140 0.97879563 0.02810349
4570.103250 0.98810320 0.02992980
4570.141361 1.00033123 0.02918366
4570.179472 1.00117102 0.02652245
4570.217583 1.05093417 0.02460190
4570.255695 0.99754878 0.02432219
4570.293807 0.98986464 0.02770420
4570.331919 0.99357960 0.02872155
4570.370032 1.00719142 0.02623078
4570.408145 1.00910503 0.02112111
4570.446258 0.97083867 0.02738104
4570.484372 0.99065792 0.02629711
4570.522485 1.02479075 0.03008947
4570.560600 0.98595389 0.02677420
4570.598714 1.01163339 0.02807373
4570.636829 1.05286323 0.02564962
4570.674944 0.97070352 0.02683348
4570.713060 1.00858781 0.02386178
4570.751175 0.99319703 0.02524629
4570.789292 1.00914356 0.02859432
4570.827408 1.05634358 0.02488031
4570.865525 1.00195056 0.02875222
4570.903642 0.98156889 0.02860691
4570.941759 1.02790265 0.02798727
4570.979877 0.99838394 0.02547050
4571.017995 0.98810326 0.02487245
4571.056113 1.03156831 0.02955824
4571.094232 1.02474062 0.02807517
4571.132351 1.04330323 0.02517054
4571.170470 1.04492729 0.02434028
4571.208590 0.98592827 0.02482106
4571.246710 1.04070837 0.02771023
4571.284830 1.02122035 0.02822658
4571.322951 0.97642024 0.02708248
4571.361072 0.97964946 0.02910559
4571.399193 1.08609797 0.03053538
4571.437314 1.05101553 0.02436875
4571.475436 1.00191950 0.03057502
4571.513558 1.02648862 0.02171565
4571.551681 0.98505526 0.02844444
4571.589804 1.00491864 0.02722621
4571.627927 1.01781509 0.02832438
4571.666050 0.98428682 0.02771459
4571.704174 0.99376237 0.02394952
4571.742298 1.01569351 0.02666143
4571.780422 0.97902363 0.02451926
4571.818547 0.96388269 0.02788607
4571.856672 1.01617174 0.02495227
4571.894797 0.98079209 0.02414920
4571.932923 1.00013263 0.02532657
4571.971049 1.03965120 0.02665897
4572.009175 0.97380206 0.02208318
4572.047302 0.98691737 0.02557634
4572.085429 1.02338634 0.02779653
4572.123556 1.05128800 0.02473728
4572.161684 1.06053411 0.02579739
4572.199812 0.99642029 0.02943990
4572.237940 0.99189884 0.02745490
4572.276068 0.95934786 0.02571960
4572.314197 1.00217785 0.02623729
4572.352326 1.04457347 0.02673514
4572.390456 1.00548488 0.02768384
4572.428585 1.00022447 0.02544700
4572.466716 0.99042022 0.02919008
4572.504846 0.95921615 0.03105558
4572.542977 1.02895390 0.02577519
4572.581108 1.00966824 0.03040262
4572.619239 0.98640314 0.02574515
4572.657371 0.98760000 0.02475919
4572.695503 0.98617632 0.02365188
4572.733635 1.00176279 0.02765331
4572.771768 0.99304862 0.02773837
4572.809901 1.01014725 0.02701091
4572.848034 0.98813562 0.02596127
4572.886168 0.95149668 0.02543894
4572.924302 0.99764845 0.03004546
4572.962436 0.98366611 0.02843176
4573.000571 0.97643501 0.02934276
4573.038705 0.96162816 0.02674100
4573.076841 0.98625493 0.02768243
4573.114976 1.00788044 0.02753090
4573.153112 1.03265131 0.02636667
4573.191248 0.99327234 0.02555471
4573.229385 1.03493075 0.02869581
4573.267521 0.96002987 0.02531460
4573.305658 0.98493459 0.02545965
4573.343796 1.00117437 0.02615569
4573.381934 0.97121330 0.02710496
4573.420072 0.96066837 0.02782557
4573.458210 0.97479475 0.02902678
4573.496349 0.94852294 0.02659302
4573.534488 0.97536089 0.02653844
4573.572627 1.00450539 0.02808610
4573.610767 1.00340225 0.02862012
4573.648907 0.96084333 0.02812967
4573.687047 0.99224296 0.02350788
4573.725188 0.99417296 0.02559342
4573.763329 0.99368014 0.03038114
4573.801470 0.99124396 0.02961746
4573.839611 0.96164620 0.02674057
4573.877753 0.95037464 0.03072817
4573.915895 0.94508695 0.02708635
4573.954038 0.97667238 0.02681818
4573.992181 0.99261799 0.02584949
4574.030324 0.95693976 0.02615987
4574.068467 0.98227321 0.02839953
4574.106611 0.95840493 0.02638682
4574.144755 0.92587198 0.02428111
4574.182900 0.96640080 0.02746541
4574.221044 0.96511949 0.02421494
4574.259189 0.95731003 0.02666603
4574.297335 0.93261666 0.02672940
4574.335481 0.96231038 0.02482529
4574.373627 0.92998880 0.02614433
4574.411773 1.00082514 0.02997620
4574.449920 0.97931518 0.02696724
4574.488066 0.93282768 0.02868003
4574.526214 0.90073451 0.02750076
4574.564361 0.90954017 0.03006122
4574.602509 0.89042114 0.02766564
4574.640658 0.96227582 0.02690904
4574.678806 0.98434060 0.02521989
4574.716955 0.97189692 0.02871459
4574.755104 0.90913655 0.02918992
4574.793254 0.87627462 0.02996387
4574.831403 0.92864317 0.02683425
4574.869554 0.98035906 0.02648348
4574.907704 0.95285451 0.02393848
4574.945855 0.95139672 0.02857284
4574.984006 1.00270810 0.02489642
4575.022157 0.97311338 0.02946662
4575.060309 0.96006821 0.02548448
4575.098461 0.96175488 0.02844507
4575.136614 0.94033537 0.02762070
4575.174766 0.93631820 0.02518422
4575.212919 0.98810142 0.02708028
4575.251073 0.92242277 0.02960461
4575.289226 0.92378652 0.02767790
4575.327380 0.94573041 0.02661285
4575.365534 0.96907303 0.02753512
4575.403689 0.89918037 0.02730769
4575.441844 0.93047019 0.02615825
4575.479999 0.99612201 0.02847489
4575.518155 1.00624240 0.02777513
4575.556311 0.93996026 0.02653251
4575.594467 0.96962699 0.03367861
4575.632623 0.97535912 0.02545371
4575.670780 0.94410656 0.02409760
4575.708937 0.93221491 0.02681191
4575.747095 0.97207449 0.02403417
4575.785253 1.02046904 0.02466557
4575.823411 0.94111353 0.02711261
4575.861569 0.91407370 0.02595858
4575.899728 0.92359531 0.02879521
4575.937887 0.98890121 0.02454713
4575.976046 0.98437428 0.02745571
4576.014206 0.94663744 0.02647532
4576.052366 0.96062336 0.02476976
4576.090526 0.91907243 0.02534561
4576.128687 1.00670948 0.02413684
4576.166848 0.99464233 0.02445750
4576.205009 0.95932142 0.02812578
4576.243171 0.98230813 0.02773692
4576.281333 0.99778996 0.02664008
4576.319495 1.02786998 0.02828516
4576.357658 1.00008176 0.02673840
4576.395820 1.00527538 0.02721068
4576.433984 1.01876495 0.02525774
4576.472147 0.98670828 0.02663896
4576.510311 1.04612029 0.02303914
4576.548475 1.00085202 0.02590181
4576.586640 1.01128038 0.02572945
4576.624804 0.98013767 0.02528128
4576.662969 0.98801054 0.02853626
4576.701135 1.05379830 0.02581799
4576.739301 1.01679282 0.02423548
4576.777467 0.98724791 0.02556908
4576.815633 1.02563780 0.02331088
4576.853800 1.00907826 0.02618215
4576.891967 1.00170257 0.02666785
4576.930134 1.00925212 0.02649704
4576.968302 0.99343981 0.02820127
4577.006470 1.02126694 0.02649356
4577.044638 0.99355969 0.02664134
4577.082807 1.05977436 0.02820418
4577.120975 0.99725230 0.02612690
4577.159145 0.96998225 0.02438367
4577.197314 1.00568339 0.02684244
4577.235484 1.02363965 0.02735036
4577.273654 0.97763951 0.02420416
4577.311825 0.98534413 0.02647024
4577.349996 0.98210595 0.02553343
4577.388167 0.98712432 0.02328806
4577.426338 1.00121748 0.02532096
4577.464510 0.96370449 0.02167645
4577.502682 1.00011613 0.01968496
4577.540855 0.95510145 0.02341406
4577.579027 0.99398427 0.02194752
4577.617200 1.03421922 0.02387850
4577.655374 1.04473607 0.02377966
4577.693547 1.01713680 0.01951282
4577.731721 0.98394505 0.02407847
4577.769896 0.97440573 0.02217362
4577.808070 0.99200165 0.01587723
4577.846245 1.00564349 0.01842147
4577.884421 1.00675694 0.01664344
4577.922596 1.01242450 0.01770072
4577.960772 0.97562847 0.01822844
4577.998949 1.01924683 0.01551965
4578.037125 1.03788190 0.01734360
4578.075302 0.98575259 0.01611003
4578.113479 1.01770283 0.01611882
4578.151657 1.01750965 0.01732787
4578.189834 0.99544410 0.01676957
4578.228013 1.01261639 0.01595102
4578.266191 0.97543365 0.01677337
4578.304370 0.99077264 0.01928409
4578.342549 0.99307866 0.01653484
4578.380728 1.00364728 0.01785000
4578.418908 0.98478747 0.01621754
4578.457088 1.01630811 0.01822295
4578.495269 0.99388610 0.01712461
4578.533449 0.98948490 0.01542176
4578.571630 0.99134945 0.01544536
4578.609812 1.00563563 0.01805490
4578.647993 1.04217728 0.01618559
4578.686175 1.01681365 0.01653015
4578.724358 1.01867276 0.01403717
4578.762540 0.99784026 0.01694787
4578.800723 0.98261102 0.01795385
4578.838906 1.00355680 0.01816259
4578.877090 0.99800237 0.01741288
4578.915274 1.00832911 0.01656760
4578.953458 1.00048759 0.01667579
4578.991643 1.04046115 0.01570678
4579.029827 1.02133832 0.01762041
4579.068013 0.98383640 0.01546747
4579.106198 1.00179826 0.01762067
4579.144384 1.00084343 0.01590796
4579.182570 0.98295248 0.01204192
4579.220756 0.99362115 0.01260691
4579.258943 0.99168873 0.01232481
4579.297130 1.00410518 0.01165885
4579.335318 0.97723521 0.01349162
4579.373505 0.99656790 0.01246179
4579.411693 1.00660523 0.01247177
4579.449882 0.99657066 0.01207694
4579.488070 0.99557224 0.01252522
4579.526259 1.01130663 0.01031787
4579.564449 1.01285924 0.01158968
4579.602638 1.00626271 0.01121381
4579.640828 1.00188622 0.01035206
4579.679018 1.00259700 0.01238172
4579.717209 0.98354613 0.01236700
4579.755400 1.00113304 0.01263475
4579.793591 1.00849958 0.01057451
4579.831783 1.01120767 0.01193023
4579.869974 1.00866958 0.01190417
4579.908167 1.02617512 0.01249369
4579.946359 1.02751796 0.01178976
4579.984552 1.00450676 0.01140741
